satellite,panorama
satellite_41.877971796211014_-87.68943505304125.png,"L-1poX8YZAmBZVLMqBu-4w,41.877949,-87.689396,.jpg"
satellite_41.88256481054794_-87.68591033790726.png,"fdbS6SU2YFJSxwxwbNI0CQ,41.882558,-87.686052,.jpg"
satellite_41.854022507168466_-87.63171784272214.png,"SQ3Gdt7v6_MNusm1fprEAw,41.854104,-87.631759,.jpg"
satellite_41.855662869431654_-87.67753913946403.png,"nJoTKQzfyzhTG3d5YyoQEA,41.855824,-87.677588,.jpg"
satellite_41.89175083922179_-87.61982192914492.png,"ntApMHtcUzgU657CWLdVGg,41.891817,-87.619643,.jpg"
satellite_41.87370685432673_-87.65771261683533.png,"QGBPTDGQWobzwzwssmF4cA,41.873767,-87.657899,.jpg"
satellite_41.85992781131594_-87.64537611386636.png,"LWXYw9O20ylVOiCm3vj-sw,41.859941,-87.645247,.jpg"
satellite_41.875019144137276_-87.61850016096967.png,"k911i-7Cn3ZRhtXz3lODhA,41.874983,-87.618567,.jpg"
satellite_41.87337878187409_-87.61982192914492.png,"10YVPYMhvCw8iZGWTzzUfQ,41.873245,-87.619691,.jpg"
satellite_41.88682975243223_-87.6674055834538.png,"PC38xxqUzLizzk-eczWHHg,41.886948,-87.667289,.jpg"
satellite_41.86878576753716_-87.6735738349383.png,"6q5GFCi-fyW1CaDR7V07zA,41.868814,-87.673579,.jpg"
satellite_41.86878576753716_-87.62070310792842.png,"hvnjVnlf4nPuJ0ehbMiqMA,41.868755,-87.620517,.jpg"
satellite_41.89043854941124_-87.65815320622708.png,"gq1mgmYKNfpbZ0gD6Su2ig,41.890554,-87.658326,.jpg"
satellite_41.89175083922179_-87.62995548515515.png,"QLyQJa5Pf7cLkLR7XACdyQ,41.891634,-87.630016,.jpg"
satellite_41.89240698412707_-87.67445501372178.png,"mnLttEkYXogIa67pmJ2GAg,41.892326,-87.674334,.jpg"
satellite_41.88256481054794_-87.62907430637165.png,"Whw6KJ3gfK-D1qus8HG6tg,41.882582,-87.629010,.jpg"
satellite_41.85238214490528_-87.66564322588681.png,"WO-vCSC2i5N6h1gAIK6vgQ,41.852320,-87.665552,.jpg"
satellite_41.87141034715826_-87.66167792136108.png,"rW8U8g2FEhUAIW2DvAl3xg,41.871287,-87.661724,.jpg"
satellite_41.87141034715826_-87.6691679410208.png,"3tSO0qITjTHH2uP6qwdgfw,41.871559,-87.669372,.jpg"
satellite_41.88518939016904_-87.63392078968089.png,"VuVSux_LMcEEKJEnVVgs-w,41.885036,-87.633933,.jpg"
satellite_41.866161187916056_-87.65550966987658.png,"vvn0yj4Zvk34VFc9te_Nzw,41.866171,-87.655593,.jpg"
satellite_41.888798187148055_-87.64890082900035.png,"f8PbPpiSSmv0yFIwFh6zCw,41.888788,-87.648703,.jpg"
satellite_41.8769875788531_-87.63392078968089.png,"J2XfWbugmbikOM_0gO8iDw,41.876949,-87.633724,.jpg"
satellite_41.867801550179244_-87.67886090763928.png,"iCofCFolNuks34EQfMyRpg,41.867904,-87.678920,.jpg"
satellite_41.87600336149519_-87.6458167032581.png,"YiMo6iMPoOy7Hln44fG7CQ,41.875993,-87.645655,.jpg"
satellite_41.88584553507432_-87.65462849109309.png,"qQrTKLgvMz_7GF7u-rq1uw,41.885978,-87.654439,.jpg"
satellite_41.856975159242204_-87.68370739094851.png,"R2KaT79gyfAL83pC6IVXLA,41.857139,-87.683699,.jpg"
satellite_41.874362999232_-87.68943505304125.png,"anHBlidKVRyyfNPZX8ld3w,41.874445,-87.689228,.jpg"
satellite_41.89470349129554_-87.65683143805182.png,"oYNuGwgjXhLlcUhPZ0XotQ,41.894778,-87.656686,.jpg"
satellite_41.89306312903235_-87.66520263649507.png,"7J16660r91IvPTf3oEpPFw,41.892932,-87.665105,.jpg"
satellite_41.87370685432673_-87.66167792136108.png,"jgZw9kusFXRduwI_9cW6Uw,41.873554,-87.661872,.jpg"
satellite_41.88978240450597_-87.62951489576339.png,"3jq5wR8bCbu5mfvDoNYIbQ,41.889836,-87.629633,.jpg"
satellite_41.88518939016904_-87.68899446364951.png,"gWc0i_zHBon_VyFzGOQ7Zw,41.885188,-87.689007,.jpg"
satellite_41.85992781131594_-87.61717839279443.png,"aqEd2uHdNRo_deHyrSzWqA,41.859773,-87.617348,.jpg"
satellite_41.87272263696881_-87.61717839279443.png,"EFAM4ce96c0yOHagowyXEg,41.872710,-87.617304,.jpg"
satellite_41.87305070942145_-87.6502225971756.png,"rueSSIODF4ABtXmVkqnh0w,41.873002,-87.650033,.jpg"
satellite_41.87108227470562_-87.6493414183921.png,"pgoOp2SmxwbCh1RYBy7dEQ,41.870947,-87.649199,.jpg"
satellite_41.876331433947826_-87.64097021994887.png,"On3hJihBmnjLBBo4JIwmVA,41.876232,-87.641019,.jpg"
satellite_41.86156817357913_-87.64537611386636.png,"9SQr3trzuQM0fzxlae6xiw,41.861496,-87.645516,.jpg"
satellite_41.8638646807476_-87.68855387425775.png,"APFBvGhl1EdN0Xve63CJ-A,41.863989,-87.688573,.jpg"
satellite_41.89273505657971_-87.63920786238187.png,"UqPWmvByWlhzZdl_WvEwBg,41.892621,-87.639236,.jpg"
satellite_41.87370685432673_-87.66432145771157.png,"QR9_hLpH07-to3QR1ebDsw,41.873749,-87.664184,.jpg"
satellite_41.87403492677936_-87.64978200778384.png,"9xJWiXN0yAKHFSo6dKHZDQ,41.874046,-87.649868,.jpg"
satellite_41.88354902790585_-87.65330672291783.png,"kwSTByZaj0zE-CZUSO6D0w,41.883691,-87.653211,.jpg"
satellite_41.87403492677936_-87.62951489576339.png,"NpewxrF2w4l5F5bxh1RxZg,41.874054,-87.629657,.jpg"
satellite_41.87928408602156_-87.6277525381964.png,"flgfyTwXgGmIjAzafhAUIw,41.879440,-87.627798,.jpg"
satellite_41.854022507168466_-87.68414798034027.png,"xOU9KPkuLa9I75Yy1IafmQ,41.853888,-87.684365,.jpg"
satellite_41.89404734639026_-87.67842031824753.png,"ekl32nggsk84ixTZCsX6dg,41.894076,-87.678496,.jpg"
satellite_41.88518939016904_-87.64361375629936.png,"RDIMYhsQQtl_1OYs-nHAvQ,41.885198,-87.643834,.jpg"
satellite_41.89470349129554_-87.66476204710331.png,"Wf222h6rRrcQkl9NtdWmaA,41.894750,-87.664686,.jpg"
satellite_41.87141034715826_-87.66960853041255.png,"HZ43hP7lmECiEv4NQvD5gg,41.871565,-87.669780,.jpg"
satellite_41.890110476958604_-87.6268713594129.png,"roHSvwS_C6ELuAY_UISnSQ,41.890169,-87.626802,.jpg"
satellite_41.88092444828475_-87.63524255785613.png,"SYQn9sS_S9chzLaAPwtmJQ,41.881010,-87.635314,.jpg"
satellite_41.89043854941124_-87.67445501372178.png,"3nh7rySQC-XxPdrnWBh-Tg,41.890352,-87.674471,.jpg"
satellite_41.877971796211014_-87.61761898218617.png,"9ZP2fAFjVGgDywQZlf6Ejg,41.877836,-87.617586,.jpg"
satellite_41.8595997388633_-87.64669788204161.png,"WzBtR3jZJ5m9rTdCiRyKWQ,41.859475,-87.646712,.jpg"
satellite_41.88978240450597_-87.64449493508286.png,"DZA8sAxpwVMW91q1I4YB0w,41.889701,-87.644371,.jpg"
satellite_41.8543505796211_-87.62026251853666.png,"VoMgWc98GEec45GJGX1h9A,41.854349,-87.620148,.jpg"
satellite_41.87108227470562_-87.6484602396086.png,"dIjOqNFBGpwm4etDc9Gy3w,41.871220,-87.648675,.jpg"
satellite_41.856975159242204_-87.64978200778384.png,"EEeoTQNvkBj2aodkwbccGw,41.857113,-87.649930,.jpg"
satellite_41.89470349129554_-87.61761898218617.png,"Amqtwyi2iWVBc3yzb_OBjA,41.894801,-87.617768,.jpg"
satellite_41.874362999232_-87.67621737128879.png,"cTlmukox8MddPDpv_EAZYw,41.874361,-87.676340,.jpg"
satellite_41.877643723758375_-87.66872735162906.png,"36XZ3nPocOcN63kS6qTbog,41.877569,-87.668840,.jpg"
satellite_41.878627941116285_-87.64625729264985.png,"-qSco8lp3UWMT9PbdBnYOA,41.878527,-87.646184,.jpg"
satellite_41.88518939016904_-87.67225206676305.png,"BoYghWXclwgVDXAsb-O7Hw,41.885168,-87.672314,.jpg"
satellite_41.8943754188429_-87.65727202744358.png,"c9z0iCIwyvM1ZXbhFUg7Ew,41.894488,-87.657455,.jpg"
satellite_41.874362999232_-87.66344027892806.png,"gwFQwngjxrpjYr-CBIPinA,41.874231,-87.663553,.jpg"
satellite_41.88354902790585_-87.61761898218617.png,"oH7F33XuBhVbtRP5zEUh4g,41.883574,-87.617703,.jpg"
satellite_41.8543505796211_-87.65771261683533.png,"O8HPgpqUi61vyxLe7A0UQg,41.854300,-87.657713,.jpg"
satellite_41.88978240450597_-87.68150444398977.png,"HVOb7EefnJyU8OTzimqjsA,41.889649,-87.681456,.jpg"
satellite_41.86944191244243_-87.62026251853666.png,"vwuOPJeIsF1LUx42sTvfyg,41.869426,-87.620326,.jpg"
satellite_41.88387710035849_-87.6458167032581.png,"RVsHtlg3n5sMK-CqSQCCEg,41.884019,-87.645893,.jpg"
satellite_41.85992781131594_-87.65286613352609.png,"A-yu4nFvFOENwiTCpNwLkA,41.859824,-87.652804,.jpg"
satellite_41.88486131771641_-87.65947497440233.png,"Hisq4wfdoLuVaKmH5d5xMA,41.884845,-87.659429,.jpg"
satellite_41.87239456451617_-87.66344027892806.png,"8THW1KNziWvmnpiZuR0mBg,41.872506,-87.663274,.jpg"
satellite_41.86845769508452_-87.68370739094851.png,"pZo4YQCKjZrdlL-Kd5DuTg,41.868351,-87.683651,.jpg"
satellite_41.855990941884286_-87.64669788204161.png,"LY1YGbpA3lsI4GJf9XRekA,41.856084,-87.646619,.jpg"
satellite_41.87829986866365_-87.6268713594129.png,"CBdnFAFU6WsBWFzSNBffZA,41.878231,-87.626975,.jpg"
satellite_41.86255239093704_-87.64008904116537.png,"y6YS-jeRJofnYgB3n3ewVg,41.862441,-87.640222,.jpg"
satellite_41.875347216589915_-87.64890082900035.png,"csD6b2aRlkSZMu8xg9SqEg,41.875306,-87.648822,.jpg"
satellite_41.88158059319003_-87.68546974851552.png,"fbMR0xddgSEzbAM-uZagAw,41.881654,-87.685315,.jpg"
satellite_41.877315651305736_-87.65198495474259.png,"2U7xf32nahM9SKYIWczoBQ,41.877434,-87.651897,.jpg"
satellite_41.86320853584232_-87.64801965021685.png,"od3gjefx3JspuJg4GFfwiw,41.863117,-87.647947,.jpg"
satellite_41.855990941884286_-87.65506908048484.png,"IAtJEvK7FEKfsuSCRqTTpg,41.855940,-87.655264,.jpg"
satellite_41.886501679979595_-87.64978200778384.png,"gKkiQQ9OQcy01YPv7BCV2Q,41.886600,-87.649857,.jpg"
satellite_41.89503156374817_-87.62290605488717.png,"U_1hHPTPsCNLU7Ifbj220g,41.894946,-87.622724,.jpg"
satellite_41.85271021735791_-87.67577678189704.png,"Snv2S30uA9s7QF9PzDMUuw,41.852653,-87.675740,.jpg"
satellite_41.87928408602156_-87.68943505304125.png,"T48udpJacdqBmJBd_efA0A,41.879328,-87.689550,.jpg"
satellite_41.88289288300058_-87.68546974851552.png,"IYh00v9J7nPJrlnknSs9MA,41.883006,-87.685271,.jpg"
satellite_41.857631304147475_-87.64537611386636.png,"rKZPP7oje_WXMdXLiqouIg,41.857587,-87.645579,.jpg"
satellite_41.89043854941124_-87.68018267581452.png,"LD_Z4aI_3Gkm3-XmiqZS_A,41.890357,-87.680219,.jpg"
satellite_41.85467865207374_-87.65506908048484.png,"Ud_b6k5ISl2x1Or0scX-iA,41.854616,-87.655282,.jpg"
satellite_41.88322095545322_-87.62951489576339.png,"v4Xjbbo8sTqQGQ1il-og5g,41.883247,-87.629441,.jpg"
satellite_41.86845769508452_-87.67930149703103.png,"4iODRVh0oBRdoKiL6kq41Q,41.868307,-87.679396,.jpg"
satellite_41.890110476958604_-87.64405434569112.png,"EQPvGoSr3ebZP0058r5c9w,41.890113,-87.644170,.jpg"
satellite_41.87600336149519_-87.63656432603138.png,"9N6UUI7AoFJFzZ2xVMtu8A,41.876088,-87.636411,.jpg"
satellite_41.86484889810551_-87.67137088797955.png,"fUsW1wPjGFi1W-Ia2NZPCQ,41.864824,-87.671333,.jpg"
satellite_41.8595997388633_-87.65947497440233.png,"WgZwmxd3_e2ssl3eVCOVCg,41.859737,-87.659641,.jpg"
satellite_41.856319014336925_-87.62378723367065.png,"fLBsa_kn641nS77zPlDonA,41.856346,-87.623962,.jpg"
satellite_41.854022507168466_-87.62554959123766.png,"QlNIt2j-C6Yfd1HUJTbPaQ,41.854016,-87.625564,.jpg"
satellite_41.857959376600114_-87.63788609420662.png,"3TiUYQfPjI8m2gs5V5mtgQ,41.857944,-87.637764,.jpg"
satellite_41.888798187148055_-87.67137088797955.png,"v3GlnLppINE8hbrTVPFCjQ,41.888810,-87.671335,.jpg"
satellite_41.887813969790145_-87.62819312758815.png,"bB2F_GIUZVNQIRt9xZTNSw,41.887792,-87.628157,.jpg"
satellite_41.874362999232_-87.6691679410208.png,"CJBqXPTcDp62qPofRnmtSg,41.874294,-87.669089,.jpg"
satellite_41.87239456451617_-87.6449355244746.png,"0AmbulE1gFthXHNHB4B41w,41.872284,-87.644792,.jpg"
satellite_41.87108227470562_-87.6493414183921.png,"SGcTAIioVqtOlpqLX9yepQ,41.871029,-87.649209,.jpg"
satellite_41.87337878187409_-87.66388086831981.png,"XcvirFLv5E8AN-8k3-I7yg,41.873345,-87.663696,.jpg"
satellite_41.866161187916056_-87.65683143805182.png,"Ij06MLAkQ_zy_9OrQ-hbXw,41.866123,-87.656738,.jpg"
satellite_41.887813969790145_-87.67930149703103.png,"ZB3Bpde8wZNtKbtxGXKTCQ,41.887896,-87.679286,.jpg"
satellite_41.876331433947826_-87.62158428671191.png,"fz0Hf1JccID_awqi6Bu0cw,41.876245,-87.621572,.jpg"
satellite_41.88518939016904_-87.62643077002116.png,"3r9aR66FDObdbEIyyJlIhg,41.885142,-87.626319,.jpg"
satellite_41.88420517281113_-87.66299968953632.png,"4IFC27Z1j5yUZsAuZ1fVyA,41.884301,-87.662838,.jpg"
satellite_41.875019144137276_-87.63083666393864.png,"mcDwW0WccVGRw50RIKJpDg,41.875036,-87.630698,.jpg"
satellite_41.8595997388633_-87.64449493508286.png,"m4EL9hBtRDuikB_q6S9mhw,41.859672,-87.644300,.jpg"
satellite_41.88125252073739_-87.65198495474259.png,"M7XKWXtrPigc-_1SAW6Sig,41.881107,-87.651983,.jpg"
satellite_41.857959376600114_-87.63524255785613.png,"Pdi5xtrEAOHPQcm7iIa6dw,41.857887,-87.635154,.jpg"
satellite_41.86091202867385_-87.64757906082511.png,"IwKWu46MIcEtmg3b7D3zVQ,41.861012,-87.647534,.jpg"
satellite_41.88158059319003_-87.61894075036142.png,"H5iqOdL-4ST5x4Ojwf5GZg,41.881513,-87.618868,.jpg"
satellite_41.85894359395803_-87.66123733196932.png,"HosX44DfupzyimEZD9UxyQ,41.858799,-87.661444,.jpg"
satellite_41.86714540527397_-87.64229198812411.png,"p3_WJvtp9PdewcixqC493A,41.867248,-87.642346,.jpg"
satellite_41.87108227470562_-87.65815320622708.png,"yVBOqGIg6M4kXvSthYsJNw,41.871190,-87.658354,.jpg"
satellite_41.855662869431654_-87.66167792136108.png,"S8-5uF9cf9BxmzqE1c5PPw,41.855729,-87.661862,.jpg"
satellite_41.855006724526376_-87.65154436535084.png,"zEP8ud2NoQvI2bpFpYqkjw,41.854890,-87.651734,.jpg"
satellite_41.88190866564266_-87.64449493508286.png,"9sbqkTSPSpXtUUsuPC7QHA,41.881823,-87.644411,.jpg"
satellite_41.887813969790145_-87.66167792136108.png,"rO5DM8VZXci92EKTP_DVKw,41.887667,-87.661547,.jpg"
satellite_41.86812962263188_-87.66652440467031.png,"5lCFqtokCh3Rql5Itr-q9Q,41.868292,-87.666394,.jpg"
satellite_41.86484889810551_-87.67665796068053.png,"iGt83abw3_69AJEFSHfWhQ,41.864948,-87.676681,.jpg"
satellite_41.89043854941124_-87.65330672291783.png,"JaxeZFVIEH56L0hNPlWHVQ,41.890440,-87.653459,.jpg"
satellite_41.869113839989794_-87.68546974851552.png,"0Eg0Mb9vXr4GETUsC5imLQ,41.869004,-87.685261,.jpg"
satellite_41.87403492677936_-87.68458856973201.png,"Z5ONVuK1WDk04nykPJQHoA,41.873928,-87.684619,.jpg"
satellite_41.88256481054794_-87.69031623182475.png,"m5NICl8bgv7oFFHZe3L30A,41.882518,-87.690109,.jpg"
satellite_41.89371927393762_-87.6511037759591.png,"H4GMpqXAf13N5bBQ2yRU7A,41.893856,-87.651079,.jpg"
satellite_41.86944191244243_-87.68018267581452.png,"5IQsCNjE9iZpz8ztdLOLkA,41.869387,-87.680371,.jpg"
satellite_41.89470349129554_-87.6277525381964.png,"tvQhLV-kIKn8kDm_alNIhA,41.894864,-87.627842,.jpg"
satellite_41.8717384196109_-87.6458167032581.png,"i2NNW8r5JxjKX3aXQcjcTw,41.871774,-87.645606,.jpg"
satellite_41.855334796979015_-87.62554959123766.png,"kRhlM4T812dsmKPrieRjIw,41.855278,-87.625579,.jpg"
satellite_41.88682975243223_-87.62202487610367.png,"FHwpr_oH7g_K0pIDr47elA,41.886771,-87.622152,.jpg"
satellite_41.89339120148498_-87.65506908048484.png,"KF6u_Ka-OAJkyrpvvZxFMw,41.893474,-87.654947,.jpg"
satellite_41.85861552150539_-87.6907568212165.png,"ZlbTPyGzqDtArr9K7SHC9g,41.858708,-87.690729,.jpg"
satellite_41.85894359395803_-87.62951489576339.png,"SVYLfkZRS_sG6oUhbzr7UA,41.858956,-87.629481,.jpg"
satellite_41.87239456451617_-87.61982192914492.png,"24fkPy74LSoBs7Kn1MdcQA,41.872329,-87.620031,.jpg"
satellite_41.886501679979595_-87.64801965021685.png,"j-NAyT_V_NQnV8qRgp3raw,41.886430,-87.648184,.jpg"
satellite_41.855006724526376_-87.62995548515515.png,"4qE2mMa16vvvVzZfOT3W4Q,41.855007,-87.630096,.jpg"
satellite_41.87206649206354_-87.68679151669076.png,"8f9mXZbZlpIMm1hjF68hfw,41.872026,-87.686760,.jpg"
satellite_41.855662869431654_-87.61938133975318.png,"VCNpmh6IVB-MdwBkeV84iQ,41.855559,-87.619287,.jpg"
satellite_41.87370685432673_-87.65815320622708.png,"EuMV5IVhUZOrlMrM2dcIxw,41.873771,-87.658142,.jpg"
satellite_41.89043854941124_-87.6735738349383.png,"bov33GMV9ufgAZkYBK-bUw,41.890496,-87.673553,.jpg"
satellite_41.88125252073739_-87.61761898218617.png,"ZCcI1yW79wOlJx8EvyRk_g,41.881272,-87.617628,.jpg"
satellite_41.88551746262168_-87.61894075036142.png,"FUKSda6wIZH016hkO-PEnw,41.885645,-87.619099,.jpg"
satellite_41.876659506400465_-87.64141080934061.png,"GSDREhZEY-nvgAdNprcbzA,41.876737,-87.641230,.jpg"
satellite_41.866817332821334_-87.64801965021685.png,"f7lg8oCQ50O2YNbOfawp7w,41.866841,-87.647957,.jpg"
satellite_41.8796121584742_-87.62863371697989.png,"3aKQYH1petUGqBEW7njxMQ,41.879456,-87.628751,.jpg"
satellite_41.887157824884866_-87.68679151669076.png,"WqtvQLFFjlfWH6XfzO-y7Q,41.887241,-87.686574,.jpg"
satellite_41.88354902790585_-87.6484602396086.png,"OQulwKQNU1WcutsDX7lGVQ,41.883700,-87.648595,.jpg"
satellite_41.85927166641066_-87.65947497440233.png,"z-7MA5MhNoRI3CmKT-bIcg,41.859303,-87.659297,.jpg"
satellite_41.88945433205333_-87.688113284866.png,"2NU0f4NldYXeGZahYsko1Q,41.889614,-87.687895,.jpg"
satellite_41.85730323169484_-87.65815320622708.png,"CaDUuiKjLbbjOrOKpVH7tA,41.857368,-87.658256,.jpg"
satellite_41.887485897337505_-87.64449493508286.png,"dcp9IfuhbwhV9rJC82HRUA,41.887423,-87.644510,.jpg"
satellite_41.86812962263188_-87.6277525381964.png,"AI4PDx7VkaeuIynzTXiD6Q,41.868152,-87.627534,.jpg"
satellite_41.8943754188429_-87.67048970919605.png,"6ILAvM9Cqm9VFbrvaFVawA,41.894214,-87.670498,.jpg"
satellite_41.88059637583211_-87.63920786238187.png,"l-F9rolqhl2ElZQkYcYKag,41.880587,-87.639265,.jpg"
satellite_41.89306312903235_-87.67886090763928.png,"bQK8o0wo3Umh0xhUbaLg6w,41.893161,-87.678991,.jpg"
satellite_41.89109469431652_-87.62290605488717.png,"T18BaOOt4_tp6Ve6Qidhcw,41.890953,-87.622971,.jpg"
satellite_41.888470114695416_-87.64273257751586.png,"0eP7s_EytSlACTJguVlvHg,41.888630,-87.642939,.jpg"
satellite_41.88125252073739_-87.64273257751586.png,"VqCtyzdiwalfL1SIhYU7eQ,41.881382,-87.642652,.jpg"
satellite_41.89142276676916_-87.64317316690762.png,"Q7kQDeOycm3pVr4WYMY33g,41.891278,-87.643180,.jpg"
satellite_41.8769875788531_-87.61982192914492.png,"0thknubzOOekcVX5jgqU1w,41.876899,-87.619788,.jpg"
satellite_41.86419275320023_-87.62070310792842.png,"IGh_sc9xBRWVo6lF2rTpZg,41.864164,-87.620714,.jpg"
satellite_41.878956013568924_-87.66520263649507.png,"OxSsF9TZ52zRTWSDYUOJ5g,41.878942,-87.665300,.jpg"
satellite_41.87403492677936_-87.62070310792842.png,"yPV1jn_gDeGz_iB8VG5m-Q,41.874066,-87.620668,.jpg"
satellite_41.880268303379474_-87.65330672291783.png,"zZ1B5RX0384o1SKBNNoKdw,41.880389,-87.653175,.jpg"
satellite_41.8717384196109_-87.68546974851552.png,"hA0vQeH6d7CYA3K2xbgpMw,41.871884,-87.685567,.jpg"
satellite_41.85303828981055_-87.6277525381964.png,"RquiBesD2qFrUqZP06eISQ,41.852964,-87.627631,.jpg"
satellite_41.857631304147475_-87.66872735162906.png,"eONClx8vKy6R5GsWv1pwgQ,41.857751,-87.668558,.jpg"
satellite_41.89043854941124_-87.66476204710331.png,"AyVxr4eO-o-vTO6G1Lsu3Q,41.890469,-87.664779,.jpg"
satellite_41.865505043010785_-87.66652440467031.png,"a7x0lzuNKzMTyJOSSpdmBw,41.865545,-87.666320,.jpg"
satellite_41.87829986866365_-87.62995548515515.png,"nVC_Ck3CmU7EpzNIIKOSCA,41.878254,-87.629958,.jpg"
satellite_41.887813969790145_-87.64317316690762.png,"IrnAnUZGsF7JfRSou-xUcA,41.887801,-87.643331,.jpg"
satellite_41.886501679979595_-87.65815320622708.png,"TVzru9qq0A2FgWpZNRXcnA,41.886661,-87.658167,.jpg"
satellite_41.86419275320023_-87.6268713594129.png,"VjmvuKM4q5DaSK4UCNSQLA,41.864048,-87.626869,.jpg"
satellite_41.87469107168464_-87.62422782306241.png,"SBTEcW99xX7tUDkg8Kw8nA,41.874632,-87.624156,.jpg"
satellite_41.890110476958604_-87.65771261683533.png,"EYRo7u_V_UmE22xNYP1f-w,41.890025,-87.657908,.jpg"
satellite_41.88289288300058_-87.68679151669076.png,"DyzAIDQohvb7Gh3t7zxKyA,41.883001,-87.686572,.jpg"
satellite_41.8595997388633_-87.66388086831981.png,"CPh5SHkLS39ea9QOjFwLxg,41.859663,-87.664061,.jpg"
satellite_41.89404734639026_-87.66167792136108.png,"LWEVpYuKK6fTKBQvE9NE7Q,41.893894,-87.661897,.jpg"
satellite_41.890110476958604_-87.65154436535084.png,"Kb7up-4WXwmEDUo0zXZJ5A,41.890035,-87.651701,.jpg"
satellite_41.86583311546342_-87.65595025926834.png,"h6y9RLHIWtMPE5SrKegyhQ,41.865705,-87.655990,.jpg"
satellite_41.86976998489507_-87.64978200778384.png,"Dy0xbYi_WAWgze0aHw-UAw,41.869904,-87.649723,.jpg"
satellite_41.857959376600114_-87.66344027892806.png,"pVfZB3aQJnMON9WxpCswWQ,41.857863,-87.663309,.jpg"
satellite_41.87403492677936_-87.67401442433004.png,"TjHm8HMZlJlLqNS34lQUdg,41.874049,-87.674022,.jpg"
satellite_41.87009805734771_-87.65330672291783.png,"g5eI9TCxjTUu9sFfxqj3fA,41.870189,-87.653243,.jpg"
satellite_41.88584553507432_-87.67886090763928.png,"gUkRP_sL5VKugZbknPRnDw,41.885835,-87.678977,.jpg"
satellite_41.89404734639026_-87.62246546549541.png,"lNYDJTKWqu2D8WXWRJRyuQ,41.894190,-87.622652,.jpg"
satellite_41.8822367380953_-87.68679151669076.png,"M6XlsWXU_bGgQg4ysaPYWQ,41.882115,-87.686887,.jpg"
satellite_41.86878576753716_-87.6511037759591.png,"UY8SaqYevdx8G_Ix8f7wig,41.868832,-87.650979,.jpg"
satellite_41.89404734639026_-87.68150444398977.png,"ME4pTjEz0f5nLETWTVrkVA,41.894036,-87.681633,.jpg"
satellite_41.88387710035849_-87.68018267581452.png,"RqML2gJyA14JgpJREVMpbg,41.883945,-87.680159,.jpg"
satellite_41.88420517281113_-87.66123733196932.png,"RlS2MEq6HlYeC-aPmKrupg,41.884281,-87.661169,.jpg"
satellite_41.89043854941124_-87.67621737128879.png,"6U_oloH-4B1uEdXKH74zGA,41.890450,-87.676088,.jpg"
satellite_41.88518939016904_-87.64317316690762.png,"Rxgit7RspYxjifuHCzzcoA,41.885202,-87.643338,.jpg"
satellite_41.89142276676916_-87.65771261683533.png,"fG6jA8FWy-Y1BMr1F0kB8w,41.891498,-87.657506,.jpg"
satellite_41.86878576753716_-87.61850016096967.png,"srqGa2ufQcDTNdmYWDhfqQ,41.868872,-87.618341,.jpg"
satellite_41.886173607526956_-87.63480196846439.png,"ZjN8T9OInYtxIXjMgBX0hw,41.886282,-87.634772,.jpg"
satellite_41.88387710035849_-87.67930149703103.png,"-YV7xv-XZnwZhVcipGUzbg,41.883945,-87.679485,.jpg"
satellite_41.8769875788531_-87.6259901806294.png,"srHFOfBKUXX5bVmKk1lTfQ,41.876999,-87.625780,.jpg"
satellite_41.85730323169484_-87.66344027892806.png,"Ks4p5c9TBJHHUKjQobduFw,41.857158,-87.663228,.jpg"
satellite_41.85828744905275_-87.6511037759591.png,"NJSFl9W8NChWTDqB-P1yTg,41.858444,-87.651314,.jpg"
satellite_41.887813969790145_-87.6735738349383.png,"1qpx0QZFndRw5nox9J0C5w,41.887741,-87.673499,.jpg"
satellite_41.88551746262168_-87.65330672291783.png,"bnDwOKlxiCTQhGKdsr-uyg,41.885593,-87.653453,.jpg"
satellite_41.87108227470562_-87.63920786238187.png,"rg2oLvlV307eytiHKHu4Zg,41.871241,-87.639292,.jpg"
satellite_41.85271021735791_-87.64978200778384.png,"JlI720bcnCrwmxHBs6Ffkw,41.852562,-87.649836,.jpg"
satellite_41.89175083922179_-87.6691679410208.png,"IsDbZHpte95TZp2VK97Qcw,41.891657,-87.668982,.jpg"
satellite_41.86419275320023_-87.66123733196932.png,"pdq4-icHgCJPjiJEu1XIIw,41.864264,-87.661078,.jpg"
satellite_41.855990941884286_-87.65991556379407.png,"bp9AlAVKJPJqJ3R7d2CkfQ,41.856107,-87.659875,.jpg"
satellite_41.86976998489507_-87.64890082900035.png,"lAxDytJhMc8rP-Qi-9dmmg,41.869656,-87.648901,.jpg"
satellite_41.876659506400465_-87.65418790170133.png,"cxeP0YVCfBgg0OhE-GVGhw,41.876557,-87.654299,.jpg"
satellite_41.89109469431652_-87.66520263649507.png,"mfAanKUWPlrb9ShkDhNN6Q,41.890972,-87.665186,.jpg"
satellite_41.8943754188429_-87.65374731230959.png,"RcpBPvbLoaeArK2RH2QB8Q,41.894389,-87.653570,.jpg"
satellite_41.89142276676916_-87.6700491198043.png,"UcxKoThHobqRotLVHDk9zg,41.891312,-87.670092,.jpg"
satellite_41.89470349129554_-87.67842031824753.png,"ZThGUXELq-7-2z6kUvFUXA,41.894778,-87.678397,.jpg"
satellite_41.87009805734771_-87.68899446364951.png,"zQjz6jmHK8DqFtKsUlydiA,41.870243,-87.689003,.jpg"
satellite_41.886173607526956_-87.65771261683533.png,"z2cGqVjIUMKQlm8qEXMiZQ,41.886078,-87.657798,.jpg"
satellite_41.88125252073739_-87.65374731230959.png,"oP-KpW1b0UBv1Jhhaij48w,41.881211,-87.653710,.jpg"
satellite_41.88092444828475_-87.62246546549541.png,"aWjmCQ3iQsciWMGjF_onCA,41.880834,-87.622428,.jpg"
satellite_41.85238214490528_-87.66167792136108.png,"KUKDTZkD14cnsNQhx05qYA,41.852396,-87.661607,.jpg"
satellite_41.86484889810551_-87.67709855007229.png,"yV8QDmHVdT5grlngUzTKxQ,41.864942,-87.677157,.jpg"
satellite_41.856975159242204_-87.64405434569112.png,"Z1jykNFGLEayc11QyezLjA,41.856912,-87.644114,.jpg"
satellite_41.8822367380953_-87.66960853041255.png,"V8ISP5sb-X_coFY1N0bcIA,41.882380,-87.669599,.jpg"
satellite_41.876659506400465_-87.62863371697989.png,"4Te9WiyNI3kG0gi00qoEAg,41.876801,-87.628758,.jpg"
satellite_41.86845769508452_-87.68855387425775.png,"5YLKpSmRDv6n4yHS1uLfxQ,41.868466,-87.688492,.jpg"
satellite_41.88453324526377_-87.68767269547426.png,"v1NhMLQ16qEnSbfhjkzLBw,41.884623,-87.687453,.jpg"
satellite_41.88945433205333_-87.6691679410208.png,"bpOfvbRUL8lfCf_xyvnkaw,41.889320,-87.668976,.jpg"
satellite_41.866489260368695_-87.68106385459802.png,"9BTsCZ1YhyYp3I55g13J8A,41.866372,-87.681116,.jpg"
satellite_41.856319014336925_-87.65066318656734.png,"Lkn6OVV2IJX7BWJBaICH8A,41.856422,-87.650727,.jpg"
satellite_41.89404734639026_-87.64141080934061.png,"b5Rp1MEUV7_LQNvja6pSSA,41.893967,-87.641443,.jpg"
satellite_41.889126259600694_-87.62951489576339.png,"U9DlJBBNoyDvwiAGjYoooA,41.889050,-87.629592,.jpg"
satellite_41.876331433947826_-87.66564322588681.png,"U-LxCiJqTWbb4862MJkHMg,41.876313,-87.665532,.jpg"
satellite_41.869113839989794_-87.6259901806294.png,"KpPRv_MA3wDk-mL4CD_RNg,41.869205,-87.625916,.jpg"
satellite_41.855334796979015_-87.67842031824753.png,"DiUzG9ngyk0f1Zikl4I0pQ,41.855370,-87.678543,.jpg"
satellite_41.88092444828475_-87.63832668359838.png,"KE-ABor_2ChArSMNIXQQEg,41.880886,-87.638247,.jpg"
satellite_41.856647086789565_-87.65506908048484.png,"2uPcK37jiUy5HbFEpKcHUg,41.856609,-87.655238,.jpg"
satellite_41.855990941884286_-87.66608381527855.png,"AKjjONy-Qb6NOF1sgo0ycg,41.855975,-87.666062,.jpg"
satellite_41.88158059319003_-87.62070310792842.png,"gIx1TmBOaS4i9whrsYZcGw,41.881619,-87.620646,.jpg"
satellite_41.890110476958604_-87.67445501372178.png,"UQjGIFBCAXCkxNVrlWzZvg,41.890170,-87.674462,.jpg"
satellite_41.854022507168466_-87.6726926561548.png,"QZFGwOmSTofAIkr4TkIrmA,41.854075,-87.672837,.jpg"
satellite_41.86944191244243_-87.6691679410208.png,"QCenfhUnOFux7bSXMHt1tw,41.869364,-87.669001,.jpg"
satellite_41.87337878187409_-87.62158428671191.png,"6VXzd8OihXj2JRCMpMz8zQ,41.873228,-87.621772,.jpg"
satellite_41.88518939016904_-87.67577678189704.png,"chYhLhWwMz7lBtXKVUJrng,41.885045,-87.675734,.jpg"
satellite_41.89207891167443_-87.64890082900035.png,"CO1y_yvgJ8pn4kvQSw9V5g,41.892037,-87.648932,.jpg"
satellite_41.86222431848441_-87.64185139873237.png,"L6ok2sUA1Mj4_1C5YgM7gw,41.862273,-87.642057,.jpg"
satellite_41.857631304147475_-87.67489560311354.png,"UEnN5ZuLy3voiVOd4tGMLg,41.857669,-87.675109,.jpg"
satellite_41.88322095545322_-87.66432145771157.png,"HrU2lukHwxGIrlBa1PhK5g,41.883168,-87.664355,.jpg"
satellite_41.877971796211014_-87.62951489576339.png,"8DYCN1NfBR9QEjcVAOnkfA,41.877873,-87.629296,.jpg"
satellite_41.86124010112649_-87.64449493508286.png,"0-6Fl-AcIMbVoN_wyFc9jw,41.861286,-87.644277,.jpg"
satellite_41.89043854941124_-87.64801965021685.png,"_Y_hhGKd7Jcm2UGJB3LE1Q,41.890601,-87.648195,.jpg"
satellite_41.88256481054794_-87.67665796068053.png,"JMI_aH3eMs8wLJbxW-Z7Tg,41.882711,-87.676650,.jpg"
satellite_41.88158059319003_-87.63524255785613.png,"oCyqC8effSoUipVaJ0nBdA,41.881740,-87.635325,.jpg"
satellite_41.886173607526956_-87.69031623182475.png,"hBu7sx8IeTUiYIyducCEmw,41.886081,-87.690267,.jpg"
satellite_41.87042612980035_-87.63480196846439.png,"MhrzmMSrRXXBIPVrpb_KEw,41.870470,-87.634699,.jpg"
satellite_41.89503156374817_-87.65374731230959.png,"3yvu3JAcpqbsUdqAdGitDw,41.894976,-87.653552,.jpg"
satellite_41.85205407245264_-87.6907568212165.png,"siyc_Exnbu6Xj9GEVwWVeQ,41.852130,-87.690548,.jpg"
satellite_41.85369443471583_-87.67533619250528.png,"QUyzCzfzAS19gaDLxXBmzg,41.853583,-87.675198,.jpg"
satellite_41.87600336149519_-87.62246546549541.png,"rhjOMshqyzuBVBkZoDEZwg,41.875869,-87.622368,.jpg"
satellite_41.866489260368695_-87.62731194880465.png,"BbIbGNegfYTJ_0GYm_ICMQ,41.866377,-87.627496,.jpg"
satellite_41.855006724526376_-87.67313324554654.png,"Q6MhKfXxMhpW5MmIKsnPZw,41.854966,-87.672920,.jpg"
satellite_41.85828744905275_-87.65639084866008.png,"xXUMBQaP9CC1FZzE80HH9w,41.858170,-87.656422,.jpg"
satellite_41.87075420225298_-87.68767269547426.png,"bbFW805lfbeEXfb7OYXzbQ,41.870695,-87.687884,.jpg"
satellite_41.857631304147475_-87.67181147737129.png,"yTj3ru5veO28vus0V9vRxA,41.857739,-87.671731,.jpg"
satellite_41.86025588376858_-87.61805957157792.png,"QYNIVNB-LaJyxNTlc-W5CQ,41.860327,-87.617967,.jpg"
satellite_41.87009805734771_-87.62422782306241.png,"8FkDdDqLJx8cMf9180u6DA,41.870105,-87.624227,.jpg"
satellite_41.86944191244243_-87.68370739094851.png,"znv8PrpNJ7D9fF9EBMd8GQ,41.869391,-87.683641,.jpg"
satellite_41.888798187148055_-87.64097021994887.png,"aufvIR0jX-Bz0nR8biEFVw,41.888643,-87.640810,.jpg"
satellite_41.89109469431652_-87.68458856973201.png,"Jyx1f_vzefh2gj55wl66vw,41.891088,-87.684477,.jpg"
satellite_41.88289288300058_-87.69119741060825.png,"jQ3MKFgpEukFybjaRIGEVw,41.882960,-87.690987,.jpg"
satellite_41.855990941884286_-87.65903438501057.png,"425-7TSEAl10aUdDmdoZDw,41.856119,-87.658971,.jpg"
satellite_41.857959376600114_-87.67974208642278.png,"mS4OK4c0Uh07IhOX92VBPA,41.857968,-87.679674,.jpg"
satellite_41.867473477726605_-87.66872735162906.png,"f0b4me3Bry92YVTTQqZi1w,41.867383,-87.668644,.jpg"
satellite_41.85467865207374_-87.67577678189704.png,"t6FaOlOt473onRoL09Nj3w,41.854634,-87.675935,.jpg"
satellite_41.87469107168464_-87.68238562277327.png,"38C6s--buqHF1_9LN53TIg,41.874794,-87.682562,.jpg"
satellite_41.89142276676916_-87.61761898218617.png,"5FCqECUbeTQ1RIqM3rGxkw,41.891482,-87.617714,.jpg"
satellite_41.85467865207374_-87.65330672291783.png,"SXjWEd5oQjTh5JgkUV0NRA,41.854545,-87.653101,.jpg"
satellite_41.857631304147475_-87.66079674257757.png,"5DZOePnc_zXGJyE6lu2Z8Q,41.857621,-87.660679,.jpg"
satellite_41.856319014336925_-87.62466841245416.png,"rnv020N6rQ42_rnDfdA82w,41.856403,-87.624739,.jpg"
satellite_41.88256481054794_-87.68370739094851.png,"KPutazZaeihaM3QUkCKJow,41.882590,-87.683540,.jpg"
satellite_41.88190866564266_-87.66872735162906.png,"eXmCyRGYhMEo2Am4emU7uw,41.881917,-87.668566,.jpg"
satellite_41.85828744905275_-87.64669788204161.png,"qsD35X277aHDUyyougKpJg,41.858358,-87.646627,.jpg"
satellite_41.876659506400465_-87.67181147737129.png,"PoMfWniA_qaEsk51ZOqPrQ,41.876717,-87.671816,.jpg"
satellite_41.85730323169484_-87.67709855007229.png,"GXCi-3fV5qaptpAQO3uobA,41.857214,-87.677148,.jpg"
satellite_41.87403492677936_-87.688113284866.png,"WyMIjThSJ4m1wOvdOqPnRw,41.873889,-87.687908,.jpg"
satellite_41.88125252073739_-87.67533619250528.png,"DoiooJTNhtUX579eCWLEnw,41.881328,-87.675135,.jpg"
satellite_41.89339120148498_-87.62246546549541.png,"5NoVBIo778sE6ec0WrNwVg,41.893378,-87.622613,.jpg"
satellite_41.89207891167443_-87.65639084866008.png,"_2pgE99EtRV7ksokCX_6GQ,41.892241,-87.656406,.jpg"
satellite_41.865505043010785_-87.61982192914492.png,"R-v0dJWbbiUpVsDojPx4hA,41.865571,-87.619686,.jpg"
satellite_41.86025588376858_-87.64405434569112.png,"IMOC4HhP-m1JUKafD5D7jA,41.860135,-87.644233,.jpg"
satellite_41.85303828981055_-87.68635092729902.png,"Xco3eVFBx37GIbAmHzifag,41.852972,-87.686227,.jpg"
satellite_41.86583311546342_-87.6511037759591.png,"NBmYliYnNF0JTUQSFALOwQ,41.865696,-87.651000,.jpg"
satellite_41.85238214490528_-87.64537611386636.png,"YbekYp1yV5NNByx43Coniw,41.852473,-87.645375,.jpg"
satellite_41.8717384196109_-87.68502915912376.png,"fGjHVixRTQioPhg0BUrGDA,41.871813,-87.684960,.jpg"
satellite_41.877315651305736_-87.62422782306241.png,"cu6IvjEvioDwAX1ljOYMXQ,41.877353,-87.624346,.jpg"
satellite_41.86944191244243_-87.6484602396086.png,"PtH6t73WXv_F3zn2_mkWxQ,41.869385,-87.648320,.jpg"
satellite_41.86452082565287_-87.68370739094851.png,"XIEsED4HJmtUJePyIaYXgQ,41.864438,-87.683518,.jpg"
satellite_41.88682975243223_-87.67930149703103.png,"-zJUHkVRRfdTYWq_hjV1lg,41.886746,-87.679294,.jpg"
satellite_41.87337878187409_-87.61938133975318.png,"6ZdEp5_Wq15ps1lDqWQclA,41.873255,-87.619574,.jpg"
satellite_41.88289288300058_-87.63524255785613.png,"4UZuTTDVCg9Zq_EW6zaJNg,41.883009,-87.635389,.jpg"
satellite_41.8717384196109_-87.67621737128879.png,"ts7YqRZuzg4dIGA-yVu8iw,41.871802,-87.676244,.jpg"
satellite_41.8638646807476_-87.66344027892806.png,"VLwO3439MV1rA7-PYC1eqQ,41.863812,-87.663545,.jpg"
satellite_41.855006724526376_-87.65595025926834.png,"KRbsyNL5wpIHxMQe3GEw0Q,41.854881,-87.655801,.jpg"
satellite_41.86124010112649_-87.68635092729902.png,"I69dJV5MgAYBvOuYyMkogg,41.861192,-87.686276,.jpg"
satellite_41.889126259600694_-87.65242554413435.png,"xXnpw7XyAI8L4v1AtffKew,41.888990,-87.652418,.jpg"
satellite_41.857631304147475_-87.67445501372178.png,"IsZWb81f36fio2U16qSoNw,41.857675,-87.674399,.jpg"
satellite_41.88978240450597_-87.64008904116537.png,"wltuuYDfftn7u0sotwxlgQ,41.889724,-87.639879,.jpg"
satellite_41.875347216589915_-87.62907430637165.png,"ulw1NQGh4afOVGaXOSQCbg,41.875508,-87.629178,.jpg"
satellite_41.89339120148498_-87.64097021994887.png,"GifE_ZRx005xQWe9TRP8Dw,41.893394,-87.641173,.jpg"
satellite_41.88551746262168_-87.63524255785613.png,"mwFCD5bxU__EJ1L02qLM5A,41.885360,-87.635417,.jpg"
satellite_41.89175083922179_-87.61805957157792.png,"CXcsLb4rvN9TiPtgaIuvxw,41.891866,-87.618201,.jpg"
satellite_41.878627941116285_-87.65418790170133.png,"gUW2iocjrIS463MDbuutOw,41.878466,-87.654315,.jpg"
satellite_41.88682975243223_-87.6277525381964.png,"OpLkahYg3SAvMBrBPPyjrA,41.886938,-87.627653,.jpg"
satellite_41.89306312903235_-87.66123733196932.png,"mgKdBzKhVA1Z5sA-Xjf_fw,41.892984,-87.661285,.jpg"
satellite_41.890110476958604_-87.62554959123766.png,"2SnLA4N-cao36QaxQX14hg,41.889954,-87.625345,.jpg"
satellite_41.875347216589915_-87.65154436535084.png,"DDLVxajohgDKKDc3x7jZTA,41.875213,-87.651472,.jpg"
satellite_41.89306312903235_-87.65991556379407.png,"XcpuuR11-GKML1yQP1uL7Q,41.893002,-87.660093,.jpg"
satellite_41.8543505796211_-87.62026251853666.png,"F0jei972wQchCuWAQpRxzw,41.854349,-87.620437,.jpg"
satellite_41.875019144137276_-87.63524255785613.png,"JHcbmBz-giTgNPpO7lMUvQ,41.874945,-87.635238,.jpg"
satellite_41.86058395622122_-87.61805957157792.png,"i9tjgjc4oqLozD7pFAzJhA,41.860432,-87.617849,.jpg"
satellite_41.889126259600694_-87.62643077002116.png,"tle-kRVTwnzEkWQ5t3a_6Q,41.889263,-87.626584,.jpg"
satellite_41.887813969790145_-87.67753913946403.png,"cMBgJFg5n2t3DdceLtkrJg,41.887658,-87.677372,.jpg"
satellite_41.88092444828475_-87.65727202744358.png,"aY44viGzMM14VNyIk5B42A,41.880836,-87.657106,.jpg"
satellite_41.88518939016904_-87.62863371697989.png,"6KXOYR1smoW80pqq92vgvg,41.885110,-87.628745,.jpg"
satellite_41.88125252073739_-87.63700491542313.png,"TD6BSdn0vIXAfkdRnerz1w,41.881358,-87.636999,.jpg"
satellite_41.888470114695416_-87.65242554413435.png,"Xyami9QTe0Zb1p50o52srw,41.888470,-87.652208,.jpg"
satellite_41.88354902790585_-87.6511037759591.png,"P-GQOUTdfhIUfArk7juW0w,41.883670,-87.650920,.jpg"
satellite_41.866817332821334_-87.66564322588681.png,"aKGt6cVQLaG1I6jJrSSbig,41.866788,-87.665591,.jpg"
satellite_41.89470349129554_-87.63480196846439.png,"L4PoCZ25HHVawt0JevHpAA,41.894776,-87.634736,.jpg"
satellite_41.877643723758375_-87.63083666393864.png,"bDhiPbjJ5lmqgQI3BbeEQg,41.877539,-87.630722,.jpg"
satellite_41.8822367380953_-87.61894075036142.png,"VxYpizpuXVGO_ObCxsjayw,41.882179,-87.619067,.jpg"
satellite_41.87829986866365_-87.688113284866.png,"qK2F8OFTpifUgbweyyd9dA,41.878460,-87.688303,.jpg"
satellite_41.89207891167443_-87.65506908048484.png,"HhYkSTK9NKNVyz2BtzU8xQ,41.891979,-87.655152,.jpg"
satellite_41.888470114695416_-87.63392078968089.png,"wM6eCR2JzvXrPDHMgVX97g,41.888383,-87.633992,.jpg"
satellite_41.88256481054794_-87.68106385459802.png,"yxJF2teA84YTRjaHiCQYPA,41.882618,-87.681148,.jpg"
satellite_41.857959376600114_-87.64449493508286.png,"6aFWZw3vO8j_ihLAGjKBpg,41.857929,-87.644584,.jpg"
satellite_41.86320853584232_-87.66696499406206.png,"T3Xw1XN-kTzKZ6s7hJNbUw,41.863080,-87.666854,.jpg"
satellite_41.86976998489507_-87.68238562277327.png,"qgn7-FoSy_tm44_JUHpQ4Q,41.869636,-87.682445,.jpg"
satellite_41.866817332821334_-87.65550966987658.png,"rGesw7phTqOst7Tl6QGeIg,41.866963,-87.655483,.jpg"
satellite_41.87567528904255_-87.63744550481488.png,"XxFpSWpaNXeDVIn8skbHkg,41.875569,-87.637549,.jpg"
satellite_41.876331433947826_-87.67489560311354.png,"m2cuv3dzdakqG2eSQq1JnA,41.876238,-87.674801,.jpg"
satellite_41.87600336149519_-87.64757906082511.png,"kR8wxVhb6BTcoDxBJkzqLw,41.875937,-87.647589,.jpg"
satellite_41.88518939016904_-87.63259902150564.png,"VOTYvuHk--idH-usZA0-mQ,41.885201,-87.632512,.jpg"
satellite_41.88584553507432_-87.64229198812411.png,"bcrds_cnCj4bCMThHZcSTQ,41.885701,-87.642074,.jpg"
satellite_41.85271021735791_-87.64229198812411.png,"O1uTxXmkDhAZnX1WzbPT3Q,41.852733,-87.642414,.jpg"
satellite_41.876331433947826_-87.61850016096967.png,"lEwx-ExIBAI5DF9uK5Ptgg,41.876281,-87.618533,.jpg"
satellite_41.888470114695416_-87.6303960745469.png,"kC-zQrwf2t54b_p4L1B4Zg,41.888624,-87.630600,.jpg"
satellite_41.86058395622122_-87.66123733196932.png,"7W9cm0Zdl5VsYoc14UYvfw,41.860564,-87.661355,.jpg"
satellite_41.877315651305736_-87.61805957157792.png,"Ek5Wm7U2kpsXbn3cfskfIA,41.877216,-87.618229,.jpg"
satellite_41.86288046338968_-87.62334664427891.png,"5KLDuS-YItOvVU7oYrlE8A,41.862730,-87.623245,.jpg"
satellite_41.86255239093704_-87.66696499406206.png,"XGWjadhQndWsxXNQKFRVFQ,41.862427,-87.666805,.jpg"
satellite_41.867801550179244_-87.67930149703103.png,"ij168C1ksUmLurSw3M6mVw,41.867903,-87.679157,.jpg"
satellite_41.88125252073739_-87.67577678189704.png,"rrc_ZArwFSiKIA1FP1isTw,41.881304,-87.675968,.jpg"
satellite_41.88190866564266_-87.62114369732016.png,"oeJRAaqzL152pjdE-A3bJw,41.882051,-87.621183,.jpg"
satellite_41.87075420225298_-87.66299968953632.png,"QK2EkbcM4PpI92OOHbGMdw,41.870599,-87.662981,.jpg"
satellite_41.89470349129554_-87.66344027892806.png,"rjhqCxoo2VM8fD73Hp8R5w,41.894780,-87.663294,.jpg"
satellite_41.87009805734771_-87.62731194880465.png,"aOwmmSYWl6eQsLBHvcUM8g,41.870048,-87.627446,.jpg"
satellite_41.877643723758375_-87.65991556379407.png,"DnyGzT4TB0aV6jKsXWvSHA,41.877721,-87.659901,.jpg"
satellite_41.867801550179244_-87.65771261683533.png,"SRa8cW1rsg8BiQojaqWz9A,41.867824,-87.657645,.jpg"
satellite_41.85238214490528_-87.62378723367065.png,"jXL2bXGHYpzd8Kel7LN12A,41.852309,-87.623771,.jpg"
satellite_41.865176970558146_-87.61938133975318.png,"FAmNxlPwU-bQn5wYQv9GWA,41.865259,-87.619417,.jpg"
satellite_41.86878576753716_-87.63259902150564.png,"Jh0cv1gLc6KWavCz20dPnw,41.868672,-87.632616,.jpg"
satellite_41.86976998489507_-87.67137088797955.png,"ebJOff3RRrTYqe8ToSbxwA,41.869747,-87.671578,.jpg"
satellite_41.86976998489507_-87.63083666393864.png,"V0EFeosajlLUcpcY9oDRng,41.869885,-87.630619,.jpg"
satellite_41.890110476958604_-87.68899446364951.png,"eP1sDXKU2YK3ubNpXFuIHg,41.890021,-87.689135,.jpg"
satellite_41.86976998489507_-87.6511037759591.png,"W15rDQ2jpZHkxEgPh90JZA,41.869887,-87.651094,.jpg"
satellite_41.8822367380953_-87.67225206676305.png,"uWUEPug58qJNb5wCkNA-Tg,41.882347,-87.672454,.jpg"
satellite_41.856647086789565_-87.63568314724787.png,"AY5J__jpOY-6u6IZBHgYpA,41.856691,-87.635896,.jpg"
satellite_41.89240698412707_-87.64185139873237.png,"A6FIVkgJsyp6SJaNFnvRgw,41.892465,-87.641743,.jpg"
satellite_41.87370685432673_-87.6907568212165.png,"Q55JzwGjTLf_9l73YRQZ2g,41.873862,-87.690886,.jpg"
satellite_41.87403492677936_-87.6251090018459.png,"bFLSGCtgwOeuZ7X8q1UGqA,41.874053,-87.625128,.jpg"
satellite_41.875019144137276_-87.61938133975318.png,"6ZpyJsLRHdhLQZ7c1pcJTw,41.874996,-87.619316,.jpg"
satellite_41.88518939016904_-87.64008904116537.png,"ap0gnTtKXZEuw-D6ck28Lg,41.885318,-87.639891,.jpg"
satellite_41.854022507168466_-87.67313324554654.png,"soEIcQ33IH4szWhWda3kug,41.854074,-87.673069,.jpg"
satellite_41.89142276676916_-87.64669788204161.png,"OXTmUHFkkip3EeeOMuzSmQ,41.891555,-87.646902,.jpg"
satellite_41.87305070942145_-87.68546974851552.png,"lMxexxOlk-6ZlxXnrzjQYw,41.873023,-87.685401,.jpg"
satellite_41.87928408602156_-87.63392078968089.png,"CB_Kq8w7Is9uRZxmcLGI1Q,41.879183,-87.633766,.jpg"
satellite_41.89273505657971_-87.67137088797955.png,"puXCty--77LaujfOkwzKYQ,41.892818,-87.671443,.jpg"
satellite_41.878956013568924_-87.65418790170133.png,"glT9jcz-M7PM50m7Dw-UQA,41.879118,-87.654308,.jpg"
satellite_41.89339120148498_-87.62951489576339.png,"5aZuh-8DoH5cWNWRYmVfPQ,41.893499,-87.629729,.jpg"
satellite_41.886501679979595_-87.6872321060825.png,"Q0uiUe_TxxDdNPvy7yUaQw,41.886636,-87.687270,.jpg"
satellite_41.876659506400465_-87.67974208642278.png,"l_TFbjIlbcm4rhB6OuLedQ,41.876647,-87.679524,.jpg"
satellite_41.866489260368695_-87.68326680155677.png,"QfVliJnQeEW-0EGjJNSnJw,41.866581,-87.683208,.jpg"
satellite_41.86288046338968_-87.63920786238187.png,"eTA605ACbgRK3_Quij4NdQ,41.862767,-87.639042,.jpg"
satellite_41.86452082565287_-87.61717839279443.png,"pivziLhcV7LgV3o6BUDwbw,41.864677,-87.617341,.jpg"
satellite_41.85467865207374_-87.63920786238187.png,"gqCgrJJwSaPuLAyX426mSw,41.854597,-87.639115,.jpg"
satellite_41.87370685432673_-87.66167792136108.png,"hXSKIFZrNqMZlub4qB5ieg,41.873768,-87.661808,.jpg"
satellite_41.89207891167443_-87.66211851075282.png,"AzzIW7q6tvVy3iLd5rOQkA,41.891938,-87.662303,.jpg"
satellite_41.88453324526377_-87.67445501372178.png,"-T9riEyglXh10BPjwcSIrg,41.884577,-87.674377,.jpg"
satellite_41.866489260368695_-87.64008904116537.png,"jFq6fNHSAWQckbkyP8_6gw,41.866407,-87.640088,.jpg"
satellite_41.88256481054794_-87.6493414183921.png,"D-19bGByVJxrirUj-i7LnA,41.882702,-87.649487,.jpg"
satellite_41.89470349129554_-87.67401442433004.png,"k42KyapJIrTm6SM74571RQ,41.894599,-87.674182,.jpg"
satellite_41.88125252073739_-87.64052963055713.png,"HHDAIBGQAkd8iXBV4hSLAA,41.881215,-87.640641,.jpg"
satellite_41.85271021735791_-87.63744550481488.png,"NQIFUVKyBXFt8PHjpWJhQg,41.852782,-87.637404,.jpg"
satellite_41.887157824884866_-87.63612373663963.png,"k3VhQnMvxRIid84WJScwAg,41.887282,-87.636291,.jpg"
satellite_41.85861552150539_-87.64890082900035.png,"pBeJnkHkXGJXQmmombpozA,41.858621,-87.648747,.jpg"
satellite_41.855334796979015_-87.67842031824753.png,"wihuRuts3v5jnnlW2IngHQ,41.855272,-87.678378,.jpg"
satellite_41.8822367380953_-87.64273257751586.png,"wSLsY7nwsqk0C1-8UCEf9g,41.882232,-87.642677,.jpg"
satellite_41.86222431848441_-87.6511037759591.png,"5tz6y1ABsgrN-vIsQ0P7Qw,41.862252,-87.650910,.jpg"
satellite_41.88158059319003_-87.68458856973201.png,"imaj7Z14-t3vYOUaP8g7bQ,41.881665,-87.684610,.jpg"
satellite_41.86156817357913_-87.66520263649507.png,"ngWGjANKZVB9n1__hzEeOQ,41.861486,-87.665407,.jpg"
satellite_41.8769875788531_-87.66432145771157.png,"5dabLZbC0oWFpslgDFjaag,41.876953,-87.664514,.jpg"
satellite_41.85861552150539_-87.65639084866008.png,"IWSJx7PHQVrli4-0vacwYQ,41.858523,-87.656433,.jpg"
satellite_41.88420517281113_-87.61761898218617.png,"9QbqaaYAWG_KmUnM1Ex1dw,41.884368,-87.617724,.jpg"
satellite_41.866489260368695_-87.65727202744358.png,"w1n2crMhjsmVhoLKuX5gQA,41.866490,-87.657365,.jpg"
satellite_41.85369443471583_-87.65595025926834.png,"rtCidjrd8KDHmIll99_pFQ,41.853690,-87.655734,.jpg"
satellite_41.875019144137276_-87.63083666393864.png,"vXvUbw2_wFUggeTwP-lAaA,41.875139,-87.630702,.jpg"
satellite_41.87928408602156_-87.67665796068053.png,"Jip3LSkh-99ignnv0E21Fw,41.879331,-87.676565,.jpg"
satellite_41.877643723758375_-87.64097021994887.png,"6Yod3lpmXaMIUTtQjNZftQ,41.877646,-87.641059,.jpg"
satellite_41.88978240450597_-87.64890082900035.png,"A-xQHHmxabPifv-k6_S6UA,41.889643,-87.648940,.jpg"
satellite_41.87305070942145_-87.68987564243301.png,"Hh-1dgVSC3zjqE6zELvD_Q,41.872996,-87.690063,.jpg"
satellite_41.8717384196109_-87.6700491198043.png,"itny1fRDrxaHYaGMF3Bp_w,41.871866,-87.669981,.jpg"
satellite_41.86353660829496_-87.6458167032581.png,"kB8fVGWvarPGGDlIaTUMXQ,41.863526,-87.645705,.jpg"
satellite_41.875347216589915_-87.66035615318582.png,"w3bDG9XoTrDogH0HeV2aPQ,41.875451,-87.660385,.jpg"
satellite_41.88551746262168_-87.66432145771157.png,"_wDGmHRmjFWF_SLn9KzMqA,41.885380,-87.664151,.jpg"
satellite_41.89371927393762_-87.68018267581452.png,"evqiA6TdSnRTofs-yS9rQA,41.893587,-87.680186,.jpg"
satellite_41.86484889810551_-87.68150444398977.png,"8UvzJQqdKxE2GyHi_5SWEQ,41.864866,-87.681343,.jpg"
satellite_41.86156817357913_-87.61761898218617.png,"5gC39Jeswb2gNAerBjxO-g,41.861454,-87.617835,.jpg"
satellite_41.87370685432673_-87.67533619250528.png,"mHzTPvcjMZTF5RvWLvViCA,41.873705,-87.675212,.jpg"
satellite_41.87337878187409_-87.62863371697989.png,"XPv5eaJJA8o5z-NK7nOINg,41.873314,-87.628644,.jpg"
satellite_41.8822367380953_-87.63259902150564.png,"a2YK73dzJKb_1MmJ3lveiA,41.882350,-87.632394,.jpg"
satellite_41.87600336149519_-87.67974208642278.png,"ldWtFf2xvHBAWpkaUHomHg,41.875909,-87.679885,.jpg"
satellite_41.887813969790145_-87.6277525381964.png,"odaEpmvWAUgTD7gdApFMIQ,41.887802,-87.627550,.jpg"
satellite_41.85467865207374_-87.65815320622708.png,"ofCaoWEGIgreNe6glKIYPg,41.854743,-87.658168,.jpg"
satellite_41.88453324526377_-87.62070310792842.png,"j4q5u55PcpLSSCNNyh6bxg,41.884594,-87.620566,.jpg"
satellite_41.8943754188429_-87.67797972885577.png,"6VXDi-rUgVh-JD-go5fwgA,41.894451,-87.678025,.jpg"
satellite_41.88551746262168_-87.61850016096967.png,"x1DLupUL3CjmGWXv3zXD4w,41.885518,-87.618644,.jpg"
satellite_41.88256481054794_-87.61717839279443.png,"XwHd2TNpd6IpDoGylsOedA,41.882499,-87.617352,.jpg"
satellite_41.85271021735791_-87.67225206676305.png,"Z38jIYibmOcwuDWGFmMdww,41.852695,-87.672311,.jpg"
satellite_41.89470349129554_-87.66299968953632.png,"YOzQgpwusKfWZINIbgGVLQ,41.894778,-87.663053,.jpg"
satellite_41.878627941116285_-87.68502915912376.png,"RodVdZCCDpaqrc9NZUOPNQ,41.878633,-87.685089,.jpg"
satellite_41.867801550179244_-87.64008904116537.png,"-dl1HGqxw3BNbHwbs_Jm0g,41.867690,-87.640172,.jpg"
satellite_41.88354902790585_-87.67842031824753.png,"3o3ZCpdrVLzxneuQrp6LCg,41.883705,-87.678534,.jpg"
satellite_41.865176970558146_-87.6511037759591.png,"eoc5hMkSGKJtqdFUhBgU8w,41.865294,-87.650980,.jpg"
satellite_41.85369443471583_-87.64097021994887.png,"tIquISSJOiYz_6X45taWFA,41.853803,-87.641003,.jpg"
satellite_41.87009805734771_-87.66960853041255.png,"bwierzZMyOZNdcaN7aqsDw,41.869938,-87.669410,.jpg"
satellite_41.875019144137276_-87.68591033790726.png,"x7z9pJ1eMiFWXvfS3N64fg,41.875006,-87.685743,.jpg"
satellite_41.87994023092684_-87.68458856973201.png,"aUEE0arIE8eiqdz_NOOrrQ,41.879899,-87.684466,.jpg"
satellite_41.867473477726605_-87.63392078968089.png,"81ejduYcoDpaHrWCRBLJqg,41.867335,-87.633969,.jpg"
satellite_41.89076662186388_-87.64713847143335.png,"V6JPQ-o2TyMXy2TGNR3T6w,41.890923,-87.647227,.jpg"
satellite_41.887485897337505_-87.66299968953632.png,"zRBb-o7iEIhcJXlYBKcPwA,41.887446,-87.662960,.jpg"
satellite_41.89273505657971_-87.65330672291783.png,"PzvBVMJnwdPEKRbENtMUpQ,41.892836,-87.653426,.jpg"
satellite_41.8943754188429_-87.65418790170133.png,"4C7OMh6ZVx2lQcnM7GHNBg,41.894381,-87.654401,.jpg"
satellite_41.855990941884286_-87.66432145771157.png,"C6ZqNxGAPpFHoap_rPnbrA,41.856015,-87.664106,.jpg"
satellite_41.87305070942145_-87.63568314724787.png,"UvJ56DIFiJBdat75DY4JIg,41.873147,-87.635890,.jpg"
satellite_41.887485897337505_-87.6484602396086.png,"_K2SWKgP_Mk3OLD7TMSDdg,41.887381,-87.648626,.jpg"
satellite_41.855334796979015_-87.63436137907263.png,"dOJrUe5GTq7X33riajqjlA,41.855247,-87.634270,.jpg"
satellite_41.88453324526377_-87.63303961089738.png,"cirkiWXqkjvaqesUowqUPA,41.884446,-87.633220,.jpg"
satellite_41.86091202867385_-87.64978200778384.png,"mZwbdn60tGDUm_BDWFEHSQ,41.861031,-87.649920,.jpg"
satellite_41.887157824884866_-87.65683143805182.png,"Px-JU00TduXz-1TKsjcVzA,41.887264,-87.656827,.jpg"
satellite_41.88453324526377_-87.64185139873237.png,"yRBXMadX68zO8LVSbR9Cew,41.884444,-87.641959,.jpg"
satellite_41.89109469431652_-87.64890082900035.png,"EDoftvlES6Po7PsXAZot7w,41.891156,-87.648701,.jpg"
satellite_41.88354902790585_-87.61850016096967.png,"85Ot9-xOudCu9bl8gMQvWw,41.883627,-87.618677,.jpg"
satellite_41.874362999232_-87.64141080934061.png,"FUlWXP2Fx1fk5ZcqlrprPw,41.874415,-87.641604,.jpg"
satellite_41.87141034715826_-87.67445501372178.png,"cM6BNMvVrWRaeNvK-BFk3w,41.871524,-87.674559,.jpg"
satellite_41.88551746262168_-87.63700491542313.png,"EETjSsWTo-HL0WpgOmFIbQ,41.885404,-87.636980,.jpg"
satellite_41.8717384196109_-87.6700491198043.png,"Jk5EfiOc0c9IbLkZi-fnZQ,41.871826,-87.669957,.jpg"
satellite_41.877643723758375_-87.66872735162906.png,"zkSBnVSbSCu0UXXVvf6Cdg,41.877509,-87.668706,.jpg"
satellite_41.87075420225298_-87.67621737128879.png,"4RTog0Po6ek__VMgcxnxrw,41.870789,-87.676430,.jpg"
satellite_41.87272263696881_-87.6303960745469.png,"z0czEjs1iQ9gB-L_gJv43A,41.872572,-87.630616,.jpg"
satellite_41.8595997388633_-87.67225206676305.png,"KtqpCv_7n2FlJVjIJ0Srjg,41.859538,-87.672416,.jpg"
satellite_41.866817332821334_-87.67753913946403.png,"4n9gOuU_eTw0UG3LTjXD2g,41.866700,-87.677570,.jpg"
satellite_41.88256481054794_-87.63436137907263.png,"siuffnFCauri5fVADU7CmQ,41.882561,-87.634447,.jpg"
satellite_41.866817332821334_-87.65550966987658.png,"1XTCKjLavJZPMPHkOPsZ7g,41.866965,-87.655362,.jpg"
satellite_41.85992781131594_-87.68635092729902.png,"b6UyS_6r1icTeefar6BLSw,41.859859,-87.686457,.jpg"
satellite_41.889126259600694_-87.68767269547426.png,"rjspCyhDuVCfx-svXOUbOA,41.889110,-87.687797,.jpg"
satellite_41.87305070942145_-87.62643077002116.png,"fe_qXYKczuPTwlh-IMaNUQ,41.873125,-87.626540,.jpg"
satellite_41.878956013568924_-87.68282621216503.png,"ahQ1iYt21tpubkuFAvNvWw,41.879098,-87.682816,.jpg"
satellite_41.866489260368695_-87.66388086831981.png,"9_h5qd6RdDZ4NOKIEf4yww,41.866484,-87.663810,.jpg"
satellite_41.87075420225298_-87.66344027892806.png,"TEciAlomsqk8GLiZcPSa9g,41.870730,-87.663516,.jpg"
satellite_41.85730323169484_-87.64273257751586.png,"Q5yA2qlEPp_-r4EZCySmSQ,41.857225,-87.642542,.jpg"
satellite_41.87567528904255_-87.68150444398977.png,"nVJ16KNqt-UQF2oGHZR3RQ,41.875514,-87.681412,.jpg"
satellite_41.89043854941124_-87.67709855007229.png,"-4IXa0B85AfvcsX3y34Sng,41.890423,-87.676976,.jpg"
satellite_41.87928408602156_-87.66872735162906.png,"wLj31yDCSUE6rfWA_0FNrQ,41.879258,-87.668605,.jpg"
satellite_41.88092444828475_-87.65154436535084.png,"PAIjpTEIXYUCodGlbNUh6Q,41.880880,-87.651625,.jpg"
satellite_41.87075420225298_-87.65815320622708.png,"ShWBpre4Z3VpravfbziSSg,41.870735,-87.658348,.jpg"
satellite_41.86583311546342_-87.67533619250528.png,"geQ1ZoxAeh9vgIiwyo8p-Q,41.865861,-87.675444,.jpg"
satellite_41.89339120148498_-87.61805957157792.png,"r5xn_Qh2GT1UKl4z5dcUHQ,41.893407,-87.618271,.jpg"
satellite_41.874362999232_-87.63171784272214.png,"Qqub3zLC_nd3aQsGONeulQ,41.874419,-87.631654,.jpg"
satellite_41.87009805734771_-87.68194503338152.png,"cKxsUw-WaO7sgOJ7HJZBow,41.870092,-87.681841,.jpg"
satellite_41.85992781131594_-87.65154436535084.png,"4f8UpqUWtFWGtGaQmneYig,41.859833,-87.651723,.jpg"
satellite_41.89043854941124_-87.68502915912376.png,"Dmuci0UiXxbmz8rqQGVJZA,41.890280,-87.685187,.jpg"
satellite_41.89273505657971_-87.63259902150564.png,"HdMJOzrlcmMtxoSi_8_hsA,41.892753,-87.632508,.jpg"
satellite_41.86845769508452_-87.67313324554654.png,"SlalaucnI0-T_vszPjSh7g,41.868471,-87.673351,.jpg"
satellite_41.866489260368695_-87.64361375629936.png,"CmAn0kiV23m7k7KSpI61_Q,41.866643,-87.643748,.jpg"
satellite_41.867473477726605_-87.62643077002116.png,"GE35Jl_zNj9WjTXw4HRbjQ,41.867373,-87.626366,.jpg"
satellite_41.85828744905275_-87.66784617284556.png,"tJOYI6u_22_hT67_odugMQ,41.858232,-87.667800,.jpg"
satellite_41.886173607526956_-87.65771261683533.png,"_0SQr4JtQx7OYF52cutcQg,41.886083,-87.657543,.jpg"
satellite_41.857631304147475_-87.63436137907263.png,"7LGhV02jdgG9FqLMBN95oA,41.857744,-87.634379,.jpg"
satellite_41.887485897337505_-87.68106385459802.png,"p3iHtDlwT2jnNpr_ID3LJw,41.887606,-87.680914,.jpg"
satellite_41.87829986866365_-87.61938133975318.png,"XoCCDEL_g-TszJbcMhNwAg,41.878312,-87.619231,.jpg"
satellite_41.856975159242204_-87.66652440467031.png,"7y4RVwj6C9tvt-sk-6t1tw,41.856876,-87.666741,.jpg"
satellite_41.86714540527397_-87.65683143805182.png,"86pXzWWPEjZJtHIyrsCqng,41.867262,-87.656728,.jpg"
satellite_41.89043854941124_-87.6674055834538.png,"aFnAAk7g5XpthwKjXXUUqA,41.890452,-87.667207,.jpg"
satellite_41.86845769508452_-87.68591033790726.png,"IrVPLxtAfbGch6T_jD2vRA,41.868451,-87.685874,.jpg"
satellite_41.87928408602156_-87.65330672291783.png,"4C9MvNo96ZKOUZxSoxuRkw,41.879136,-87.653117,.jpg"
satellite_41.89306312903235_-87.62995548515515.png,"oGmkEnVeXrsTUHnNa7o0ag,41.893227,-87.630042,.jpg"
satellite_41.87403492677936_-87.6700491198043.png,"R6l9NJwh5ZfohbJEZD-qGg,41.874105,-87.670257,.jpg"
satellite_41.87928408602156_-87.6259901806294.png,"Ahvw2PsBXNZL57mYFr48vw,41.879218,-87.626132,.jpg"
satellite_41.854022507168466_-87.67445501372178.png,"gWC_HU8Re572iQh0_68-uQ,41.854052,-87.674617,.jpg"
satellite_41.88092444828475_-87.6259901806294.png,"s--9Kf-OpWGsGSyP80aEYA,41.880852,-87.626163,.jpg"
satellite_41.88289288300058_-87.66255910014456.png,"Ycxju2qKbTtJ32MmiIPyBw,41.882888,-87.662765,.jpg"
satellite_41.8822367380953_-87.66872735162906.png,"IbUnYJ-U839dtjZ4TVGfxA,41.882366,-87.668612,.jpg"
satellite_41.89404734639026_-87.68767269547426.png,"aNbJI3o6Nu1pQ85azCWQpQ,41.893925,-87.687684,.jpg"
satellite_41.88354902790585_-87.68635092729902.png,"wZtsnInVitWu8-jsj-eL2g,41.883434,-87.686209,.jpg"
satellite_41.8943754188429_-87.68458856973201.png,"bzntIPjBOBlx9-NFxfR9dg,41.894416,-87.684669,.jpg"
satellite_41.88945433205333_-87.66123733196932.png,"PTlJSorSYPtVPVvzPE1y2g,41.889536,-87.661234,.jpg"
satellite_41.89470349129554_-87.66476204710331.png,"nliLxo4feXXxtC9kXz6R9Q,41.894748,-87.664769,.jpg"
satellite_41.856319014336925_-87.63744550481488.png,"_pk_VE9J0p3msnF-nFuCiQ,41.856478,-87.637367,.jpg"
satellite_41.878627941116285_-87.64713847143335.png,"CpqESRmxu6PB4A_oAV3FFA,41.878774,-87.647290,.jpg"
satellite_41.87272263696881_-87.6277525381964.png,"545L6LU0_q6h3DMzZyFBXg,41.872728,-87.627636,.jpg"
satellite_41.87928408602156_-87.6682867622373.png,"ug2h3C0f1wJaggn20JqAdg,41.879446,-87.668380,.jpg"
satellite_41.88978240450597_-87.65550966987658.png,"ds1-XNBhrfvoT2W_geDwkw,41.889896,-87.655719,.jpg"
satellite_41.87206649206354_-87.6511037759591.png,"vRfbijKJWowCU0xk8bCwVQ,41.872023,-87.651139,.jpg"
satellite_41.85271021735791_-87.67313324554654.png,"COUlEfmdzwwhgChaMr4sdQ,41.852682,-87.673159,.jpg"
satellite_41.89240698412707_-87.61761898218617.png,"FgXdYlTTc8WPu1PFFi7t7g,41.892285,-87.617772,.jpg"
satellite_41.886501679979595_-87.66035615318582.png,"Qun1Daw_7AtS7ssaHf8CsQ,41.886632,-87.660516,.jpg"
satellite_41.887485897337505_-87.64890082900035.png,"8GIqesI3QHS9IHfbcIzGaA,41.887583,-87.648761,.jpg"
satellite_41.8943754188429_-87.62819312758815.png,"xdyWQ_Q1IC2GYFHTFqKSSA,41.894429,-87.628112,.jpg"
satellite_41.876659506400465_-87.66432145771157.png,"tRA1JTVMyHUPFQWs8isSww,41.876516,-87.664327,.jpg"
satellite_41.866161187916056_-87.66211851075282.png,"vBgqq0V3Tp88VMnKLWBSVA,41.866079,-87.662105,.jpg"
satellite_41.86452082565287_-87.62863371697989.png,"LqzqRIWo--tETSJGCydM4A,41.864547,-87.628477,.jpg"
satellite_41.878627941116285_-87.68546974851552.png,"9rjrySlNM1POLLBmKgNObg,41.878627,-87.685565,.jpg"
satellite_41.856319014336925_-87.6277525381964.png,"68Pw9ykpEFZkXCMHkN9ipA,41.856431,-87.627564,.jpg"
satellite_41.86091202867385_-87.61805957157792.png,"uDZwDLvVFNTruYXc3dVtIw,41.861018,-87.618102,.jpg"
satellite_41.856647086789565_-87.62070310792842.png,"3Jkx0BvN2qhKz_y55tN9sg,41.856649,-87.620758,.jpg"
satellite_41.8595997388633_-87.64052963055713.png,"F4P9hfCso71juvfqUegnLA,41.859617,-87.640318,.jpg"
satellite_41.89175083922179_-87.62246546549541.png,"ROaoA36GyvvXWs27zuKTKg,41.891759,-87.622530,.jpg"
satellite_41.8769875788531_-87.63524255785613.png,"cctYGwVPNV9NLLKKnXQHpA,41.876953,-87.635232,.jpg"
satellite_41.87337878187409_-87.63348020028914.png,"ZgPC1bJJdpr_sIV7NLqnwQ,41.873312,-87.633627,.jpg"
satellite_41.88420517281113_-87.68018267581452.png,"0YG9wv1mXnpKExNFcpFyvg,41.884299,-87.680216,.jpg"
satellite_41.85894359395803_-87.67313324554654.png,"E1dqWfqz_a_Ba9v99mxXWg,41.859071,-87.673202,.jpg"
satellite_41.888142042242784_-87.62863371697989.png,"PgiqSrVoQhHxVp7HDTuv9Q,41.888156,-87.628725,.jpg"
satellite_41.89076662186388_-87.63612373663963.png,"UeW2SdNgrjEk88QlFNmnSQ,41.890738,-87.636326,.jpg"
satellite_41.85894359395803_-87.62731194880465.png,"gW_ImmyVBtcYLOiua14GOA,41.859032,-87.627364,.jpg"
satellite_41.875019144137276_-87.67181147737129.png,"lVc_bwXM4L0TPbJmqAUz0g,41.875089,-87.672023,.jpg"
satellite_41.890110476958604_-87.6511037759591.png,"xQ8i2RqHUKaLv_CH95btfw,41.889972,-87.651071,.jpg"
satellite_41.89306312903235_-87.65639084866008.png,"yK6Gbc1JsytB1uYBLmLbxA,41.893138,-87.656425,.jpg"
satellite_41.87141034715826_-87.63568314724787.png,"2yY-4_baOl-XU4I3gqOhpQ,41.871307,-87.635539,.jpg"
satellite_41.8543505796211_-87.68326680155677.png,"RcQtQn2kKE-Q-xxLmRmegA,41.854408,-87.683173,.jpg"
satellite_41.87206649206354_-87.61717839279443.png,"1DT23X0FWPIyvhUuMYO6XQ,41.872069,-87.617287,.jpg"
satellite_41.85336636226319_-87.68370739094851.png,"LJ-IgrjnIla6z5KzhC24Lw,41.853466,-87.683776,.jpg"
satellite_41.87075420225298_-87.65418790170133.png,"jKo498J0gQCRx62j27RAEw,41.870684,-87.654177,.jpg"
satellite_41.89207891167443_-87.66255910014456.png,"WtNWWKdG7vB4odLsvn9lTQ,41.892020,-87.662682,.jpg"
satellite_41.85467865207374_-87.68679151669076.png,"cy7mDvs0K0SWX7rmXK-gng,41.854807,-87.686985,.jpg"
satellite_41.86320853584232_-87.66211851075282.png,"u4ofAP3bjtUo9eiy_wWApA,41.863370,-87.661968,.jpg"
satellite_41.887813969790145_-87.66255910014456.png,"xDX0y56FRde2Rdf7n21_1g,41.887705,-87.662524,.jpg"
satellite_41.89371927393762_-87.68635092729902.png,"c3wpXjaf6f7CW0CYp8QzLg,41.893724,-87.686255,.jpg"
satellite_41.856647086789565_-87.64978200778384.png,"SPZ3KdgVWwW5ruD5W_sUUg,41.856809,-87.649934,.jpg"
satellite_41.87239456451617_-87.63920786238187.png,"qbLKAJBd8ZOwsW9UXsNNVg,41.872532,-87.639334,.jpg"
satellite_41.86091202867385_-87.6484602396086.png,"kZA6YBREFxhuPQteAOqvzw,41.860995,-87.648309,.jpg"
satellite_41.87370685432673_-87.62026251853666.png,"WKkDHJPJYQTa6hDU6ALnBg,41.873603,-87.620322,.jpg"
satellite_41.88453324526377_-87.6726926561548.png,"3x3dWlvZa5qbl8PxtKgVog,41.884645,-87.672784,.jpg"
satellite_41.86944191244243_-87.63524255785613.png,"tHIxGk19S-s3n9D2ie38Yw,41.869351,-87.635183,.jpg"
satellite_41.886501679979595_-87.62819312758815.png,"McNPW1v4kMPk7UeXFWj9lw,41.886415,-87.628049,.jpg"
satellite_41.86845769508452_-87.65683143805182.png,"YaYDBAqKex0mWCA5iqf8sA,41.868536,-87.656757,.jpg"
satellite_41.874362999232_-87.65991556379407.png,"pzhm09jAqKoi8QUvBXk5jg,41.874271,-87.660064,.jpg"
satellite_41.856647086789565_-87.65506908048484.png,"kdzfSslLPtDWz6KTnPRItA,41.856611,-87.655008,.jpg"
satellite_41.875019144137276_-87.6907568212165.png,"beBpLKONzZI_CfXoTBe6uQ,41.874926,-87.690856,.jpg"
satellite_41.86419275320023_-87.66167792136108.png,"idtTB2shCiM-WWpTT4512Q,41.864282,-87.661783,.jpg"
satellite_41.877315651305736_-87.64625729264985.png,"Lat1sHi0NMUp623dIkje7g,41.877213,-87.646101,.jpg"
satellite_41.87239456451617_-87.68899446364951.png,"rvmv7b1Zlh2IVHR-27iI8Q,41.872507,-87.688782,.jpg"
satellite_41.89240698412707_-87.62643077002116.png,"Y51hYv72HUgt_EDk-uXD4A,41.892502,-87.626458,.jpg"
satellite_41.887157824884866_-87.67225206676305.png,"M291bsAziT3cXGy7YU8zZA,41.887306,-87.672089,.jpg"
satellite_41.866817332821334_-87.67665796068053.png,"IjfJMhsU6DHLXNIZ6pbC2w,41.866797,-87.676586,.jpg"
satellite_41.8769875788531_-87.63612373663963.png,"BtgVHLNxV0orSINgpbyGBw,41.876827,-87.636235,.jpg"
satellite_41.86484889810551_-87.67709855007229.png,"XCNAxhOHA5dYyqDwyCv-lA,41.864737,-87.676972,.jpg"
satellite_41.856319014336925_-87.68238562277327.png,"P8bhgWxhvXCWiJ5HfhJFEw,41.856251,-87.682227,.jpg"
satellite_41.86156817357913_-87.66696499406206.png,"8r8ANlbM-IYICD-fyKBeJg,41.861463,-87.666787,.jpg"
satellite_41.86353660829496_-87.62422782306241.png,"Y-wcGpYxtCHl7Hn0gbBr6w,41.863490,-87.624093,.jpg"
satellite_41.889126259600694_-87.62334664427891.png,"nV-NnzMp_slvNTvuE1-Bzw,41.889082,-87.623541,.jpg"
satellite_41.888798187148055_-87.67225206676305.png,"awLKgTiNmvS4GVu7mWNWzw,41.888802,-87.672145,.jpg"
satellite_41.89306312903235_-87.65859379561883.png,"CwA83DgSUxFIDu5rwSgFRQ,41.893022,-87.658579,.jpg"
satellite_41.88256481054794_-87.66476204710331.png,"a1Q1iyMo-BNFBuc1QBl2tQ,41.882692,-87.664869,.jpg"
satellite_41.886501679979595_-87.63215843211388.png,"mczTqDxi2Ga6sC_LUvTe9A,41.886509,-87.632341,.jpg"
satellite_41.87206649206354_-87.67401442433004.png,"aZmtd4G97idLbiHHUCATvQ,41.872046,-87.673830,.jpg"
satellite_41.88584553507432_-87.62863371697989.png,"Cc_lX5sRmyfpGGyPW0tIYA,41.885732,-87.628450,.jpg"
satellite_41.866817332821334_-87.65595025926834.png,"bvxBaB44-XZ-AfwI5SsiNA,41.866957,-87.655731,.jpg"
satellite_41.88256481054794_-87.63215843211388.png,"-K_yrI_4mqRmqVd3VCtiEg,41.882561,-87.632021,.jpg"
satellite_41.88289288300058_-87.68987564243301.png,"gfjOCLStts1XEzo_O9P8MA,41.882962,-87.690046,.jpg"
satellite_41.88322095545322_-87.62422782306241.png,"RU2R9V2-LphPX2qNzjbRWw,41.883381,-87.624191,.jpg"
satellite_41.87141034715826_-87.62378723367065.png,"gUXr21LVtdfPDf-0yzhuiQ,41.871384,-87.623718,.jpg"
satellite_41.887813969790145_-87.61938133975318.png,"bBZswNq7hDrzhHAadS0lvA,41.887926,-87.619340,.jpg"
satellite_41.87305070942145_-87.61894075036142.png,"ij0yqCOvcETfKIO3BT3C_Q,41.872910,-87.619154,.jpg"
satellite_41.89371927393762_-87.63568314724787.png,"PL0pG7AAV1NRCvocRf-79g,41.893583,-87.635595,.jpg"
satellite_41.86255239093704_-87.62422782306241.png,"OY7siIAC591jPYZn0QLVvA,41.862716,-87.624111,.jpg"
satellite_41.886501679979595_-87.63612373663963.png,"Fr119RndM_nfEJks2AnDbQ,41.886523,-87.636082,.jpg"
satellite_41.888470114695416_-87.65330672291783.png,"8QffwpfHupMY716aU0m0QQ,41.888421,-87.653402,.jpg"
satellite_41.87829986866365_-87.62466841245416.png,"h2jiU4eXGp7Dkd2pUUEKDQ,41.878287,-87.624554,.jpg"
satellite_41.89240698412707_-87.62246546549541.png,"m8VSwTeubuHcQYVlLELq0g,41.892566,-87.622644,.jpg"
satellite_41.89142276676916_-87.65462849109309.png,"MukS6mDLJeMgVJ6cBrfAKg,41.891274,-87.654600,.jpg"
satellite_41.876659506400465_-87.65727202744358.png,"6qNL-FU2bRDrjrouoURMew,41.876705,-87.657118,.jpg"
satellite_41.8769875788531_-87.63436137907263.png,"KrwekVe5C85erSCKH4DECg,41.876858,-87.634252,.jpg"
satellite_41.88420517281113_-87.65506908048484.png,"B7dMLM7aMh8yr5I7wQFV2Q,41.884365,-87.655005,.jpg"
satellite_41.89371927393762_-87.66211851075282.png,"7VtiucRjRqIA2TPKDtY0cg,41.893877,-87.662268,.jpg"
satellite_41.86976998489507_-87.61717839279443.png,"04P6N1gLdjBKoau0zpreIA,41.869880,-87.617219,.jpg"
satellite_41.89142276676916_-87.68106385459802.png,"VZKJ6BrPpC4DhnjP4NNYcg,41.891483,-87.681151,.jpg"
satellite_41.8943754188429_-87.66872735162906.png,"rkF0S13kKiCMLPo4e9z18w,41.894254,-87.668645,.jpg"
satellite_41.89404734639026_-87.63259902150564.png,"TqEr2uma41r2OocCYfuLWQ,41.893959,-87.632795,.jpg"
satellite_41.86714540527397_-87.65198495474259.png,"hTua-yix6Ko5nPv89Jiz1A,41.867136,-87.651834,.jpg"
satellite_41.85369443471583_-87.66784617284556.png,"xH_ozdbBTlL1RvGJohZM-A,41.853675,-87.667865,.jpg"
satellite_41.874362999232_-87.64713847143335.png,"1vgYw4VPe3Nk_K3RGGHbLA,41.874292,-87.647095,.jpg"
satellite_41.89273505657971_-87.61850016096967.png,"Q1ArQOV5-TJndNmEsEVkEw,41.892572,-87.618586,.jpg"
satellite_41.89339120148498_-87.62995548515515.png,"OU3LaA-buu_9atQdYypm1Q,41.893245,-87.629785,.jpg"
satellite_41.86255239093704_-87.62554959123766.png,"upRykjJWqXap6TGlWw-ZCg,41.862556,-87.625763,.jpg"
satellite_41.89404734639026_-87.63083666393864.png,"NNyNLR4cgODasur_HDWLKw,41.894057,-87.630787,.jpg"
satellite_41.887485897337505_-87.65066318656734.png,"TaslpbxiIQsVlnKxfdpzaQ,41.887337,-87.650717,.jpg"
satellite_41.89273505657971_-87.67181147737129.png,"FAfZlPlU5QLkNvz8C8M1tQ,41.892813,-87.671807,.jpg"
satellite_41.88945433205333_-87.64273257751586.png,"ArS2-PEe6VHEYYO43Ou_KQ,41.889294,-87.642884,.jpg"
satellite_41.89371927393762_-87.6493414183921.png,"whnNX5WlA1YO8h5lc2CHfw,41.893875,-87.649342,.jpg"
satellite_41.89076662186388_-87.67489560311354.png,"HKsptIHYBTXry1gqat-pOg,41.890876,-87.674884,.jpg"
satellite_41.876331433947826_-87.66784617284556.png,"t1GUOuz6w6ZevuuF6cmgyA,41.876476,-87.667983,.jpg"
satellite_41.87009805734771_-87.63392078968089.png,"NSy1BcbozyqfZOxlH9wcEQ,41.870174,-87.633878,.jpg"
satellite_41.85369443471583_-87.66960853041255.png,"bGAilN0HnyTuNJhYVjdcbg,41.853648,-87.669712,.jpg"
satellite_41.88584553507432_-87.68238562277327.png,"voQ0uLnOAjY5CalxF7izxQ,41.885776,-87.682507,.jpg"
satellite_41.856647086789565_-87.67621737128879.png,"GEB8Egx2RKypZSQywIbLDQ,41.856788,-87.676070,.jpg"
satellite_41.86845769508452_-87.68150444398977.png,"p5G2azFKWfRXNPVnZUIkxQ,41.868308,-87.681649,.jpg"
satellite_41.88190866564266_-87.63259902150564.png,"eWvVCjN9MCLcK0BuSDTR6Q,41.881931,-87.632406,.jpg"
satellite_41.875019144137276_-87.65374731230959.png,"5hw2rXOzw8gybwO6cBMGNw,41.875088,-87.653648,.jpg"
satellite_41.87928408602156_-87.64052963055713.png,"nWyfCWv56jX8LxMpg_38iA,41.879315,-87.640386,.jpg"
satellite_41.87009805734771_-87.6726926561548.png,"yaF4Wy3XvT71hIgDJmqnGw,41.870164,-87.672533,.jpg"
satellite_41.85369443471583_-87.62290605488717.png,"YRnEsoNN0TFPEnVyB-BH1A,41.853685,-87.623055,.jpg"
satellite_41.86714540527397_-87.68546974851552.png,"FrK3-Iv8zWaWfM09nthFfQ,41.866996,-87.685624,.jpg"
satellite_41.86944191244243_-87.69031623182475.png,"m8Ma0HhoNlXu23tLkhe61w,41.869324,-87.690256,.jpg"
satellite_41.86353660829496_-87.66344027892806.png,"aZv3PFpQsRKxnZ0JD-zlMg,41.863633,-87.663554,.jpg"
satellite_41.89306312903235_-87.66079674257757.png,"XRgVpxWvgU8f32AqQNSHSw,41.892992,-87.660985,.jpg"
satellite_41.86320853584232_-87.62422782306241.png,"IFlMVQjicda7ePIpyVah1w,41.863185,-87.624082,.jpg"
satellite_41.87305070942145_-87.66652440467031.png,"mcJDElOo1oIiVrE50hG7ww,41.873127,-87.666536,.jpg"
satellite_41.878627941116285_-87.68679151669076.png,"H_iJ4GOraQPbNprXN8-JXQ,41.878609,-87.686587,.jpg"
satellite_41.88289288300058_-87.66520263649507.png,"rA2hloaNk4C4qRz9_JZtiw,41.882786,-87.665023,.jpg"
satellite_41.854022507168466_-87.65286613352609.png,"eFkJpps_E_WmdTcD1qan6A,41.853877,-87.652807,.jpg"
satellite_41.89142276676916_-87.68502915912376.png,"P7jpVO8vAppaw7_YH_r2tQ,41.891420,-87.684900,.jpg"
satellite_41.89503156374817_-87.6312772533304.png,"0PFaZqwIDV5woOhlSql0Hw,41.894993,-87.631209,.jpg"
satellite_41.88420517281113_-87.62643077002116.png,"qnXacbqYkFJqWkF68ilVDg,41.884169,-87.626224,.jpg"
satellite_41.87600336149519_-87.62422782306241.png,"oZpxqkmH1ji8FwFoYI1tYA,41.876144,-87.624325,.jpg"
satellite_41.88289288300058_-87.64537611386636.png,"2ak46Y8_4mGoZ5fJnCk3Mw,41.882851,-87.645417,.jpg"
satellite_41.85238214490528_-87.65418790170133.png,"zg6kArRnZ6Q1F0lAcc2_3w,41.852505,-87.654142,.jpg"
satellite_41.857959376600114_-87.62731194880465.png,"pPu6HFSj7zR4vYoDqM3qjQ,41.858065,-87.627158,.jpg"
satellite_41.87567528904255_-87.6259901806294.png,"lu8uNpn8NXRJsvAP9WMRxA,41.875791,-87.626023,.jpg"
satellite_41.855990941884286_-87.64713847143335.png,"TeN9tKQ9dzc9WYWQGivA-A,41.855896,-87.647185,.jpg"
satellite_41.89175083922179_-87.61850016096967.png,"dF8M1_s6L6PaZ0-idsv3Rw,41.891830,-87.618632,.jpg"
satellite_41.89503156374817_-87.63259902150564.png,"a7z8dN9w4RjYviHSAZXRMw,41.894907,-87.632765,.jpg"
satellite_41.86156817357913_-87.64669788204161.png,"wErvGJ-a3KSgqM_98gadAg,41.861482,-87.646510,.jpg"
satellite_41.88518939016904_-87.68899446364951.png,"0VIhANxpZM7QCKKkPZ9oJw,41.885280,-87.689009,.jpg"
satellite_41.87469107168464_-87.67137088797955.png,"clrDivCdIK6pT1Wyh9M3hg,41.874808,-87.671564,.jpg"
satellite_41.86419275320023_-87.66035615318582.png,"6L8kJjgKbQ4s6S1R9qqT0Q,41.864293,-87.660224,.jpg"
satellite_41.86583311546342_-87.62334664427891.png,"gt2FYzP97c5Hsn0AWqIhDg,41.865812,-87.623402,.jpg"
satellite_41.876659506400465_-87.6511037759591.png,"wUAm4CIe8Dkrh1g9f5XmHw,41.876620,-87.651266,.jpg"
satellite_41.87239456451617_-87.65330672291783.png,"Uu-SC8Ma0_-SwI_beRKkeA,41.872352,-87.653280,.jpg"
satellite_41.89273505657971_-87.67709855007229.png,"LumyXcpEIGq5-OIs3Hp5Lw,41.892713,-87.677054,.jpg"
satellite_41.87994023092684_-87.64405434569112.png,"RMYKy77Y5IZPQ7oqbabSXA,41.880055,-87.644093,.jpg"
satellite_41.89470349129554_-87.65418790170133.png,"1jVLzVNR22EhgD5oRCXdcQ,41.894716,-87.654240,.jpg"
satellite_41.856975159242204_-87.67048970919605.png,"GoqZ06pqMenS6OTk3cfdnw,41.856841,-87.670342,.jpg"
satellite_41.88059637583211_-87.6907568212165.png,"QJFz-_AaJh-Vmd7WxcDQxQ,41.880666,-87.690747,.jpg"
satellite_41.86845769508452_-87.68767269547426.png,"0n7J99_e-Cn9E5M-lTtO9w,41.868425,-87.687453,.jpg"
satellite_41.857959376600114_-87.62026251853666.png,"oW_FRJ00bsGE1-gIUTUA1w,41.857823,-87.620046,.jpg"
satellite_41.874362999232_-87.66432145771157.png,"KZRMvXjRtTXX7L9Bm4tzEQ,41.874241,-87.664166,.jpg"
satellite_41.89503156374817_-87.65771261683533.png,"PfdGLOmRzheg7fjtEo_i5A,41.894955,-87.657534,.jpg"
satellite_41.89371927393762_-87.68106385459802.png,"Gb3CJCQ7Ec0Ed3TB4Y71YQ,41.893575,-87.681028,.jpg"
satellite_41.89339120148498_-87.65286613352609.png,"W7Kq_YXCNqPz0s9-yoAOvQ,41.893417,-87.653027,.jpg"
satellite_41.88125252073739_-87.67665796068053.png,"EW7ASMdi4wJHr-XPfIuzxA,41.881114,-87.676609,.jpg"
satellite_41.86845769508452_-87.64449493508286.png,"WgS8asyBI86uPsDtz7u5HQ,41.868556,-87.644566,.jpg"
satellite_41.8543505796211_-87.62643077002116.png,"NrcIGsDT-IhGSclhnoev6w,41.854275,-87.626521,.jpg"
satellite_41.865176970558146_-87.68502915912376.png,"gx1-5VRxrmM2pdvDQGdJqg,41.865330,-87.685229,.jpg"
satellite_41.874362999232_-87.63524255785613.png,"i_LZN74bZ3x1ZviUiNE_aA,41.874421,-87.635107,.jpg"
satellite_41.855662869431654_-87.66211851075282.png,"jjw6BZa7zmf-JI-AplY1hQ,41.855599,-87.662131,.jpg"
satellite_41.88420517281113_-87.65242554413435.png,"FSLPz7OrEcNuRtrZLHhlCg,41.884310,-87.652373,.jpg"
satellite_41.86353660829496_-87.62951489576339.png,"kBY8w3PrMtSv35DVlU4R6w,41.863444,-87.629385,.jpg"
satellite_41.867473477726605_-87.64669788204161.png,"PFhe8kyXxFcOU7bH6yIWbQ,41.867319,-87.646788,.jpg"
satellite_41.86812962263188_-87.63348020028914.png,"-Y6QPq9m2NHp2Ksz0D2LQA,41.868062,-87.633424,.jpg"
satellite_41.85369443471583_-87.63832668359838.png,"ONkEjrNxD3eoXDG8u8CJKA,41.853856,-87.638390,.jpg"
satellite_41.85894359395803_-87.64449493508286.png,"33QL5N-CHv28X8d4tuew7A,41.858793,-87.644440,.jpg"
satellite_41.8822367380953_-87.66388086831981.png,"XupS5vz4aHapcFJRLdItoQ,41.882198,-87.663721,.jpg"
satellite_41.87370685432673_-87.66211851075282.png,"s5ZkJzao9S-Zht6XUsqFTg,41.873782,-87.662006,.jpg"
satellite_41.888798187148055_-87.64449493508286.png,"R81vSNtyMOWip6Bp69SxuQ,41.888658,-87.644361,.jpg"
satellite_41.855006724526376_-87.67621737128879.png,"LjM-G9aX9BXCRx0BgcEidg,41.854921,-87.676236,.jpg"
satellite_41.87108227470562_-87.65286613352609.png,"Jwivqw2ATXxL4LARBQifKg,41.871026,-87.652759,.jpg"
satellite_41.875347216589915_-87.69119741060825.png,"DKEA3PMuMEr0k54e45YZRw,41.875248,-87.691054,.jpg"
satellite_41.88289288300058_-87.62466841245416.png,"vsdL7FDQCvV0NcKZuE5mxA,41.882923,-87.624503,.jpg"
satellite_41.88682975243223_-87.62643077002116.png,"MUL46-WDe75NYFeQXTDVpA,41.886772,-87.626407,.jpg"
satellite_41.85467865207374_-87.63744550481488.png,"DVjg2X_W-CiFglyyUkQr7A,41.854577,-87.637379,.jpg"
satellite_41.87829986866365_-87.62290605488717.png,"LN6j-lvep8qs63xxWNxnWA,41.878289,-87.622845,.jpg"
satellite_41.89142276676916_-87.64449493508286.png,"T_yFENapym6wcwWXpWbp2w,41.891266,-87.644356,.jpg"
satellite_41.855006724526376_-87.68502915912376.png,"tHz-Rx9tDeHv0PxD1lUMqw,41.854932,-87.685137,.jpg"
satellite_41.85205407245264_-87.6449355244746.png,"Lxd2Hvuq0bAR9PZBXlJnNw,41.852063,-87.644718,.jpg"
satellite_41.88125252073739_-87.61761898218617.png,"lxBQOCVJ0fpfhP5IUQMdjg,41.881347,-87.617630,.jpg"
satellite_41.89076662186388_-87.63171784272214.png,"dKZ_9yZ3MYGcxoP5xXwSaw,41.890801,-87.631529,.jpg"
satellite_41.88387710035849_-87.63392078968089.png,"5mb6qWi4u6NmXj82orOmoA,41.883732,-87.633872,.jpg"
satellite_41.86353660829496_-87.66608381527855.png,"YWDZT9w17fMMxKM0JoYKBA,41.863493,-87.666271,.jpg"
satellite_41.87403492677936_-87.61805957157792.png,"bpBfq6EV2CTDoxwNCpjvGA,41.874014,-87.618044,.jpg"
satellite_41.856647086789565_-87.65550966987658.png,"UXmLOX4uKUQgMNht0mvZeQ,41.856647,-87.655336,.jpg"
satellite_41.88453324526377_-87.67621737128879.png,"ewfPfkHwsgxdts2mlG2Ing,41.884485,-87.676101,.jpg"
satellite_41.87337878187409_-87.68150444398977.png,"FO16SWYITphb9q-ARV5rvQ,41.873534,-87.681342,.jpg"
satellite_41.89175083922179_-87.64097021994887.png,"SRORmM7zHxcxBD1nZ4FERQ,41.891653,-87.641132,.jpg"
satellite_41.87469107168464_-87.63348020028914.png,"gk_dv7q6wdZ4nG_ryeryQQ,41.874598,-87.633669,.jpg"
satellite_41.85894359395803_-87.62158428671191.png,"Izm6znngXXHvDaMk8BXVwA,41.859029,-87.621606,.jpg"
satellite_41.87928408602156_-87.68679151669076.png,"hF60AFR2MGCK02PrLzqM8A,41.879363,-87.687005,.jpg"
satellite_41.89503156374817_-87.66696499406206.png,"zLIwZctKJh8FiMXtj-tO3Q,41.894924,-87.667183,.jpg"
satellite_41.88158059319003_-87.63259902150564.png,"qpDTttkRDL6-yWrAqA9y2A,41.881614,-87.632382,.jpg"
satellite_41.874362999232_-87.63259902150564.png,"PgiqI7ldaVMvNB3Nd8REZg,41.874463,-87.632819,.jpg"
satellite_41.86320853584232_-87.65683143805182.png,"IMtlgpnpUaelbCNMy0P6oQ,41.863128,-87.656650,.jpg"
satellite_41.8943754188429_-87.67974208642278.png,"GQ8lrYGxmNzSC9Xt3aeFmw,41.894496,-87.679859,.jpg"
satellite_41.8943754188429_-87.68326680155677.png,"trxS3Hs2fbey_qFDsuZZbA,41.894447,-87.683319,.jpg"
satellite_41.875019144137276_-87.68282621216503.png,"g4nIPIW76YbbQXhEreoLOg,41.874962,-87.682785,.jpg"
satellite_41.855006724526376_-87.67313324554654.png,"tfOrlNp-dopr7BzCsu37Dg,41.854959,-87.673284,.jpg"
satellite_41.87469107168464_-87.67621737128879.png,"9hULXdOPWPHyC3YnFFjnDg,41.874630,-87.676334,.jpg"
satellite_41.88256481054794_-87.67401442433004.png,"233n_w23SKPrwjdoCt-UvA,41.882452,-87.674209,.jpg"
satellite_41.89339120148498_-87.65815320622708.png,"85s0ouI1boPuToieorDauw,41.893501,-87.657973,.jpg"
satellite_41.89076662186388_-87.67137088797955.png,"8KnvYkwQO1quAncL0U-fEQ,41.890906,-87.671269,.jpg"
satellite_41.887813969790145_-87.64141080934061.png,"3r5FYDAtRd4wR5EBfx-A0g,41.887736,-87.641333,.jpg"
satellite_41.87141034715826_-87.67621737128879.png,"NHmh7_h6XfSBQz90UEE4Lw,41.871282,-87.676232,.jpg"
satellite_41.874362999232_-87.6259901806294.png,"QizM-8L86m3E2XF1e1WqFg,41.874250,-87.626025,.jpg"
satellite_41.87469107168464_-87.68855387425775.png,"JaZRG1TU_LbSOXri2r7R7w,41.874657,-87.688699,.jpg"
satellite_41.88453324526377_-87.68062326520628.png,"m69uPcoXl1HbZSFNDgW5Yg,41.884526,-87.680501,.jpg"
satellite_41.8943754188429_-87.68943505304125.png,"yiEaQf2dkGtJoZ-3SLY9yg,41.894355,-87.689455,.jpg"
satellite_41.88420517281113_-87.63700491542313.png,"VSIhIfX6-xwlDPOPF0dKQA,41.884129,-87.637070,.jpg"
satellite_41.86255239093704_-87.66388086831981.png,"bwU0XI7CyFKpxTLTvJpq_w,41.862573,-87.663796,.jpg"
satellite_41.855006724526376_-87.66608381527855.png,"-J04fWyG9rc4MQkAwJv2MA,41.855112,-87.666042,.jpg"
satellite_41.889126259600694_-87.63083666393864.png,"WJ_k7q3SO6SK9DKXUubCew,41.889197,-87.630922,.jpg"
satellite_41.88584553507432_-87.67577678189704.png,"iJuDiYjzbPLfjkeofJyRmg,41.885894,-87.675780,.jpg"
satellite_41.875019144137276_-87.68370739094851.png,"bh2sKyfjti3qqcmX9Vm3_w,41.874897,-87.683720,.jpg"
satellite_41.87829986866365_-87.63392078968089.png,"k86KYhKFAfboIEQd3vqC3A,41.878254,-87.633732,.jpg"
satellite_41.86714540527397_-87.67489560311354.png,"E2agS4LRkS5zeGSaprb2tQ,41.867047,-87.674936,.jpg"
satellite_41.86714540527397_-87.61850016096967.png,"pObHTuSU2BnHcG9Yz7TZ7A,41.867039,-87.618518,.jpg"
satellite_41.89339120148498_-87.65859379561883.png,"wAbbCRDDrJSm16jMpxvWsw,41.893491,-87.658588,.jpg"
satellite_41.89043854941124_-87.6458167032581.png,"4J12o0bdmMy3qsPJtFUjvg,41.890536,-87.645848,.jpg"
satellite_41.866161187916056_-87.64449493508286.png,"XBSNiBogG5Iu9RacJOuPLQ,41.866026,-87.644421,.jpg"
satellite_41.87337878187409_-87.65683143805182.png,"ADYtKGQtHxO3Tf2_jkO4wg,41.873354,-87.656705,.jpg"
satellite_41.87928408602156_-87.68502915912376.png,"MES2d-xo1baN8htE1rlgbg,41.879340,-87.684844,.jpg"
satellite_41.89404734639026_-87.63480196846439.png,"SlrzgYxLejtSPU-uR8g7zw,41.893967,-87.634847,.jpg"
satellite_41.886173607526956_-87.66564322588681.png,"QGI3QzyPeRVwD_eugs7oRg,41.886017,-87.665460,.jpg"
satellite_41.876331433947826_-87.61894075036142.png,"UvYLtvQZ-ESxnSt1Ivk45Q,41.876277,-87.618873,.jpg"
satellite_41.87272263696881_-87.62026251853666.png,"v7_G4PPp5ChyyvhMN7m-UA,41.872760,-87.620400,.jpg"
satellite_41.86025588376858_-87.6907568212165.png,"P1oKcz4xMwdacaQi4AvI7g,41.860172,-87.690821,.jpg"
satellite_41.88420517281113_-87.62202487610367.png,"CR2DjPwIuz6617xF5T1IxQ,41.884218,-87.621919,.jpg"
satellite_41.8717384196109_-87.62334664427891.png,"VCTbaKg0IdYH2EDXK1Lh-g,41.871902,-87.623254,.jpg"
satellite_41.856319014336925_-87.68502915912376.png,"28bWgBGaFXd0sXcVjL1mjQ,41.856210,-87.685246,.jpg"
satellite_41.886173607526956_-87.66035615318582.png,"9pG4YnKoOZI6Q3eGmNXIow,41.886052,-87.660479,.jpg"
satellite_41.865505043010785_-87.67137088797955.png,"MEak9DUmfNBFzl7SB7Pmdw,41.865421,-87.671301,.jpg"
satellite_41.89043854941124_-87.65771261683533.png,"BwijzUsb0kTcr07jpYXQ9g,41.890507,-87.657919,.jpg"
satellite_41.85828744905275_-87.62158428671191.png,"0BKWDg0zMIGW4_BV4EV9xA,41.858143,-87.621587,.jpg"
satellite_41.88092444828475_-87.6449355244746.png,"32r2-oDl1T4YxtRfqbVo0g,41.880992,-87.644721,.jpg"
satellite_41.85861552150539_-87.62158428671191.png,"pvIVuhg_6TvsbUd6FTAIHQ,41.858586,-87.621589,.jpg"
satellite_41.89503156374817_-87.62995548515515.png,"RxwT-UsM-8DHAK2rs_84hw,41.895008,-87.629768,.jpg"
satellite_41.86452082565287_-87.6449355244746.png,"ZdtS8h4kzyk0pBBlZssKrA,41.864369,-87.645070,.jpg"
satellite_41.88486131771641_-87.67665796068053.png,"54LEXi2hvFpe7bykkFMmIw,41.884744,-87.676720,.jpg"
satellite_41.86484889810551_-87.68326680155677.png,"QYtVdjvW9F9u-BLXV4Gksw,41.864829,-87.683474,.jpg"
satellite_41.855662869431654_-87.62863371697989.png,"rFLjcrscXG95QUT1Vss4bg,41.855737,-87.628819,.jpg"
satellite_41.880268303379474_-87.66255910014456.png,"8GD7sHKpJ60W6v2jAWkMdg,41.880234,-87.662699,.jpg"
satellite_41.8543505796211_-87.67093029858779.png,"dmG-nNvb7J4CaqGZ5XnHbQ,41.854441,-87.671026,.jpg"
satellite_41.88092444828475_-87.6458167032581.png,"3XGgRGI-nCm4gDtR9lPzxw,41.880983,-87.645909,.jpg"
satellite_41.87600336149519_-87.64669788204161.png,"Ty8qH2ZkbkJhCe77KY79Pg,41.876149,-87.646718,.jpg"
satellite_41.86812962263188_-87.68591033790726.png,"jj8hfW8le6XIgjpb1MrAlg,41.868096,-87.685996,.jpg"
satellite_41.86025588376858_-87.62114369732016.png,"E33yksloXJK8x4rg3Zm1_A,41.860281,-87.621004,.jpg"
satellite_41.854022507168466_-87.68282621216503.png,"esF9cSrYhZ7cON7xTGu2Zg,41.853921,-87.682656,.jpg"
satellite_41.89142276676916_-87.65991556379407.png,"PfwR5gAE9318jR6SoPUqTg,41.891540,-87.659779,.jpg"
satellite_41.88190866564266_-87.63612373663963.png,"Ktbw8vgeMJxU9YwrrBZW0Q,41.881903,-87.636284,.jpg"
satellite_41.887485897337505_-87.68414798034027.png,"yfZqeyRY-vfjv_fROgGUgg,41.887410,-87.684158,.jpg"
satellite_41.877971796211014_-87.62995548515515.png,"FIeE4qlSxRPlyp8c-4gxxw,41.877823,-87.629768,.jpg"
satellite_41.88453324526377_-87.66211851075282.png,"V6skEnXAzhxWNKLKvZCaUw,41.884516,-87.662174,.jpg"
satellite_41.89339120148498_-87.63568314724787.png,"eow4CvgBzrpkSqsPUI3rVg,41.893402,-87.635594,.jpg"
satellite_41.855990941884286_-87.66872735162906.png,"lsBi2CmYwViJAhbj7o0R1Q,41.855940,-87.668850,.jpg"
satellite_41.8796121584742_-87.6484602396086.png,"yilmKr3gUWQMkd7xqbjeqA,41.879582,-87.648449,.jpg"
satellite_41.89339120148498_-87.65066318656734.png,"znKXO0EB7hunDjvsx0sO_w,41.893376,-87.650631,.jpg"
satellite_41.877971796211014_-87.66784617284556.png,"Z4Mn6SAHkEN5u0Gv1EbFmg,41.878054,-87.667671,.jpg"
satellite_41.87829986866365_-87.62290605488717.png,"04z_c1mdI_udsq2jb0C7oA,41.878287,-87.623096,.jpg"
satellite_41.865505043010785_-87.63480196846439.png,"7pr7LKpFPvomhP3GM7c-xg,41.865450,-87.634877,.jpg"
satellite_41.89175083922179_-87.63215843211388.png,"A6MPSLnN1FXtGHThc8ahxg,41.891704,-87.632183,.jpg"
satellite_41.85238214490528_-87.68238562277327.png,"p52k1JxUFivnzEqPAz8XRw,41.852544,-87.682350,.jpg"
satellite_41.88092444828475_-87.62290605488717.png,"klRRkC-u0WqEG5w4y4Pngg,41.880840,-87.622854,.jpg"
satellite_41.865176970558146_-87.66035615318582.png,"EgYabvjgGvvfbZgJXuFV6g,41.865197,-87.660250,.jpg"
satellite_41.878627941116285_-87.68326680155677.png,"H4jvMrEa922uoTJQ9n1hCg,41.878662,-87.683207,.jpg"
satellite_41.88289288300058_-87.68414798034027.png,"GH7ZNkB_cMTg4pX2GEn08Q,41.882993,-87.684053,.jpg"
satellite_41.867801550179244_-87.65286613352609.png,"izxYjrZyT7uOP2nzSLRJ3Q,41.867758,-87.652827,.jpg"
satellite_41.87042612980035_-87.67577678189704.png,"oLKG1Vg6FSQiXIOShxfmGA,41.870290,-87.675978,.jpg"
satellite_41.869113839989794_-87.6511037759591.png,"-I_BVpJtqFlxXng3eSYJhw,41.869166,-87.651161,.jpg"
satellite_41.855662869431654_-87.67842031824753.png,"kLhFZlNjHr1dw1pSh3ZHFQ,41.855566,-87.678381,.jpg"
satellite_41.857631304147475_-87.63480196846439.png,"guy9jdgVWLrLd5yAsHBIdA,41.857744,-87.634734,.jpg"
satellite_41.86878576753716_-87.66299968953632.png,"t_weMiEyjvQm9IQWajCKMQ,41.868912,-87.663185,.jpg"
satellite_41.87600336149519_-87.68238562277327.png,"8FiLv15DbkvMn4GUUNe_Sg,41.876030,-87.682602,.jpg"
satellite_41.887813969790145_-87.63920786238187.png,"MalUvRyslcRx0jrVQ9sfSA,41.887901,-87.639254,.jpg"
satellite_41.88551746262168_-87.67665796068053.png,"rVo2jvLlLsdBNHMIP7PmQg,41.885461,-87.676618,.jpg"
satellite_41.89306312903235_-87.68018267581452.png,"E4YDBct7jBfaze4aY_gJQg,41.893126,-87.680030,.jpg"
satellite_41.87469107168464_-87.64449493508286.png,"712KzQgcuerwFNXGP9cDuw,41.874606,-87.644289,.jpg"
satellite_41.88322095545322_-87.62334664427891.png,"doIhoEJxAUGNxPAgbnGg9g,41.883287,-87.623323,.jpg"
satellite_41.88486131771641_-87.67137088797955.png,"1tfzUHFIWqh2zPnGoFeKDA,41.884975,-87.671232,.jpg"
satellite_41.89076662186388_-87.63480196846439.png,"PYOXYQJZdInBQa8O6C_Mkw,41.890756,-87.634994,.jpg"
satellite_41.89076662186388_-87.65242554413435.png,"FHBalSWlwELTC0Mxa_Sb6g,41.890757,-87.652265,.jpg"
satellite_41.878956013568924_-87.65506908048484.png,"p2p03wBqf7ZJrHe9NWo0jQ,41.879109,-87.654920,.jpg"
satellite_41.875347216589915_-87.66608381527855.png,"3iehQ6uGpvb83PlZjGGtyg,41.875448,-87.666066,.jpg"
satellite_41.85369443471583_-87.66123733196932.png,"CxKbuSUJ5oEJIQhiXmAm_w,41.853549,-87.661215,.jpg"
satellite_41.85336636226319_-87.6735738349383.png,"F-Ut-pSYQ0GsWX2mroYfDg,41.853482,-87.673420,.jpg"
satellite_41.877315651305736_-87.65374731230959.png,"FJwMnGjYhcvucQSKCWzpZQ,41.877218,-87.653614,.jpg"
satellite_41.89339120148498_-87.66079674257757.png,"SLQQ_ojBoGh9qNWyCswd6g,41.893402,-87.660883,.jpg"
satellite_41.86091202867385_-87.64449493508286.png,"wXzKAQd6PFwGWkh-51gKxA,41.860997,-87.644684,.jpg"
satellite_41.89503156374817_-87.65418790170133.png,"KsWpU2x4R4rkBiNGKVtDhg,41.894877,-87.654330,.jpg"
satellite_41.8822367380953_-87.68591033790726.png,"HPEa3ou1-UowwDM2NLUeFA,41.882096,-87.685828,.jpg"
satellite_41.890110476958604_-87.66079674257757.png,"VaAKb8k_-A-0umL1f8-Iiw,41.889973,-87.660588,.jpg"
satellite_41.86976998489507_-87.62863371697989.png,"4mMzwkm-qH35loH2_W8FKA,41.869669,-87.628548,.jpg"
satellite_41.8822367380953_-87.63700491542313.png,"2ty4j4DiqpbiUSF2G_7MZw,41.882334,-87.637024,.jpg"
satellite_41.8543505796211_-87.68062326520628.png,"OEH4Ye0mDTd6fTPXta64kw,41.854439,-87.680496,.jpg"
satellite_41.866817332821334_-87.61938133975318.png,"UBWzuk56H5WlNwYpp6TAmQ,41.866786,-87.619428,.jpg"
satellite_41.866161187916056_-87.66608381527855.png,"4ZRwTZ6nuTHwj6R_ldi2lQ,41.866013,-87.665977,.jpg"
satellite_41.880268303379474_-87.62422782306241.png,"B-X7B85qQa7Mk49ATqSEFg,41.880202,-87.624244,.jpg"
satellite_41.8717384196109_-87.66167792136108.png,"B5eSFH4XMOpVjnNMzCS2QQ,41.871629,-87.661807,.jpg"
satellite_41.89339120148498_-87.66520263649507.png,"lSLhUKeWcA4UKO1mb4i71g,41.893369,-87.665371,.jpg"
satellite_41.856647086789565_-87.65550966987658.png,"dNWP7p635_AqN_2auV_0BQ,41.856510,-87.655335,.jpg"
satellite_41.85894359395803_-87.64317316690762.png,"CTT50MLgxrQEaDe2nYwRfw,41.858910,-87.643380,.jpg"
satellite_41.857959376600114_-87.66696499406206.png,"S3FyZpNlxjBMgq0dZ88HtA,41.857829,-87.666869,.jpg"
satellite_41.86484889810551_-87.6735738349383.png,"hknGm7t2Ln9RllBDpUj-1A,41.864964,-87.673674,.jpg"
satellite_41.85238214490528_-87.64978200778384.png,"sFeFnv8pUeWFEQMLz5O2DQ,41.852226,-87.649799,.jpg"
satellite_41.866817332821334_-87.66255910014456.png,"xo7X_DdWsd4LjrqqRjSY6A,41.866969,-87.662474,.jpg"
satellite_41.886173607526956_-87.6700491198043.png,"gmwxXzRkYE52oWxofVEtQA,41.886075,-87.670114,.jpg"
satellite_41.8943754188429_-87.65198495474259.png,"wNMQqMKlbmIbxwEgAK-0fQ,41.894456,-87.652196,.jpg"
satellite_41.88256481054794_-87.6303960745469.png,"GbyXKsHTBMWINGDuHvmDvQ,41.882570,-87.630610,.jpg"
satellite_41.866817332821334_-87.66784617284556.png,"0KcXSiSiAUWbh54cbcptDQ,41.866768,-87.667663,.jpg"
satellite_41.86222431848441_-87.66388086831981.png,"zruX8zzOC0E9XjSbpykTjA,41.862319,-87.663849,.jpg"
satellite_41.874362999232_-87.64405434569112.png,"pLLTkghm4As5AM27feRytw,41.874335,-87.643973,.jpg"
satellite_41.857959376600114_-87.67665796068053.png,"eGAGP4_z5WqSKUCduBnTTQ,41.858123,-87.676712,.jpg"
satellite_41.85271021735791_-87.62026251853666.png,"AL6iUAz0NAEcd9xQll8mJw,41.852840,-87.620051,.jpg"
satellite_41.89404734639026_-87.67093029858779.png,"UjgAcSoE9WHyDSyjMYrmEg,41.894211,-87.670886,.jpg"
satellite_41.87108227470562_-87.6735738349383.png,"VCkM9MSd__KAnGyCIsD6kw,41.871194,-87.673763,.jpg"
satellite_41.874362999232_-87.62114369732016.png,"Ft2HdZvJ-eRceLLT2F3Enw,41.874401,-87.620991,.jpg"
satellite_41.874362999232_-87.66872735162906.png,"eIOnQd-_0TnkT8GFZBdm2Q,41.874416,-87.668534,.jpg"
satellite_41.88059637583211_-87.63259902150564.png,"Ak_rxbiE8Wf-2b9T4N4aNQ,41.880670,-87.632725,.jpg"
satellite_41.87469107168464_-87.64097021994887.png,"_CgztaWHqbCGkXw4ZTw4jA,41.874788,-87.640944,.jpg"
satellite_41.886501679979595_-87.61894075036142.png,"t86cempZ8TVjwpxZVaqhxA,41.886519,-87.618951,.jpg"
satellite_41.89240698412707_-87.66564322588681.png,"CAE1cP9HsJHK9pE-wf6D1w,41.892468,-87.665573,.jpg"
satellite_41.867473477726605_-87.65947497440233.png,"lUgrS5_IsoPytmSuFbJysg,41.867421,-87.659680,.jpg"
satellite_41.875347216589915_-87.61805957157792.png,"yNOqWOtXHg_Xkqq4Qzq1VQ,41.875320,-87.618269,.jpg"
satellite_41.89142276676916_-87.6449355244746.png,"jmlmav7uI2M73DkRekmrdA,41.891271,-87.645107,.jpg"
satellite_41.88682975243223_-87.67181147737129.png,"EGlpQGKgaudik4nH8aE8WA,41.886917,-87.671925,.jpg"
satellite_41.88158059319003_-87.65418790170133.png,"lqy1F0fvXMDFUFvg_T409w,41.881722,-87.654054,.jpg"
satellite_41.85730323169484_-87.6674055834538.png,"FUOVwujeIy8FGX4aliwetg,41.857326,-87.667588,.jpg"
satellite_41.85303828981055_-87.65859379561883.png,"EOCLgxVDn-dHmAm6juvxHA,41.853170,-87.658720,.jpg"
satellite_41.875347216589915_-87.68591033790726.png,"thovmSEM5TXPCcl12vgRpA,41.875300,-87.685897,.jpg"
satellite_41.86353660829496_-87.66167792136108.png,"448mmfLEXru48b3yMsAgxw,41.863532,-87.661471,.jpg"
satellite_41.88092444828475_-87.63700491542313.png,"vOhGsHVZvC89Yqtn9aiVJQ,41.880863,-87.636983,.jpg"
satellite_41.866161187916056_-87.65683143805182.png,"NY4VBVVsvUAeiekRHpvdjA,41.866112,-87.656685,.jpg"
satellite_41.86353660829496_-87.65374731230959.png,"SeFA8j7Ea4PC00VewAZyeQ,41.863519,-87.653596,.jpg"
satellite_41.877315651305736_-87.65462849109309.png,"2DXMfwTRg8acfGYa_xUc1g,41.877152,-87.654575,.jpg"
satellite_41.86944191244243_-87.66784617284556.png,"FSzsboLo0FqlSKZtIcpzQw,41.869278,-87.667758,.jpg"
satellite_41.856319014336925_-87.67093029858779.png,"q9ntfFMXG_EIml7S2_VO4A,41.856317,-87.671056,.jpg"
satellite_41.88092444828475_-87.65506908048484.png,"t8VDNCztcKV4fo77mHTh1Q,41.880819,-87.654858,.jpg"
satellite_41.857631304147475_-87.65154436535084.png,"63nOzrQED_RtFM4O7ThH-w,41.857610,-87.651538,.jpg"
satellite_41.85861552150539_-87.64317316690762.png,"q75I5dqd_V---jBbRoeXwg,41.858470,-87.643363,.jpg"
satellite_41.856319014336925_-87.62951489576339.png,"RHuRtr2-DP1dROtuopDlRA,41.856466,-87.629428,.jpg"
satellite_41.85894359395803_-87.6449355244746.png,"nnEUO2pd9MwUjVzOXuPijw,41.858930,-87.644822,.jpg"
satellite_41.874362999232_-87.68855387425775.png,"oIo29t4XCr5lGylWOXeHxw,41.874484,-87.688690,.jpg"
satellite_41.875019144137276_-87.65991556379407.png,"tRTHBjulfGKQR03w7BesGQ,41.874868,-87.659733,.jpg"
satellite_41.88059637583211_-87.66652440467031.png,"oyJadO8i6JbsveH7Kz5tCQ,41.880730,-87.666661,.jpg"
satellite_41.88682975243223_-87.64713847143335.png,"AsAu-6w07GWkYDaibK_RBQ,41.886808,-87.647217,.jpg"
satellite_41.87337878187409_-87.62114369732016.png,"ZWZbeD-8TYfu8ydZICy4qg,41.873242,-87.621235,.jpg"
satellite_41.88453324526377_-87.62378723367065.png,"Mj38jkY-bF5SACAevtDrGA,41.884384,-87.623820,.jpg"
satellite_41.875347216589915_-87.6700491198043.png,"A5RclgYqUwfFxecNVfSslQ,41.875400,-87.670115,.jpg"
satellite_41.88190866564266_-87.65066318656734.png,"TXGGoz-jwsk2MtWfrVg0MA,41.881800,-87.650827,.jpg"
satellite_41.86025588376858_-87.62290605488717.png,"xgAjYTe25Mqyy_9cRlRpzA,41.860291,-87.622941,.jpg"
satellite_41.89043854941124_-87.65506908048484.png,"Sr6Lx2upaHZlBG81-CYfvA,41.890456,-87.655198,.jpg"
satellite_41.88978240450597_-87.67974208642278.png,"m5bmorumgRZ1i9qW18axgQ,41.889661,-87.679668,.jpg"
satellite_41.88354902790585_-87.63964845177362.png,"g3SU-1U4o2wayXN9IZv42A,41.883624,-87.639750,.jpg"
satellite_41.88453324526377_-87.64229198812411.png,"nzMXbOUX4AsbPVSola6z2A,41.884438,-87.642363,.jpg"
satellite_41.87141034715826_-87.63303961089738.png,"kvnR_Zys70tXRxdSRth-kA,41.871366,-87.632966,.jpg"
satellite_41.877971796211014_-87.68238562277327.png,"0o-YgL6FV31Bhv1G_GtJVw,41.878043,-87.682419,.jpg"
satellite_41.89240698412707_-87.63215843211388.png,"fIORes40OtDRRU-pdHzhAA,41.892496,-87.632205,.jpg"
satellite_41.86976998489507_-87.63215843211388.png,"9ddyMYmJ9aqxqxqUzmKcWw,41.869892,-87.632266,.jpg"
satellite_41.857959376600114_-87.62158428671191.png,"bF4zy7mhI05jLKwcJgc31g,41.857916,-87.621463,.jpg"
satellite_41.877643723758375_-87.62070310792842.png,"dACWlVtU4T-6T8Rq4bQPdQ,41.877768,-87.620908,.jpg"
satellite_41.876659506400465_-87.64008904116537.png,"wFx6l2gWRxKUuswAPgdasQ,41.876730,-87.640060,.jpg"
satellite_41.889126259600694_-87.65198495474259.png,"G08rxA8mliNzJKtNKs3jWA,41.888997,-87.651940,.jpg"
satellite_41.886501679979595_-87.61717839279443.png,"J8gZsudicpKAkoUilBZM8A,41.886531,-87.617353,.jpg"
satellite_41.875347216589915_-87.6872321060825.png,"Qpwn4k4bHcwwsePUEw5Enw,41.875290,-87.687283,.jpg"
satellite_41.88256481054794_-87.67974208642278.png,"utazdVdgGv2X2dL2OSGD7A,41.882641,-87.679878,.jpg"
satellite_41.89306312903235_-87.68899446364951.png,"4MW5Pgwa-efLDXDp4gmLyQ,41.892987,-87.688987,.jpg"
satellite_41.866817332821334_-87.63964845177362.png,"JKC9TQRpGKa1Si-PckhKnw,41.866876,-87.639802,.jpg"
satellite_41.877315651305736_-87.63259902150564.png,"ZCVtev8TDUndGX2G06TNTQ,41.877258,-87.632751,.jpg"
satellite_41.87009805734771_-87.64052963055713.png,"vffrNpQE-_KaWd17pY_1Lg,41.870071,-87.640742,.jpg"
satellite_41.8943754188429_-87.65947497440233.png,"L5sZe4jxsCeyJ52AyNz8pQ,41.894367,-87.659427,.jpg"
satellite_41.85992781131594_-87.62863371697989.png,"Cb4bcYwlxEaAQPpMXxcy7A,41.859893,-87.628764,.jpg"
satellite_41.87994023092684_-87.62863371697989.png,"RVPIIXMmiX-ZQ9m8xl69og,41.879970,-87.628466,.jpg"
satellite_41.877315651305736_-87.64449493508286.png,"sWdwn8l478kXaEaz627_WA,41.877339,-87.644481,.jpg"
satellite_41.869113839989794_-87.68282621216503.png,"FU_8xbEbGUtNw2u1ILHb4Q,41.869046,-87.682955,.jpg"
satellite_41.8796121584742_-87.6700491198043.png,"7ZyvilEg05fztI_sks9Zpg,41.879509,-87.670005,.jpg"
satellite_41.857631304147475_-87.67577678189704.png,"uNZQj7TYQPJf-8cPZB3U4Q,41.857658,-87.675640,.jpg"
satellite_41.88551746262168_-87.65727202744358.png,"89uO85g77Qg7b7ZmlffhBQ,41.885509,-87.657478,.jpg"
satellite_41.857959376600114_-87.6458167032581.png,"jJak96hPDXN4uEe5UuqA5w,41.857968,-87.645938,.jpg"
satellite_41.854022507168466_-87.64449493508286.png,"pL7dljtcVfum19feQ5vkIg,41.854040,-87.644481,.jpg"
satellite_41.86944191244243_-87.65683143805182.png,"wymifBw6ec6YaXwNuj-MFQ,41.869423,-87.657004,.jpg"
satellite_41.888798187148055_-87.6458167032581.png,"v0saOCfgMDhrk_QtvQIU6g,41.888650,-87.645793,.jpg"
satellite_41.87567528904255_-87.65947497440233.png,"3CT8SrwE_l6bbdJVNGUzQA,41.875525,-87.659405,.jpg"
satellite_41.88190866564266_-87.68855387425775.png,"dady0la-dVGWKQwlwKjMXA,41.882063,-87.688556,.jpg"
satellite_41.85861552150539_-87.66872735162906.png,"0IZC1OCzyuKR8LkUI2yhow,41.858679,-87.668891,.jpg"
satellite_41.88945433205333_-87.62026251853666.png,"89NRBIIMVIrkdcXeFtU-hw,41.889378,-87.620157,.jpg"
satellite_41.856647086789565_-87.67930149703103.png,"sU3Vd0RpWWC3xRsVr-3pkg,41.856734,-87.679217,.jpg"
satellite_41.89470349129554_-87.64273257751586.png,"Gism2d7hRdgJVRXPUmoQsw,41.894674,-87.642676,.jpg"
satellite_41.87403492677936_-87.6259901806294.png,"3bIpzDvHkE7sXOnzYZ7zkA,41.874155,-87.626024,.jpg"
satellite_41.876659506400465_-87.65550966987658.png,"F6QS2z9Na7iii1FimiWXdw,41.876565,-87.655666,.jpg"
satellite_41.8717384196109_-87.68855387425775.png,"jbsrghv0wWIHghu05AWQ6Q,41.871812,-87.688611,.jpg"
satellite_41.85303828981055_-87.64449493508286.png,"ilT8a6FLwSzKr_TmsLW-Eg,41.853176,-87.644658,.jpg"
satellite_41.89371927393762_-87.65727202744358.png,"G8N01u0BVRGb4K-7eNBxyw,41.893747,-87.657440,.jpg"
satellite_41.89470349129554_-87.68679151669076.png,"4SJx5JZ7z8xze_1Ix5iZPg,41.894851,-87.686786,.jpg"
satellite_41.87305070942145_-87.67665796068053.png,"tk8yQpnlcHwrknWyVbWmjQ,41.873204,-87.676581,.jpg"
satellite_41.89404734639026_-87.66564322588681.png,"LnCVT9-o67lZiIVaygfJEA,41.893975,-87.665604,.jpg"
satellite_41.86058395622122_-87.63876727299012.png,"fP8ctGCPUlzP2TvDKLK6Ug,41.860526,-87.638959,.jpg"
satellite_41.87337878187409_-87.62026251853666.png,"i4zSX1Mla4cmYaqP5dLqSw,41.873265,-87.620336,.jpg"
satellite_41.88518939016904_-87.65330672291783.png,"e9qbh6Ty1rTqJ3y2xqGHzA,41.885147,-87.653311,.jpg"
satellite_41.85271021735791_-87.61894075036142.png,"0g2FpTPvb25seFBWYv9zFg,41.852847,-87.619013,.jpg"
satellite_41.889126259600694_-87.6511037759591.png,"Ebgejtzcr3Kqmm4UGNblgg,41.889018,-87.650927,.jpg"
satellite_41.8717384196109_-87.6493414183921.png,"fBM0HqlewTEkyhzdNN75rQ,41.871663,-87.649196,.jpg"
satellite_41.857631304147475_-87.63568314724787.png,"3-HVf_fifQ4tR7K1oSlOtw,41.857751,-87.635560,.jpg"
satellite_41.87600336149519_-87.63700491542313.png,"-TLXm7cXbmFW_YltT8sLZQ,41.875860,-87.637048,.jpg"
satellite_41.85861552150539_-87.66608381527855.png,"hxKlX9PvQwkBnnVBQBoQKA,41.858611,-87.666130,.jpg"
satellite_41.87305070942145_-87.65639084866008.png,"Q904Ek886nLqgF32fOnbzQ,41.873000,-87.656236,.jpg"
satellite_41.87075420225298_-87.64229198812411.png,"ktDkn9s_OVs6drrP3b_Z7w,41.870695,-87.642294,.jpg"
satellite_41.87469107168464_-87.61805957157792.png,"piqCKByqfOeLT4IZQVBC8g,41.874539,-87.618273,.jpg"
satellite_41.889126259600694_-87.66079674257757.png,"iBrfxwKtj4Pd0ZE2xzLycg,41.888984,-87.660734,.jpg"
satellite_41.886173607526956_-87.66432145771157.png,"Y49on7VeZG8KtKgKGf0bHw,41.886087,-87.664296,.jpg"
satellite_41.88289288300058_-87.65639084866008.png,"cz_NaA6vXvtnJzqCniiNLw,41.882997,-87.656414,.jpg"
satellite_41.87600336149519_-87.64537611386636.png,"JoWLFDEbHKcTpI3EwIyzjQ,41.876027,-87.645382,.jpg"
satellite_41.86452082565287_-87.67181147737129.png,"yW6rN_Sl65hvuH-OUPoIzA,41.864559,-87.672015,.jpg"
satellite_41.88978240450597_-87.61850016096967.png,"vyA8P_z8HPT5W7771ISBrA,41.889902,-87.618581,.jpg"
satellite_41.865176970558146_-87.62334664427891.png,"0O5zcQGb0GHh3gtdHFsSOQ,41.865016,-87.623419,.jpg"
satellite_41.87075420225298_-87.66167792136108.png,"waIWBmiwRmNTkn0Rx4qBqQ,41.870839,-87.661713,.jpg"
satellite_41.8943754188429_-87.66696499406206.png,"eB4nHrXzd-SjtKm2SrlMxA,41.894392,-87.667167,.jpg"
satellite_41.855990941884286_-87.63303961089738.png,"A6yTVjnK9Y5fr3-SiArcIQ,41.856153,-87.633125,.jpg"
satellite_41.88289288300058_-87.66299968953632.png,"iSBY476AFVLO74Cf06jqkA,41.882889,-87.663146,.jpg"
satellite_41.855662869431654_-87.63171784272214.png,"_L50Td5uEIrMdTuvufRpbA,41.855521,-87.631857,.jpg"
satellite_41.887485897337505_-87.62466841245416.png,"37oRAJdQk0aEWKiJOQ1-hA,41.887584,-87.624638,.jpg"
satellite_41.88584553507432_-87.6458167032581.png,"kpf5mFUeGg18GkGjoRa7jg,41.885698,-87.645999,.jpg"
satellite_41.878956013568924_-87.61894075036142.png,"pG1-3ugnj8wpy5NuvKP8hA,41.878812,-87.619089,.jpg"
satellite_41.889126259600694_-87.63215843211388.png,"ybrAtmnockR_XC-TvnM-_g,41.889175,-87.632179,.jpg"
satellite_41.8822367380953_-87.61938133975318.png,"nMWih4C-jtuoTGlO6lxGpw,41.882188,-87.619182,.jpg"
satellite_41.88322095545322_-87.61850016096967.png,"ROGoom3Mv2h6KciZCb9bZQ,41.883140,-87.618460,.jpg"
satellite_41.86124010112649_-87.64978200778384.png,"vR0k2XnQdhIjLW1iy8OXjQ,41.861340,-87.649852,.jpg"
satellite_41.85271021735791_-87.63832668359838.png,"8YpDuY2BJKxAQBf4U6OPOQ,41.852842,-87.638501,.jpg"
satellite_41.87141034715826_-87.63568314724787.png,"0-Vv69GoBUrLh-MQrfOoRQ,41.871449,-87.635575,.jpg"
satellite_41.88584553507432_-87.63259902150564.png,"M0Tsv2UOvfQgEHXJCJVFGw,41.885746,-87.632519,.jpg"
satellite_41.85467865207374_-87.68370739094851.png,"X_q-6pghVME1gbBDgyePzg,41.854839,-87.683504,.jpg"
satellite_41.85992781131594_-87.65066318656734.png,"b4TtI2hdskYCD8EW2z1MDw,41.859837,-87.650549,.jpg"
satellite_41.855662869431654_-87.68679151669076.png,"xrPNlSg-sUaC4Tr-0rCLmA,41.855714,-87.686872,.jpg"
satellite_41.86583311546342_-87.67577678189704.png,"HOdPZ2yghGP_qp9lQHWBGQ,41.865858,-87.675671,.jpg"
satellite_41.877971796211014_-87.68282621216503.png,"WYaGqQqtmhJX_i7WRSwlUg,41.878122,-87.682890,.jpg"
satellite_41.86484889810551_-87.64052963055713.png,"LQR8-rkGoFbuVO7Bo8_k_A,41.864805,-87.640657,.jpg"
satellite_41.85467865207374_-87.68194503338152.png,"qlqKZ40JEz8LnU992WenLQ,41.854837,-87.682156,.jpg"
satellite_41.88289288300058_-87.68238562277327.png,"SyRG3wnaxQjUEDwhfuIXEw,41.883055,-87.682229,.jpg"
satellite_41.85927166641066_-87.62114369732016.png,"TIWMt77GEIzKHa3F7UFQ-w,41.859393,-87.621160,.jpg"
satellite_41.878956013568924_-87.6674055834538.png,"_EQoruURwdUj9G8CKNwmYA,41.878909,-87.667326,.jpg"
satellite_41.85927166641066_-87.65154436535084.png,"SrTRTlE27YOOZ8PvkKWEWw,41.859312,-87.651615,.jpg"
satellite_41.85205407245264_-87.64317316690762.png,"r0X0bnVpP29D3o5MsBmjzw,41.852150,-87.643218,.jpg"
satellite_41.86845769508452_-87.6872321060825.png,"mEdhLTZHaCwej4jN76y3wg,41.868425,-87.687216,.jpg"
satellite_41.874362999232_-87.61894075036142.png,"Ow_0tYC5RL_dPu1duxBZOQ,41.874463,-87.619159,.jpg"
satellite_41.88092444828475_-87.61805957157792.png,"gEpM8hJNBjkEScKd1BmwRg,41.880925,-87.618155,.jpg"
satellite_41.86714540527397_-87.68018267581452.png,"um1RNRkcIHdHOUjGvhxIXw,41.867294,-87.680284,.jpg"
satellite_41.869113839989794_-87.67048970919605.png,"v_5dZN4Nlq44Cquo_n9CBg,41.869221,-87.670534,.jpg"
satellite_41.88682975243223_-87.63920786238187.png,"d5HBefmuEFa3Eot4WdpmoA,41.886960,-87.639039,.jpg"
satellite_41.89207891167443_-87.64669788204161.png,"Fs6fLxlOx560uFQ7kStEZw,41.891977,-87.646756,.jpg"
satellite_41.877643723758375_-87.65859379561883.png,"DrOWEAPQuFj-4MF02gun-Q,41.877741,-87.658725,.jpg"
satellite_41.876331433947826_-87.62422782306241.png,"j7ICf9kVQdlQZWXjonDEtQ,41.876333,-87.624326,.jpg"
satellite_41.85828744905275_-87.6458167032581.png,"7tkwim9blFjkbcobqrOdiQ,41.858377,-87.645666,.jpg"
satellite_41.880268303379474_-87.67093029858779.png,"hNZs8yGqzYYXeDH65Q51Xg,41.880130,-87.670897,.jpg"
satellite_41.8822367380953_-87.65066318656734.png,"DYzo2qziZ5ngLCR9iJgrRg,41.882149,-87.650873,.jpg"
satellite_41.87141034715826_-87.68855387425775.png,"Vbar7U-OBfU0oAGLEhwETw,41.871500,-87.688595,.jpg"
satellite_41.89109469431652_-87.67709855007229.png,"SWuy0uMTpeB880XsH40bwQ,41.891187,-87.677268,.jpg"
satellite_41.89371927393762_-87.64978200778384.png,"m5KaHkqIC-r-lCHV6NaHbQ,41.893868,-87.649632,.jpg"
satellite_41.88453324526377_-87.65198495474259.png,"CBxy_QTwr-_pchiG-5r4rA,41.884573,-87.652094,.jpg"
satellite_41.87009805734771_-87.63348020028914.png,"69qiUzQCliOYSsaAIS1peA,41.870052,-87.633479,.jpg"
satellite_41.855006724526376_-87.6682867622373.png,"WtEYt9mEtlsh73LiqdQeEw,41.855041,-87.668092,.jpg"
satellite_41.88125252073739_-87.67577678189704.png,"48cFRSefp6o3c2NsZ6rpXw,41.881311,-87.675728,.jpg"
satellite_41.88256481054794_-87.68414798034027.png,"N2FRfhjvfIH8_VyhlcKU3Q,41.882531,-87.684042,.jpg"
satellite_41.876659506400465_-87.62070310792842.png,"CiEksKCcnmpKwh_o7D46Lg,41.876757,-87.620699,.jpg"
satellite_41.887157824884866_-87.63215843211388.png,"49_m1fll3EdNbrlAgN718Q,41.887295,-87.632301,.jpg"
satellite_41.8543505796211_-87.63964845177362.png,"2YMg1SIF8WpzYC-Z2a5raQ,41.854226,-87.639445,.jpg"
satellite_41.87567528904255_-87.64361375629936.png,"NW2z_nuAFVT4dxwbeHkL8A,41.875732,-87.643564,.jpg"
satellite_41.89273505657971_-87.6502225971756.png,"XwudcmeSCtJ-QjvLbwYJ1w,41.892751,-87.650054,.jpg"
satellite_41.86156817357913_-87.64449493508286.png,"xjlSxOWleZ-nmxGF7RdtHw,41.861661,-87.644288,.jpg"
satellite_41.880268303379474_-87.66035615318582.png,"ZQxCdJfT8pCVS6KezxENCQ,41.880268,-87.660540,.jpg"
satellite_41.89273505657971_-87.68062326520628.png,"goHdYpUu69d2fzAjILFTPg,41.892670,-87.680652,.jpg"
satellite_41.89503156374817_-87.68106385459802.png,"fzNE8TXVHhPjn1Wrzkzv7w,41.894914,-87.681039,.jpg"
satellite_41.89404734639026_-87.63083666393864.png,"gVX3JEDOvXmjdacsTl--6g,41.894056,-87.631027,.jpg"
satellite_41.887813969790145_-87.62466841245416.png,"7p3Ajply67XtkpcyqdQINQ,41.887682,-87.624467,.jpg"
satellite_41.85894359395803_-87.66167792136108.png,"60UTCQS1ds70NyOBtg7gEQ,41.858833,-87.661869,.jpg"
satellite_41.88289288300058_-87.65991556379407.png,"xHKzS4ILIfStY2HaYhnchA,41.882943,-87.659825,.jpg"
satellite_41.88453324526377_-87.63568314724787.png,"7BKkvLwS4xkStK4W5vXvlw,41.884450,-87.635539,.jpg"
satellite_41.86976998489507_-87.68194503338152.png,"HQLaeLuz_En-q-dCA51bPw,41.869912,-87.681838,.jpg"
satellite_41.888470114695416_-87.62070310792842.png,"L2XW-eR7wFDAa1O3KjWxeQ,41.888543,-87.620543,.jpg"
satellite_41.865176970558146_-87.67886090763928.png,"rf3kX7fE7sdThfiJyAfzPg,41.865216,-87.678685,.jpg"
satellite_41.88518939016904_-87.6682867622373.png,"avjnlrQbqKRcztfy873F0Q,41.885284,-87.668211,.jpg"
satellite_41.89503156374817_-87.62466841245416.png,"YRluWXYtQBxYy84PaI3SNw,41.894940,-87.624572,.jpg"
satellite_41.880268303379474_-87.66123733196932.png,"com8fQJo3Z0KiQnWO3Xdvw,41.880261,-87.661081,.jpg"
satellite_41.856647086789565_-87.6484602396086.png,"9RonMV0m0hAlYuuZ9tXPLg,41.856565,-87.648244,.jpg"
satellite_41.86714540527397_-87.6259901806294.png,"a3VMcp4SwXg6FTxxfGOLsA,41.867062,-87.625890,.jpg"
satellite_41.887485897337505_-87.67886090763928.png,"5NFHBLjlxUTneTl-IRqLxg,41.887641,-87.678929,.jpg"
satellite_41.85271021735791_-87.6726926561548.png,"Y7QzeekQ8TM-xGse2Fvb1g,41.852687,-87.672676,.jpg"
satellite_41.85467865207374_-87.62378723367065.png,"SO9G05hdQxMwQI4IKu1hWw,41.854584,-87.623927,.jpg"
satellite_41.874362999232_-87.67137088797955.png,"UqdiLt5JgB-7Poq_Vvgs8g,41.874461,-87.671563,.jpg"
satellite_41.8595997388633_-87.64625729264985.png,"iBZIxtdhW7KhMrHKPibOtA,41.859519,-87.646155,.jpg"
satellite_41.87567528904255_-87.66123733196932.png,"CEZ49EdCkIVfgQL-0ASehg,41.875516,-87.661120,.jpg"
satellite_41.89339120148498_-87.68679151669076.png,"MCasWy6kLTpP3DL1xaqpSA,41.893248,-87.686738,.jpg"
satellite_41.89339120148498_-87.66960853041255.png,"5YtKja1eb4NIxpPL7BxMyQ,41.893549,-87.669666,.jpg"
satellite_41.86255239093704_-87.64978200778384.png,"G1mPDCbTpXZEwyO8ldpn7Q,41.862471,-87.649583,.jpg"
satellite_41.86714540527397_-87.64537611386636.png,"P7-i92aViGacur084VEq3Q,41.867084,-87.645264,.jpg"
satellite_41.855006724526376_-87.68106385459802.png,"5QpCuH3dZSWfzo-74SMRjw,41.854855,-87.681085,.jpg"
satellite_41.85861552150539_-87.66299968953632.png,"rjleb6DdhiCrRJ4rqZfCQg,41.858767,-87.662877,.jpg"
satellite_41.857959376600114_-87.67886090763928.png,"zNu6Sprm0RXLsw1O0cQ8Qg,41.858090,-87.678666,.jpg"
satellite_41.88387710035849_-87.62114369732016.png,"6L10iVYHhpFcLy6jPMsEfg,41.883765,-87.621275,.jpg"
satellite_41.88551746262168_-87.63083666393864.png,"DAbYJHfJiKFDkxzavI_zsA,41.885616,-87.630995,.jpg"
satellite_41.88978240450597_-87.63964845177362.png,"wCWLYmgybh4seRo_QGyKXQ,41.889701,-87.639865,.jpg"
satellite_41.890110476958604_-87.65595025926834.png,"DmGLCFPFaSnEqZl20_Jx2w,41.890157,-87.655760,.jpg"
satellite_41.854022507168466_-87.62995548515515.png,"pk6e7fIjixMEep97M24IzA,41.854100,-87.630115,.jpg"
satellite_41.880268303379474_-87.66211851075282.png,"gBpqrWZSE39kR85ykPtTiA,41.880243,-87.662008,.jpg"
satellite_41.89503156374817_-87.67621737128879.png,"lUBOWv1KiV2euICr3aZ_9Q,41.895013,-87.676344,.jpg"
satellite_41.869113839989794_-87.64405434569112.png,"KFiLePPZyPXnfuJnd1-stw,41.869208,-87.644259,.jpg"
satellite_41.89339120148498_-87.66652440467031.png,"iQ8mdIvB33_JzDN0AS8meA,41.893346,-87.666704,.jpg"
satellite_41.8769875788531_-87.6259901806294.png,"4kjFjJzk-HOdqzd_UMF-VA,41.876997,-87.626093,.jpg"
satellite_41.877971796211014_-87.68458856973201.png,"-Gq1oWCx-qme785zYN2qmg,41.878088,-87.684486,.jpg"
satellite_41.87141034715826_-87.67577678189704.png,"1bEvK4yQ8NYAcGtXIpsBjg,41.871514,-87.675768,.jpg"
satellite_41.878956013568924_-87.63700491542313.png,"2F3rqzub6oNJveNakMGkVw,41.879045,-87.636889,.jpg"
satellite_41.87206649206354_-87.67621737128879.png,"9yOnTHv3Lp3nosBXtrpN4A,41.872072,-87.676251,.jpg"
satellite_41.866161187916056_-87.68591033790726.png,"E_AMH5XuK6AaZ9F9iccQqg,41.866071,-87.686106,.jpg"
satellite_41.87206649206354_-87.62731194880465.png,"BkGIgI2CZj3b2ZE4SEJOAA,41.872148,-87.627499,.jpg"
satellite_41.876331433947826_-87.6682867622373.png,"yWp9VKhbqFXuGwl7TE10aQ,41.876337,-87.668403,.jpg"
satellite_41.87141034715826_-87.65991556379407.png,"xhbvVO5VRzSISA39loc-BQ,41.871254,-87.659970,.jpg"
satellite_41.88190866564266_-87.65550966987658.png,"N0NC-N37imzDptCXxKxvEg,41.882055,-87.655484,.jpg"
satellite_41.89043854941124_-87.6312772533304.png,"zGdkqgctAMF6m01A5kh2Cw,41.890399,-87.631097,.jpg"
satellite_41.86845769508452_-87.64713847143335.png,"unrWzWFCLL0CJu_dGGQj0Q,41.868601,-87.647032,.jpg"
satellite_41.887485897337505_-87.66564322588681.png,"y1iHTvntvvoDUT1T5nTGVg,41.887596,-87.665499,.jpg"
satellite_41.88518939016904_-87.63964845177362.png,"Llk43D6N9k75HhP0-FZV8g,41.885195,-87.639867,.jpg"
satellite_41.89339120148498_-87.66123733196932.png,"s_WpD2WoRxwrLSZgs3LA2g,41.893436,-87.661365,.jpg"
satellite_41.8717384196109_-87.66960853041255.png,"pXvBSM7tzm5E4rEqwds8Dw,41.871871,-87.669663,.jpg"
satellite_41.87337878187409_-87.65815320622708.png,"BiinFK10CKAgJqa1JpUcXg,41.873233,-87.658024,.jpg"
satellite_41.878627941116285_-87.63524255785613.png,"LjGvivlFL0sbeZUifTGFsw,41.878481,-87.635203,.jpg"
satellite_41.8822367380953_-87.65418790170133.png,"xmIvBM0PnXSvYUWmIFHKiQ,41.882223,-87.654365,.jpg"
satellite_41.8543505796211_-87.68150444398977.png,"fuu2sfqJqfvJMoUnovXLpA,41.854388,-87.681423,.jpg"
satellite_41.88486131771641_-87.62466841245416.png,"pm2GBj3JFa0zjS1eMCUMcQ,41.884748,-87.624601,.jpg"
satellite_41.85303828981055_-87.63348020028914.png,"X0Ds-h_d2ae4erBGPcavcg,41.852913,-87.633561,.jpg"
satellite_41.888798187148055_-87.67621737128879.png,"L4a9uNbHXDnleIPATXSIIw,41.888659,-87.676200,.jpg"
satellite_41.87829986866365_-87.66476204710331.png,"zNzRztJhLhEV_ngzufvcEQ,41.878424,-87.664709,.jpg"
satellite_41.85927166641066_-87.66211851075282.png,"N2Lhytf6OD10h4gQzka72A,41.859235,-87.662174,.jpg"
satellite_41.85927166641066_-87.64669788204161.png,"VYkg-ugQ34iOn1KHJpEbZw,41.859211,-87.646703,.jpg"
satellite_41.87928408602156_-87.68546974851552.png,"EWEJpjORM0g5aWwC1jqW2Q,41.879326,-87.685571,.jpg"
satellite_41.8543505796211_-87.66476204710331.png,"ea30-yyFEQWLNKNfDzIPkA,41.854229,-87.664681,.jpg"
satellite_41.88518939016904_-87.68767269547426.png,"iIBmo6YDY_srtb2KSMP55A,41.885336,-87.687787,.jpg"
satellite_41.87403492677936_-87.6484602396086.png,"gY8LE7M20rtXyugtn7vG-Q,41.873938,-87.648668,.jpg"
satellite_41.87075420225298_-87.64801965021685.png,"j2D6PpRi8G7rSxwSJbN7CA,41.870855,-87.647938,.jpg"
satellite_41.88289288300058_-87.66432145771157.png,"QesN7Nb_mO5QTBncWtKXnw,41.882863,-87.664310,.jpg"
satellite_41.85271021735791_-87.63480196846439.png,"pf-wprfwdjwRBY3Yi7wg0A,41.852801,-87.635022,.jpg"
satellite_41.87075420225298_-87.68591033790726.png,"Z21SRxzzo-tMoW_Hiu-uKg,41.870865,-87.686072,.jpg"
satellite_41.86255239093704_-87.65418790170133.png,"6uCP549JQHYai40jRrIq-w,41.862552,-87.654381,.jpg"
satellite_41.855662869431654_-87.6303960745469.png,"MZoHg95mdQz2obqg0oVITg,41.855747,-87.630199,.jpg"
satellite_41.878627941116285_-87.68458856973201.png,"kHfODzLRvW1DB8GGFZXWRg,41.878638,-87.684415,.jpg"
satellite_41.86583311546342_-87.67665796068053.png,"jbZZBafZUNeT-PRjpGdUhg,41.865856,-87.676509,.jpg"
satellite_41.8822367380953_-87.68546974851552.png,"nHWhGdscnTzBUjdGpHOhMw,41.882099,-87.685518,.jpg"
satellite_41.876331433947826_-87.67048970919605.png,"F9Z2yyo_QJlRHItFf3OrYg,41.876203,-87.670334,.jpg"
satellite_41.87567528904255_-87.63303961089738.png,"-RDm33BfCfPu519a4cjxdA,41.875653,-87.633252,.jpg"
satellite_41.86025588376858_-87.62334664427891.png,"y-A1mr6u5Y_3Ua2sn9Tkxw,41.860221,-87.623176,.jpg"
satellite_41.87075420225298_-87.688113284866.png,"pXP9P4QnSmtoMgBEu5dKtA,41.870693,-87.688002,.jpg"
satellite_41.855334796979015_-87.62466841245416.png,"xc9rd-eSxa4DuGlOBviO1g,41.855496,-87.624709,.jpg"
satellite_41.85894359395803_-87.65991556379407.png,"0a33oxet2rlA3bsYGqSoKw,41.858816,-87.659707,.jpg"
satellite_41.89273505657971_-87.66960853041255.png,"yO-524WknE7W2zM6DACYOw,41.892811,-87.669660,.jpg"
satellite_41.88453324526377_-87.64449493508286.png,"epAaCzktbqpfFbhXyMwX5Q,41.884457,-87.644501,.jpg"
satellite_41.88322095545322_-87.67797972885577.png,"z-iCknhRntSjGGDZbkIl2g,41.883147,-87.677766,.jpg"
satellite_41.87042612980035_-87.63348020028914.png,"RFMHjc1qFN1VAPtB_8h91Q,41.870528,-87.633504,.jpg"
satellite_41.87403492677936_-87.64713847143335.png,"EYC8yMhG2GzKuc-Lzo0k7A,41.873931,-87.647304,.jpg"
satellite_41.88420517281113_-87.67181147737129.png,"igPSOiU8GQ4DnFyqC8K3nw,41.884200,-87.671970,.jpg"
satellite_41.856647086789565_-87.63259902150564.png,"zA3rN-Es3JKyv1CYjUMfvw,41.856630,-87.632673,.jpg"
satellite_41.87239456451617_-87.68899446364951.png,"EsM8IOCCKzY0Fqq5iMGIwg,41.872510,-87.689023,.jpg"
satellite_41.875347216589915_-87.65903438501057.png,"yUYRFeWFaK91uAy2lMSd-A,41.875299,-87.659165,.jpg"
satellite_41.85336636226319_-87.63392078968089.png,"ySTjEOCqOISaqd2Tjd7aqg,41.853504,-87.634011,.jpg"
satellite_41.880268303379474_-87.66299968953632.png,"coFzd_cemA-5flQ4AQCndA,41.880233,-87.662819,.jpg"
satellite_41.87239456451617_-87.67621737128879.png,"XDT2tNIItj9D3GTRTDbRqg,41.872251,-87.676257,.jpg"
satellite_41.869113839989794_-87.67974208642278.png,"TrRbX6uXRi5gw3uNEytUdg,41.869081,-87.679572,.jpg"
satellite_41.85828744905275_-87.67621737128879.png,"XdCxLL26Zo8JP-3O1aefrA,41.858357,-87.676043,.jpg"
satellite_41.887813969790145_-87.63700491542313.png,"tmjy9uAZPk8SAhZn9s0pCQ,41.887781,-87.637215,.jpg"
satellite_41.857959376600114_-87.65550966987658.png,"ay9zGbK9PojwKXisoD5TJg,41.857992,-87.655353,.jpg"
satellite_41.88551746262168_-87.64890082900035.png,"KYBjZVvTOFqm_1XIh60YjQ,41.885658,-87.649091,.jpg"
satellite_41.85894359395803_-87.62995548515515.png,"Do0BGW1CnDYFPIG8cM2C4w,41.858943,-87.629839,.jpg"
satellite_41.8822367380953_-87.6682867622373.png,"Gq89lD_7Ooq1v9DBciRpuQ,41.882376,-87.668148,.jpg"
satellite_41.86189624603177_-87.68591033790726.png,"4B-WFf7Y8pDuoKUccodZjw,41.861787,-87.685975,.jpg"
satellite_41.88518939016904_-87.61717839279443.png,"CLnRpsF4XBjcj4B9a-8y8A,41.885268,-87.617375,.jpg"
satellite_41.890110476958604_-87.62731194880465.png,"_Ryqw4S103IV-WvzQgQQdg,41.890058,-87.627473,.jpg"
satellite_41.856647086789565_-87.64008904116537.png,"nidxpWeELb7sMiva5NI-mA,41.856566,-87.639919,.jpg"
satellite_41.89306312903235_-87.64008904116537.png,"9wJ_HiM59F2lLKlVoVskmQ,41.893122,-87.640221,.jpg"
satellite_41.887157824884866_-87.65198495474259.png,"CQ68TKS-RoBQ5pVDxTRIGA,41.887274,-87.652175,.jpg"
satellite_41.866817332821334_-87.68414798034027.png,"iQLDg_jjuJnp5eCTR9SrhQ,41.866735,-87.684139,.jpg"
satellite_41.85271021735791_-87.6303960745469.png,"vQ51aAcU60ddS9ng1M3g7Q,41.852778,-87.630416,.jpg"
satellite_41.86255239093704_-87.6511037759591.png,"8wOnWG2--NxpPTArjiI9HQ,41.862639,-87.650928,.jpg"
satellite_41.89240698412707_-87.65859379561883.png,"d_fzY2cEuwHSltC0r24MXA,41.892516,-87.658597,.jpg"
satellite_41.8543505796211_-87.62995548515515.png,"EUC96OJFP32tXGu2rnrlAQ,41.854190,-87.630118,.jpg"
satellite_41.87305070942145_-87.6458167032581.png,"-GPpKwQinGj_0TDhMPbq1Q,41.873093,-87.645704,.jpg"
satellite_41.888798187148055_-87.66564322588681.png,"OWn5TtymrsEKL0fr7k42sA,41.888877,-87.665753,.jpg"
satellite_41.89175083922179_-87.66299968953632.png,"iKNTmSLr0Putu2QPZhRD1w,41.891820,-87.663106,.jpg"
satellite_41.89371927393762_-87.68635092729902.png,"esSdybV76hWbd94XzhAt1A,41.893636,-87.686254,.jpg"
satellite_41.87239456451617_-87.65330672291783.png,"FvY8VlDvy8tR0-FK2KDbbA,41.872265,-87.653276,.jpg"
satellite_41.855662869431654_-87.6493414183921.png,"3HCiv-d16OgrmwydJT73Hw,41.855701,-87.649410,.jpg"
satellite_41.875347216589915_-87.62951489576339.png,"CSR2d4My_lMdmGX4dEvbdw,41.875398,-87.629709,.jpg"
satellite_41.8595997388633_-87.6726926561548.png,"AwrQ0NER63Mu9np7jucH2w,41.859536,-87.672880,.jpg"
satellite_41.877643723758375_-87.67577678189704.png,"Yy9hucYZ0ESm4ERYRY_MbQ,41.877486,-87.675870,.jpg"
satellite_41.86255239093704_-87.6682867622373.png,"D7CJPf6Zdy8ebDzLXhobSg,41.862661,-87.668452,.jpg"
satellite_41.887485897337505_-87.62643077002116.png,"ndf_5VqjCnKlVxTpKX4xFQ,41.887360,-87.626521,.jpg"
satellite_41.8769875788531_-87.64625729264985.png,"htw5QRPm8gSFaBtAvnMocA,41.877045,-87.646185,.jpg"
satellite_41.887157824884866_-87.64978200778384.png,"Yd38g7__c3Tb2e0CeXkVtA,41.887293,-87.649873,.jpg"
satellite_41.8717384196109_-87.65198495474259.png,"34uSueIBOXTSOybF2WvY8g,41.871860,-87.651898,.jpg"
satellite_41.86583311546342_-87.65066318656734.png,"ui6fKMV9YAN3i4sFiAJmeQ,41.865948,-87.650864,.jpg"
satellite_41.88322095545322_-87.67577678189704.png,"S7IBi9-Tiaf39YTgp8a_iQ,41.883177,-87.675863,.jpg"
satellite_41.877971796211014_-87.6511037759591.png,"3SC_usvbNG0u8tssV-bu-w,41.877891,-87.651141,.jpg"
satellite_41.890110476958604_-87.62026251853666.png,"Wrq-G5nwICKZOMGCm1Re1A,41.890195,-87.620179,.jpg"
satellite_41.866817332821334_-87.6726926561548.png,"wzkmb8Z-HcHpy_hGDM6GrQ,41.866889,-87.672690,.jpg"
satellite_41.88551746262168_-87.68635092729902.png,"p-mmHlfK5syPeuOFDtFdPw,41.885388,-87.686281,.jpg"
satellite_41.86583311546342_-87.67137088797955.png,"UFgdvQ9g5notWgmsncPvhA,41.865766,-87.671316,.jpg"
satellite_41.8543505796211_-87.64625729264985.png,"1A8EFafucnjZ82VV2MBdgQ,41.854206,-87.646244,.jpg"
satellite_41.86812962263188_-87.61894075036142.png,"LQ-ImMNRRaLaMUuQSNoAvA,41.868095,-87.619001,.jpg"
satellite_41.85828744905275_-87.66696499406206.png,"AhTn9JbxMtRMkfM4YL-sjQ,41.858241,-87.667088,.jpg"
satellite_41.8543505796211_-87.6259901806294.png,"frhwv3cKkNdRivL6xTj4Vg,41.854286,-87.625905,.jpg"
satellite_41.8822367380953_-87.61717839279443.png,"ntMVk7kX3PCF04CBGo1K2g,41.882156,-87.617331,.jpg"
satellite_41.87469107168464_-87.6493414183921.png,"SVc-d-a82mLkCRdDjaApUw,41.874671,-87.649273,.jpg"
satellite_41.89404734639026_-87.68679151669076.png,"cohvI3xqRbSGS6ERZVDULA,41.893911,-87.686810,.jpg"
satellite_41.85992781131594_-87.62951489576339.png,"hktOi2W_3KkkNEp9zCGccg,41.860007,-87.629489,.jpg"
satellite_41.85369443471583_-87.6484602396086.png,"ToH_ZmL1M-F76k7sS8FcQw,41.853773,-87.648661,.jpg"
satellite_41.857959376600114_-87.66696499406206.png,"OCJ8VOImCu6MJPMpKuqLCQ,41.858001,-87.666834,.jpg"
satellite_41.855334796979015_-87.65198495474259.png,"4EBFT04F2afxVfJgZwCVkA,41.855265,-87.652120,.jpg"
satellite_41.875347216589915_-87.66564322588681.png,"yNUV3-Ko-J-5yM6N7fUw3Q,41.875189,-87.665538,.jpg"
satellite_41.85992781131594_-87.6502225971756.png,"O9R_N0LusuTBYpRUBjZ7eA,41.859850,-87.650162,.jpg"
satellite_41.875019144137276_-87.62026251853666.png,"HytAAhwonz83lz2pbPG-XA,41.874998,-87.620091,.jpg"
satellite_41.87829986866365_-87.65727202744358.png,"R8XX4Sbr56qp98YwVIkqig,41.878249,-87.657317,.jpg"
satellite_41.8595997388633_-87.64405434569112.png,"npEewn3uXtjYB-FBq5H64A,41.859491,-87.643853,.jpg"
satellite_41.89470349129554_-87.63436137907263.png,"L4HYbUAoUFSySFZQvfmtTg,41.894683,-87.634172,.jpg"
satellite_41.8769875788531_-87.63964845177362.png,"-KIuFMU2sSPizFZY54YsEA,41.876942,-87.639748,.jpg"
satellite_41.86124010112649_-87.65418790170133.png,"oVQXYPkU2N6TtXPObat7bA,41.861297,-87.654162,.jpg"
satellite_41.87469107168464_-87.65066318656734.png,"2ky7QI9V_Kdnw1Xgea7wDg,41.874577,-87.650548,.jpg"
satellite_41.89043854941124_-87.68062326520628.png,"yEhP88EsZTuzoPO_ghr8iQ,41.890350,-87.680484,.jpg"
satellite_41.877971796211014_-87.64405434569112.png,"GsMNR0OsNm70jkJDVOxANQ,41.878060,-87.644007,.jpg"
satellite_41.89503156374817_-87.62026251853666.png,"kR3DnVOYeRQuwhI6gWBOcg,41.895006,-87.620354,.jpg"
satellite_41.88322095545322_-87.67533619250528.png,"QLi_OhrpWCfylKwej9WQuw,41.883187,-87.675399,.jpg"
satellite_41.87928408602156_-87.64801965021685.png,"BO1KUG7aDtXZMeIHkLXqaA,41.879222,-87.647876,.jpg"
satellite_41.855006724526376_-87.66432145771157.png,"1dYrKup13HBuRzM1ntwqIQ,41.855108,-87.664280,.jpg"
satellite_41.87600336149519_-87.64801965021685.png,"tnZX3MWlVHJOomWKKKBnjw,41.876132,-87.648035,.jpg"
satellite_41.867473477726605_-87.66652440467031.png,"dd0H4nX-4Bbxy4TNn4h4ww,41.867364,-87.666523,.jpg"
satellite_41.88256481054794_-87.65683143805182.png,"wWlcjK-s6W8MKC_mG8JLSg,41.882512,-87.656734,.jpg"
satellite_41.87928408602156_-87.63876727299012.png,"xz4ZV6_y3CzDt5iuGbTIBw,41.879323,-87.638758,.jpg"
satellite_41.86845769508452_-87.63171784272214.png,"uqSEXYVARg359oRksgkxRQ,41.868534,-87.631561,.jpg"
satellite_41.87403492677936_-87.68458856973201.png,"63z8udeH9aSdAaSBZRQW5Q,41.873931,-87.684369,.jpg"
satellite_41.89371927393762_-87.67709855007229.png,"1XzphNtpdMeDu8YFvWGhPw,41.893622,-87.677110,.jpg"
satellite_41.88584553507432_-87.65903438501057.png,"rEQccHMqomL_x49OLPy5BA,41.885923,-87.658873,.jpg"
satellite_41.86714540527397_-87.66564322588681.png,"v92gKp3SwhH6LUFuNau5gw,41.867005,-87.665580,.jpg"
satellite_41.85303828981055_-87.64669788204161.png,"A18Ls7DykYsU3A-fswINDg,41.853137,-87.646482,.jpg"
satellite_41.89142276676916_-87.64141080934061.png,"0qVwm1Z8c2J7cjSe4vcbrQ,41.891328,-87.641208,.jpg"
satellite_41.87337878187409_-87.64801965021685.png,"asnU6yeAsUqiDOYGBgPVhA,41.873290,-87.647928,.jpg"
satellite_41.88125252073739_-87.67621737128879.png,"9vlN2kmCHFkXWGSagGO2Sg,41.881301,-87.676028,.jpg"
satellite_41.87075420225298_-87.68591033790726.png,"ZzQioRDjwE61PCsobc9Ihw,41.870597,-87.686064,.jpg"
satellite_41.86288046338968_-87.66872735162906.png,"CeO1MkvkpZIMqVDhXC61Mw,41.862738,-87.668792,.jpg"
satellite_41.88092444828475_-87.65683143805182.png,"Cjx-VhbmmgOlB4sYxcStpw,41.880785,-87.656900,.jpg"
satellite_41.87009805734771_-87.68767269547426.png,"h3tZJ0biBBKx-rocYOzhFQ,41.870230,-87.687682,.jpg"
satellite_41.88945433205333_-87.66211851075282.png,"jfD_9YWdxAPGcFf3PQIsJA,41.889513,-87.662148,.jpg"
satellite_41.87600336149519_-87.65506908048484.png,"iVIjIhBashq0Iq8mze23Iw,41.876013,-87.655014,.jpg"
satellite_41.87994023092684_-87.68062326520628.png,"qPLUC1JBQUlwsAMCuZLntw,41.879951,-87.680806,.jpg"
satellite_41.877643723758375_-87.68326680155677.png,"rUq9-jfvKv_oCWfjnw3kfg,41.877589,-87.683175,.jpg"
satellite_41.86484889810551_-87.67533619250528.png,"yWIBNLZXNRD_CyfaL7ymRQ,41.864972,-87.675382,.jpg"
satellite_41.889126259600694_-87.6691679410208.png,"wDIPWr1aB-WGoYdMS_MZrA,41.888975,-87.668977,.jpg"
satellite_41.86452082565287_-87.67137088797955.png,"lfhRuvmkcdbFnGmV7bsN4g,41.864597,-87.671327,.jpg"
satellite_41.89109469431652_-87.64273257751586.png,"TSC3Uo4PkDRnubY7XgdpqQ,41.891150,-87.642769,.jpg"
satellite_41.89404734639026_-87.62158428671191.png,"V5yL7KMYztxNcpVOY_7ZiQ,41.894208,-87.621564,.jpg"
satellite_41.85303828981055_-87.64185139873237.png,"7cnYhQ6IkCIYq0AeOG8Q0Q,41.853068,-87.641710,.jpg"
satellite_41.86452082565287_-87.67753913946403.png,"YZdfxbf7I4JRXLRGX6VQyg,41.864391,-87.677603,.jpg"
satellite_41.856319014336925_-87.65815320622708.png,"9kqBu1M_xzFRHOLSM6BvrA,41.856293,-87.658215,.jpg"
satellite_41.87370685432673_-87.6493414183921.png,"QEn6BYr7SrILGgvDQmgebQ,41.873818,-87.649183,.jpg"
satellite_41.86812962263188_-87.63348020028914.png,"L7DLY88j3TMspx3ix6MOUQ,41.867974,-87.633416,.jpg"
satellite_41.85992781131594_-87.6484602396086.png,"s-7D9HFoJeRZxQBFCad0Tw,41.859881,-87.648448,.jpg"
satellite_41.87108227470562_-87.67665796068053.png,"WvsXPqbuyAEqir-y-rzI9g,41.871150,-87.676440,.jpg"
satellite_41.85238214490528_-87.64890082900035.png,"HvHGFXyOFQfvFjIoq5NLJw,41.852306,-87.648990,.jpg"
satellite_41.86484889810551_-87.64141080934061.png,"X2-OCh3tA_j_R-BOQcDM6w,41.864880,-87.641623,.jpg"
satellite_41.85303828981055_-87.62114369732016.png,"XZxpo6db-L5RWIWCK2htJg,41.852984,-87.620977,.jpg"
satellite_41.88354902790585_-87.68018267581452.png,"pcGBzzQwi0Jmg3KwpjCUfw,41.883553,-87.680282,.jpg"
satellite_41.875019144137276_-87.66652440467031.png,"tXrTdigOllBHwwpD2RDtLA,41.874938,-87.666588,.jpg"
satellite_41.87403492677936_-87.6511037759591.png,"YS0XPMTdSQEqNC0ZquEHiw,41.874019,-87.651232,.jpg"
satellite_41.887485897337505_-87.65550966987658.png,"5qxpnLZ4YHaj-W6H3iA1eA,41.887573,-87.655677,.jpg"
satellite_41.86976998489507_-87.65550966987658.png,"cvEhfF0Bam4gdv_eKzBILw,41.869778,-87.655295,.jpg"
satellite_41.88518939016904_-87.62951489576339.png,"tX9RxNWM2epXntT-lh3xxA,41.885099,-87.629486,.jpg"
satellite_41.85369443471583_-87.68326680155677.png,"RlqNAQCr6DlkPWZT_Ht4OA,41.853790,-87.683228,.jpg"
satellite_41.866817332821334_-87.65815320622708.png,"aj264xLJLtwT9CBQR8bGUA,41.866910,-87.658198,.jpg"
satellite_41.87994023092684_-87.66432145771157.png,"Enw6temgaM4eHvzIW6s8Mw,41.880092,-87.664410,.jpg"
satellite_41.88092444828475_-87.62290605488717.png,"YV-BN0wZ0vDjLhV2pZzI6g,41.880839,-87.622915,.jpg"
satellite_41.867473477726605_-87.63656432603138.png,"56bSzeAsCfwB6lUMaKbLyA,41.867320,-87.636461,.jpg"
satellite_41.89339120148498_-87.63171784272214.png,"rF2Rb5rEhqvbvAyxgFXxAg,41.893253,-87.631913,.jpg"
satellite_41.876331433947826_-87.66608381527855.png,"th0hDozYFQB6IVy7IbUA8Q,41.876323,-87.666070,.jpg"
satellite_41.867801550179244_-87.64052963055713.png,"ZMSmAwFnNDHh4kIb4efU2g,41.867714,-87.640516,.jpg"
satellite_41.86484889810551_-87.6726926561548.png,"QVno4k2YpkdugS-gDJIEug,41.864981,-87.672694,.jpg"
satellite_41.87108227470562_-87.68767269547426.png,"OBh_sh2AjNEQa91oRoHRcA,41.871157,-87.687654,.jpg"
satellite_41.88453324526377_-87.68987564243301.png,"i18HdT8kiho7HuFWmwNcVw,41.884524,-87.689935,.jpg"
satellite_41.855990941884286_-87.65066318656734.png,"U9CWn1PzN29yRDrn2UD2Pg,41.855896,-87.650708,.jpg"
satellite_41.869113839989794_-87.68591033790726.png,"HTF_C0siRf2iduxxSCK9nw,41.869081,-87.686019,.jpg"
satellite_41.87567528904255_-87.62907430637165.png,"q4-F0u-dH1WAdC02wzB_xg,41.875674,-87.628968,.jpg"
satellite_41.85730323169484_-87.66344027892806.png,"cwPocQ82xWSGHeIste9mnA,41.857246,-87.663229,.jpg"
satellite_41.89339120148498_-87.63259902150564.png,"E6zns7F1825xHISzdISuJA,41.893475,-87.632685,.jpg"
satellite_41.88125252073739_-87.65462849109309.png,"hiMuyy0awyIMnrKtCPIaCg,41.881330,-87.654719,.jpg"
satellite_41.87305070942145_-87.64405434569112.png,"hkF3fsH7Ag6M6fAl1KX28A,41.872942,-87.643877,.jpg"
satellite_41.87994023092684_-87.61761898218617.png,"wKP0t4pHtbZiY66nX_giSA,41.880072,-87.617636,.jpg"
satellite_41.85861552150539_-87.6502225971756.png,"I-rVRh9ejB85_MveijDlPA,41.858452,-87.650410,.jpg"
satellite_41.87370685432673_-87.66344027892806.png,"BcR_HobK3XGnDp1X9NS2kA,41.873761,-87.663366,.jpg"
satellite_41.866817332821334_-87.6691679410208.png,"Ka_UQZ30AIoHN-75pYoS5w,41.866710,-87.669209,.jpg"
satellite_41.88453324526377_-87.65418790170133.png,"3zX5_oNntbiHDpS5IFUoHg,41.884383,-87.654039,.jpg"
satellite_41.88978240450597_-87.67577678189704.png,"udRmfuoErTCKmLZTPNjvgw,41.889763,-87.675799,.jpg"
satellite_41.88387710035849_-87.6458167032581.png,"gVsXuCtlsjAIM0ikBa7J3g,41.883823,-87.645746,.jpg"
satellite_41.89109469431652_-87.61894075036142.png,"qG_bSn2Mn5muH2OQVe5nHw,41.891029,-87.619116,.jpg"
satellite_41.88158059319003_-87.6691679410208.png,"RfGTYUvduN-WkOUCWw4cZQ,41.881451,-87.668994,.jpg"
satellite_41.87009805734771_-87.67974208642278.png,"etnlqMFfgeg7rEA0c7X92w,41.870054,-87.679578,.jpg"
satellite_41.856647086789565_-87.64317316690762.png,"S89WCnfqAlSSKbP0Js9Idw,41.856708,-87.643065,.jpg"
satellite_41.888470114695416_-87.61805957157792.png,"mkNh85SW00I7jMemh7Hjbw,41.888387,-87.617957,.jpg"
satellite_41.856647086789565_-87.65418790170133.png,"1KcLoe53-yVcsUjnwPL16A,41.856626,-87.654217,.jpg"
satellite_41.855006724526376_-87.66564322588681.png,"YgtDiJxNsaxbow1qxz9-ig,41.855096,-87.665731,.jpg"
satellite_41.88453324526377_-87.67445501372178.png,"_wAx_nTnr1Z48BEFyPeqkw,41.884585,-87.674498,.jpg"
satellite_41.89404734639026_-87.67489560311354.png,"ny4ASRSqdwP5QZ5GCO0uQw,41.894142,-87.674857,.jpg"
satellite_41.87141034715826_-87.67886090763928.png,"NPkqd1CCOTAIhe5RbdxCoA,41.871459,-87.678841,.jpg"
satellite_41.854022507168466_-87.6872321060825.png,"3EzUc70iL-thb0PoE5FlJw,41.853882,-87.687179,.jpg"
satellite_41.874362999232_-87.66123733196932.png,"q80bF3PU6f76Q9uw5tdYPw,41.874256,-87.661129,.jpg"
satellite_41.865176970558146_-87.62114369732016.png,"LuY_AZwoPu7UyRpPzfL6fA,41.865088,-87.620954,.jpg"
satellite_41.8769875788531_-87.62819312758815.png,"ZiB-P-E0ck0su3IS7dk2Sg,41.876924,-87.628023,.jpg"
satellite_41.88518939016904_-87.67621737128879.png,"1qDBYZ2oJWpDQDniIkn0-w,41.885027,-87.676157,.jpg"
satellite_41.867801550179244_-87.63964845177362.png,"qRo5-SomNEMLqT-dw3DvQA,41.867846,-87.639708,.jpg"
satellite_41.867473477726605_-87.62819312758815.png,"kUsQ5iOn2oTdLoc_7TbFEQ,41.867329,-87.628405,.jpg"
satellite_41.85828744905275_-87.62466841245416.png,"PmmQg--gk4QIUb5T-51yQQ,41.858270,-87.624776,.jpg"
satellite_41.875019144137276_-87.62863371697989.png,"it_LgVxU-TLXbLSLJOLChA,41.874992,-87.628692,.jpg"
satellite_41.887485897337505_-87.6449355244746.png,"KBfS_cd3Gi2nbkfvEnkviA,41.887417,-87.644887,.jpg"
satellite_41.857959376600114_-87.65903438501057.png,"beYQo1RQGUEH7_4Kc-BU0Q,41.857898,-87.659198,.jpg"
satellite_41.89503156374817_-87.68679151669076.png,"hden9Nmxk4S97CXKUsmeCw,41.894941,-87.686748,.jpg"
satellite_41.88682975243223_-87.6511037759591.png,"fukNU-qsc8wTIj0c6L0_mg,41.886752,-87.651244,.jpg"
satellite_41.878627941116285_-87.688113284866.png,"F5WvyNs42m6gWvQdNTOdmw,41.878469,-87.688182,.jpg"
satellite_41.874362999232_-87.65154436535084.png,"_IaBp8nIWmkEFysZlNSgNA,41.874413,-87.651396,.jpg"
satellite_41.89142276676916_-87.66255910014456.png,"mtshN0sQBw8Nu6zjcmRaiQ,41.891508,-87.662696,.jpg"
satellite_41.86288046338968_-87.62114369732016.png,"C28DPWijNndoVjnreYs9Nw,41.862850,-87.621177,.jpg"
satellite_41.89273505657971_-87.64361375629936.png,"GieUODVplICv7gyO37Ucrg,41.892576,-87.643606,.jpg"
satellite_41.856975159242204_-87.66388086831981.png,"qwd7cNmOz4eN7HR8PlPubw,41.856925,-87.663912,.jpg"
satellite_41.889126259600694_-87.63392078968089.png,"S4ILzkNslzSOXnQVzVaANw,41.889118,-87.634015,.jpg"
satellite_41.85828744905275_-87.66784617284556.png,"IOx62MqYO6rUQEzyhmFOYg,41.858235,-87.667688,.jpg"
satellite_41.87042612980035_-87.67974208642278.png,"a_rYOp2BoaTMycgcx2v1EQ,41.870434,-87.679927,.jpg"
satellite_41.878627941116285_-87.63788609420662.png,"kFv1S0CIc_yYlUXUK5JQ-Q,41.878606,-87.638094,.jpg"
satellite_41.855334796979015_-87.6691679410208.png,"4sq47_W_EQ87-1N-CMtyJg,41.855474,-87.669268,.jpg"
satellite_41.87272263696881_-87.68326680155677.png,"Wiit62hXq9D7GqzbVktUyA,41.872668,-87.683128,.jpg"
satellite_41.854022507168466_-87.63480196846439.png,"lti_HYTIM9PFnEqwYi3MNQ,41.853899,-87.634748,.jpg"
satellite_41.855662869431654_-87.63171784272214.png,"n1YsbATlWgAWtto4kxxKwA,41.855608,-87.631859,.jpg"
satellite_41.85861552150539_-87.64449493508286.png,"dgJoRqvEwVdMzmC-WXGgsQ,41.858469,-87.644635,.jpg"
satellite_41.85303828981055_-87.68987564243301.png,"Vm2EAhw4KWzU2I7V4WOF5A,41.852916,-87.689908,.jpg"
satellite_41.87829986866365_-87.63392078968089.png,"r-gQYspv02hyHiimoz1duA,41.878179,-87.633726,.jpg"
satellite_41.890110476958604_-87.62863371697989.png,"c1gOJ_gOvJoZGBSP6q7PUQ,41.890058,-87.628765,.jpg"
satellite_41.88682975243223_-87.65198495474259.png,"D3lB5bNv_CKNFzIoR3qhHg,41.886746,-87.651828,.jpg"
satellite_41.86156817357913_-87.66211851075282.png,"LWMxFTuWl9GuKAOr6hCpfw,41.861543,-87.662128,.jpg"
satellite_41.886173607526956_-87.63259902150564.png,"6W70eBNR8DYCdn7Z-Mqjbw,41.886267,-87.632531,.jpg"
satellite_41.85369443471583_-87.62554959123766.png,"kUMXrmfPHdlTHOv0h0UG_g,41.853559,-87.625559,.jpg"
satellite_41.855334796979015_-87.65066318656734.png,"9PDKKcjrVxWabMMc5d1Ybw,41.855307,-87.650476,.jpg"
satellite_41.86452082565287_-87.65462849109309.png,"irINzNL6XRtfCZ3YdQ5Zrw,41.864660,-87.654474,.jpg"
satellite_41.88322095545322_-87.64625729264985.png,"pAde0PBtXF8bfiCR98oY-g,41.883176,-87.646326,.jpg"
satellite_41.87272263696881_-87.62070310792842.png,"92TuNddTZj5iyb5_pUXyJQ,41.872601,-87.620788,.jpg"
satellite_41.88486131771641_-87.67974208642278.png,"ORjlRUK3uN0CIA_BoxRH_A,41.884907,-87.679619,.jpg"
satellite_41.85861552150539_-87.67665796068053.png,"uZFhi2WEaqKS0effKqI9PA,41.858538,-87.676735,.jpg"
satellite_41.874362999232_-87.64185139873237.png,"Rzz3AQkEXK6CTk41rHzcvA,41.874414,-87.641665,.jpg"
satellite_41.877643723758375_-87.65506908048484.png,"aIzZD85LrEKZWsK8FOqPZw,41.877783,-87.655210,.jpg"
satellite_41.86812962263188_-87.67137088797955.png,"HZ_5SIjjZDHNAiaYMqHV0A,41.868029,-87.671492,.jpg"
satellite_41.866489260368695_-87.68767269547426.png,"-nigXX3u7KXIF5Y-wxaJsA,41.866552,-87.687490,.jpg"
satellite_41.87272263696881_-87.6484602396086.png,"zERrx1YJdPSsOvas2-OXXg,41.872866,-87.648670,.jpg"
satellite_41.876659506400465_-87.65595025926834.png,"6Zl6cw1KEds-8nfsVuFCFg,41.876563,-87.656119,.jpg"
satellite_41.86288046338968_-87.61717839279443.png,"zbi6OIWmbNuaqvBGxa1s0w,41.862984,-87.617358,.jpg"
satellite_41.86944191244243_-87.64625729264985.png,"k4gofSCFiC1RBd3UHR99Sg,41.869589,-87.646379,.jpg"
satellite_41.85828744905275_-87.62070310792842.png,"K08ygPB95q3lqPf1WlrN5A,41.858429,-87.620770,.jpg"
satellite_41.8595997388633_-87.65330672291783.png,"qUi51wvPBqcobCjR7JCVZg,41.859585,-87.653425,.jpg"
satellite_41.85730323169484_-87.66255910014456.png,"MLiU0alIIj7Zo-qnLKrHFA,41.857462,-87.662746,.jpg"
satellite_41.86583311546342_-87.65683143805182.png,"J7hMCwx77UKEJRXzVWfq9g,41.865883,-87.656681,.jpg"
satellite_41.869113839989794_-87.65286613352609.png,"g8aOI-_SridvG9C5gP2Mzw,41.869036,-87.652775,.jpg"
satellite_41.876659506400465_-87.6449355244746.png,"A5W-D8UFX5Fe-KbIGBS7dQ,41.876732,-87.645103,.jpg"
satellite_41.87337878187409_-87.62158428671191.png,"9fEGGYXNyBP4bzB9MvteYA,41.873290,-87.621627,.jpg"
satellite_41.89503156374817_-87.68370739094851.png,"Sf_eA5KQ9yuWReNm4geWtA,41.894888,-87.683733,.jpg"
satellite_41.866161187916056_-87.65462849109309.png,"sgLLuZ6545hIcTtQfY8IXw,41.866072,-87.654799,.jpg"
satellite_41.857631304147475_-87.66167792136108.png,"L1SZKe0fj6o7nUK-8_89YA,41.857520,-87.661497,.jpg"
satellite_41.86091202867385_-87.6493414183921.png,"Z5RHAqKktnz75hh2azFzYg,41.861007,-87.649220,.jpg"
satellite_41.89076662186388_-87.68106385459802.png,"yh6k-HDHBpSNqdoivH2cDw,41.890740,-87.681051,.jpg"
satellite_41.8595997388633_-87.62863371697989.png,"JgrgG-jFrJ6bZTxGfaRQ8A,41.859454,-87.628762,.jpg"
satellite_41.87108227470562_-87.6303960745469.png,"YJt5AMPVBaq3ak4kZZOXwg,41.871161,-87.630535,.jpg"
satellite_41.88387710035849_-87.63656432603138.png,"T45z87rIVWf_VJmltSy4Gw,41.883839,-87.636633,.jpg"
satellite_41.88453324526377_-87.67974208642278.png,"WpqlS3mt5allJ3IVdmPvKQ,41.884545,-87.679948,.jpg"
satellite_41.88978240450597_-87.68591033790726.png,"tUP8jHuBOtA8MYnSr8kNEA,41.889901,-87.686030,.jpg"
satellite_41.88354902790585_-87.6726926561548.png,"wFMx5P_tDnhOGmNa0K0MjQ,41.883693,-87.672635,.jpg"
satellite_41.855662869431654_-87.68326680155677.png,"q6VWm7gfproi1sIuLmEYIQ,41.855757,-87.683305,.jpg"
satellite_41.855990941884286_-87.63656432603138.png,"_tjsz1jWw0zlQOWsU2mymA,41.855835,-87.636776,.jpg"
satellite_41.87009805734771_-87.6511037759591.png,"tYGGNI2LChbqLN9jGg3IfA,41.870245,-87.651104,.jpg"
satellite_41.854022507168466_-87.64890082900035.png,"mNDUT2RHuCZBDm1K9lMOIQ,41.853934,-87.648957,.jpg"
satellite_41.89404734639026_-87.6872321060825.png,"tFIbf0fSu5jnCWWx7RVoig,41.893927,-87.687341,.jpg"
satellite_41.87075420225298_-87.63215843211388.png,"vK7HQoJbmQv89C0jQpSoWA,41.870605,-87.632206,.jpg"
satellite_41.8543505796211_-87.65727202744358.png,"ZIKYgKUmZ2zLEa8IAuX7zA,41.854339,-87.657099,.jpg"
satellite_41.85303828981055_-87.63259902150564.png,"Ai4lDTLnAbHfFnQS574UCQ,41.852921,-87.632605,.jpg"
satellite_41.86714540527397_-87.67621737128879.png,"xlO5Bcmqr2-ug1HdMy7Cwg,41.867093,-87.676172,.jpg"
satellite_41.89142276676916_-87.66388086831981.png,"zB-j9sl5J3uxs4kWa3T0Vg,41.891440,-87.663902,.jpg"
satellite_41.89404734639026_-87.67621737128879.png,"TzPS5FiqBS8kZvQf5mUFuQ,41.894119,-87.676276,.jpg"
satellite_41.87075420225298_-87.67577678189704.png,"y3Xw07vsjh8NgNEKDVQBJg,41.870603,-87.675980,.jpg"
satellite_41.89404734639026_-87.63348020028914.png,"_y9bw6NmZA70hNxiC1K55g,41.893990,-87.633451,.jpg"
satellite_41.85861552150539_-87.62158428671191.png,"eyVut-sVpnTUZ-DN3uWv2w,41.858761,-87.621598,.jpg"
satellite_41.86091202867385_-87.64978200778384.png,"Jjgs7e8sKMEfVuqxPHEofA,41.861039,-87.649747,.jpg"
satellite_41.878956013568924_-87.65727202744358.png,"zW6G43iurJYVsMlfsqjFkQ,41.879077,-87.657119,.jpg"
satellite_41.88518939016904_-87.67533619250528.png,"6dTErogy5P0vCcM1ezoDjQ,41.885055,-87.675299,.jpg"
satellite_41.86878576753716_-87.63788609420662.png,"fExNVIY6GYj-6TqQvLuZRw,41.868820,-87.637918,.jpg"
satellite_41.85467865207374_-87.6872321060825.png,"33bUSgYgqPh107LNjXOAHQ,41.854828,-87.687322,.jpg"
satellite_41.875019144137276_-87.68943505304125.png,"ICasXD96oW8SPlroDQ-nwQ,41.875159,-87.689626,.jpg"
satellite_41.869113839989794_-87.67886090763928.png,"0aLxUcvKY6FSi84_E6tVIQ,41.869089,-87.678852,.jpg"
satellite_41.89076662186388_-87.67181147737129.png,"OFAUgDw_yoseqcXu47asuw,41.890898,-87.671686,.jpg"
satellite_41.857631304147475_-87.6303960745469.png,"_r7JGg5XPMBij2-9qU2wpg,41.857596,-87.630265,.jpg"
satellite_41.876331433947826_-87.63964845177362.png,"g8agucq_Gvh4YDdgobq4Fg,41.876446,-87.639610,.jpg"
satellite_41.89273505657971_-87.67974208642278.png,"AivHglOUNCOenhmQIEYx6g,41.892682,-87.679909,.jpg"
satellite_41.8822367380953_-87.66960853041255.png,"3wLpihVJIHjaRDbG8d9OfQ,41.882379,-87.669779,.jpg"
satellite_41.86091202867385_-87.65859379561883.png,"GmTvIRA2OlaWmORp5F-GtQ,41.860753,-87.658761,.jpg"
satellite_41.876331433947826_-87.65595025926834.png,"pMxrWZBMvGZBuzRvy3YjvA,41.876330,-87.655984,.jpg"
satellite_41.85238214490528_-87.64317316690762.png,"eC7tJqITrKdo1vyUs96wYw,41.852256,-87.643111,.jpg"
satellite_41.89273505657971_-87.66211851075282.png,"SPSXojd5SLkBNxHyelnNYw,41.892844,-87.662329,.jpg"
satellite_41.86944191244243_-87.68546974851552.png,"9e_SA7L2ILqL3nxeV2wcJg,41.869545,-87.685503,.jpg"
satellite_41.88322095545322_-87.65330672291783.png,"gnm0FUoWGiStJzDJcSk9MA,41.883193,-87.653229,.jpg"
satellite_41.89240698412707_-87.62951489576339.png,"QDLC7R44Y0hfz2RpGldQdw,41.892451,-87.629518,.jpg"
satellite_41.865505043010785_-87.66564322588681.png,"BeswC2biGfizOnxySBb8FQ,41.865586,-87.665649,.jpg"
satellite_41.865505043010785_-87.64052963055713.png,"EbltvjXZP0FF6hzS9MK1uA,41.865664,-87.640647,.jpg"
satellite_41.887485897337505_-87.64141080934061.png,"VB-W7_O779BBM1xEQxCxig,41.887646,-87.641332,.jpg"
satellite_41.88059637583211_-87.63215843211388.png,"a93wVtT-c_2GwvTqxGreVg,41.880540,-87.632295,.jpg"
satellite_41.88682975243223_-87.62378723367065.png,"mFGd1rTOeA2vBexrLyMw6w,41.886834,-87.623782,.jpg"
satellite_41.89109469431652_-87.67137088797955.png,"jPcCXnOXyWlucawA0XS_Fw,41.891256,-87.671237,.jpg"
satellite_41.87928408602156_-87.6691679410208.png,"KldJwWBt2UNHBve_rxOELQ,41.879236,-87.669268,.jpg"
satellite_41.85828744905275_-87.65286613352609.png,"LMXTLohSAdrECGLqZuzSUw,41.858437,-87.652819,.jpg"
satellite_41.87403492677936_-87.68194503338152.png,"hyIGQ8J_FJzcmDVDESlokg,41.873975,-87.681803,.jpg"
satellite_41.88978240450597_-87.68106385459802.png,"qUvGY5G-MOpwuP8TUFOf0g,41.889652,-87.680891,.jpg"
satellite_41.86812962263188_-87.68018267581452.png,"d-u4JASnrPyWsyrgspy7-g,41.868192,-87.680304,.jpg"
satellite_41.88453324526377_-87.65198495474259.png,"L4bYTV0pR67rPdriZfEAvA,41.884413,-87.652191,.jpg"
satellite_41.89339120148498_-87.62334664427891.png,"gUl3LNwWWuXwzpUbnoQ3zg,41.893367,-87.623287,.jpg"
satellite_41.874362999232_-87.62070310792842.png,"xU52VVuAz3EHsYC2e0_8AQ,41.874253,-87.620663,.jpg"
satellite_41.87239456451617_-87.69031623182475.png,"FYNA68PysiYwnlcUPbVocw,41.872451,-87.690160,.jpg"
satellite_41.887485897337505_-87.6277525381964.png,"hgqIOWCOkggTK8B3w2XT_w,41.887578,-87.627949,.jpg"
satellite_41.876659506400465_-87.68370739094851.png,"pn-3G8FuXYDdhAahKjG6iQ,41.876619,-87.683872,.jpg"
satellite_41.866161187916056_-87.66255910014456.png,"3rHzJ6NAcyr1hUA3j4Elow,41.866216,-87.662610,.jpg"
satellite_41.88322095545322_-87.67886090763928.png,"tnit1OCuya_SEJ0CYtHBDg,41.883108,-87.678925,.jpg"
satellite_41.89371927393762_-87.6700491198043.png,"vD7S7nWxx6FkTAGg0RZouQ,41.893756,-87.669906,.jpg"
satellite_41.856319014336925_-87.64185139873237.png,"34s5nzsMxCa-iA76_8OhAw,41.856286,-87.641819,.jpg"
satellite_41.890110476958604_-87.65418790170133.png,"8vtVUGokMr4rjCJSo7GWXQ,41.890145,-87.654015,.jpg"
satellite_41.88158059319003_-87.68591033790726.png,"7TzlVDekahlAYSYqTZGjyA,41.881540,-87.686029,.jpg"
satellite_41.87600336149519_-87.67533619250528.png,"AWTWnLd9dAT-f6h7WxvaNw,41.876125,-87.675235,.jpg"
satellite_41.88945433205333_-87.66123733196932.png,"hMbJ_jeMhbgRHFaIaCoRZA,41.889532,-87.661356,.jpg"
satellite_41.89142276676916_-87.66299968953632.png,"1p1WgdqmFHSRyqjSY9g70g,41.891508,-87.663048,.jpg"
satellite_41.866489260368695_-87.6674055834538.png,"UH46yDJp9SA18ibidDrihg,41.866351,-87.667220,.jpg"
satellite_41.85303828981055_-87.6259901806294.png,"PkDdR5m-lZl6Pukq8ErFUg,41.852923,-87.626050,.jpg"
satellite_41.87239456451617_-87.63568314724787.png,"bHyd2coz9MAYy-b3WoAWmQ,41.872465,-87.635721,.jpg"
satellite_41.869113839989794_-87.68855387425775.png,"LSzDoGt-bcE_kfm0AhJuLw,41.869062,-87.688521,.jpg"
satellite_41.865505043010785_-87.63964845177362.png,"PV0LeMJwxiTUC_tevn3Yhg,41.865627,-87.639456,.jpg"
satellite_41.875347216589915_-87.63083666393864.png,"xZ7fzyf0VfVdCxwzIwB0rw,41.875327,-87.630659,.jpg"
satellite_41.85730323169484_-87.66299968953632.png,"3bAKhqrdQgbKLKNGl9Hb1Q,41.857465,-87.662987,.jpg"
satellite_41.866489260368695_-87.66388086831981.png,"a15xnric4bjmZp-fHC_JXA,41.866605,-87.664024,.jpg"
satellite_41.86091202867385_-87.64713847143335.png,"2sJdLaDYLasvWZmj7MeUiA,41.861052,-87.647076,.jpg"
satellite_41.855990941884286_-87.65550966987658.png,"ynrmAN0WqMpxQEbAppsIxw,41.855930,-87.655500,.jpg"
satellite_41.89240698412707_-87.67842031824753.png,"diHTnj7edwxJ5DWTRXkB8g,41.892260,-87.678419,.jpg"
satellite_41.89339120148498_-87.66520263649507.png,"Mvnwmi1Z5UnafOw5B79mTg,41.893373,-87.665087,.jpg"
satellite_41.866817332821334_-87.67974208642278.png,"HyY9JOwrhLSS1JyWvEJ2vQ,41.866664,-87.679737,.jpg"
satellite_41.85369443471583_-87.63480196846439.png,"BEXqSq2EW_ZtRNnEvngUSg,41.853851,-87.634851,.jpg"
satellite_41.8543505796211_-87.68502915912376.png,"7SBaqSy9g3ALhYQ8aDNmkg,41.854497,-87.685092,.jpg"
satellite_41.89207891167443_-87.67533619250528.png,"T4ecvF_sIoi2AfbJhR8QvA,41.891932,-87.675386,.jpg"
satellite_41.888798187148055_-87.65771261683533.png,"DE3APgKy1J-otrk5MmU8_w,41.888931,-87.657705,.jpg"
satellite_41.875347216589915_-87.67533619250528.png,"r8-Rnu3dLFtPyokuKycgaQ,41.875351,-87.675315,.jpg"
satellite_41.880268303379474_-87.64097021994887.png,"E11iKwUpps2Lhbr8uyN0ig,41.880403,-87.641148,.jpg"
satellite_41.87009805734771_-87.62026251853666.png,"h_WNIfXnVlQ2JZM_bMiWWw,41.870195,-87.620355,.jpg"
satellite_41.86944191244243_-87.6449355244746.png,"zDnh-W5udvJiA4qg_4O-aA,41.869295,-87.644961,.jpg"
satellite_41.87370685432673_-87.65727202744358.png,"w1Ji82Yts68-8vAk9sBWOA,41.873779,-87.657074,.jpg"
satellite_41.8943754188429_-87.62026251853666.png,"xJIw1IRMayiCaq04BwCNNQ,41.894472,-87.620344,.jpg"
satellite_41.866161187916056_-87.64669788204161.png,"YtaVRfTN0ZdamJ7I2Ehchg,41.866039,-87.646752,.jpg"
satellite_41.875347216589915_-87.64669788204161.png,"qyJph9TbZ_qzndynbPlC0A,41.875221,-87.646775,.jpg"
satellite_41.88322095545322_-87.63920786238187.png,"6GoFri63OXGDnULLRyZ75g,41.883158,-87.639239,.jpg"
satellite_41.86484889810551_-87.6449355244746.png,"zmJpLPEAHRy0HVSIg4muTg,41.864784,-87.645046,.jpg"
satellite_41.89371927393762_-87.63259902150564.png,"12sHPoNSgy3fbVN5p984Ow,41.893858,-87.632529,.jpg"
satellite_41.89240698412707_-87.6449355244746.png,"jKd5n7FkiZLmHSWx-yo3Mw,41.892285,-87.645139,.jpg"
satellite_41.89142276676916_-87.63964845177362.png,"B-QL3v_xJ5Y-gLjFKmTjlQ,41.891535,-87.639653,.jpg"
satellite_41.875347216589915_-87.68546974851552.png,"V3FC0Qq0ygLbrWRUaL4E6w,41.875303,-87.685371,.jpg"
satellite_41.875347216589915_-87.64537611386636.png,"O5x5XoyDgGfUNPczUBJykg,41.875509,-87.645338,.jpg"
satellite_41.85861552150539_-87.65066318656734.png,"1UV8Dd5J5H7sHs6-lPm70g,41.858452,-87.650641,.jpg"
satellite_41.89240698412707_-87.63656432603138.png,"Xg3Yu2mV38yGB-fCvnhKcw,41.892327,-87.636734,.jpg"
satellite_41.86189624603177_-87.6277525381964.png,"Ff1PvMfZEYGs8i7nfQ6nvQ,41.861944,-87.627943,.jpg"
satellite_41.85828744905275_-87.66299968953632.png,"NYhQm57WQxVoEb0_oyeuMg,41.858316,-87.662985,.jpg"
satellite_41.856647086789565_-87.65771261683533.png,"2ZbC7OMEjMp9wNU6cvNRIQ,41.856562,-87.657626,.jpg"
satellite_41.89470349129554_-87.6682867622373.png,"GXAG2hvo2sqwocjT95UIbw,41.894690,-87.668427,.jpg"
satellite_41.8638646807476_-87.68899446364951.png,"3t4elSmS8MH1pM0inU4xUQ,41.863796,-87.689118,.jpg"
satellite_41.89109469431652_-87.67093029858779.png,"gDEdl8H9gYxycYGMutn2Jg,41.890948,-87.670812,.jpg"
satellite_41.88682975243223_-87.6484602396086.png,"O9glaVay27P2DOTQk2p1ZA,41.886781,-87.648262,.jpg"
satellite_41.857631304147475_-87.65550966987658.png,"woxmZiFa9I_hKuQN6tXcAg,41.857487,-87.655362,.jpg"
satellite_41.86878576753716_-87.67445501372178.png,"13ANEZQJmNBO4v9LOK6WLw,41.868838,-87.674646,.jpg"
satellite_41.878956013568924_-87.65727202744358.png,"JHtrPzR1cGWjU_IrnT14Lg,41.879077,-87.657245,.jpg"
satellite_41.88092444828475_-87.62334664427891.png,"4L_T0U63DFPma_0vpH0MpA,41.880837,-87.623160,.jpg"
satellite_41.86812962263188_-87.65771261683533.png,"tOKQ9l3zq3PJQFLo6JCutA,41.868171,-87.657881,.jpg"
satellite_41.85927166641066_-87.62070310792842.png,"6HYroCkkp4z9B74DJSQmpA,41.859386,-87.620798,.jpg"
satellite_41.87009805734771_-87.67665796068053.png,"oAU2qQVlGfdJB6M0B3-7-Q,41.870022,-87.676616,.jpg"
satellite_41.878956013568924_-87.66079674257757.png,"oSHWox-HhWRbxAy_xd4EWg,41.879016,-87.660670,.jpg"
satellite_41.86583311546342_-87.68326680155677.png,"dhZk72HpC3dR3Ao5wEPTwg,41.865716,-87.683475,.jpg"
satellite_41.855990941884286_-87.66035615318582.png,"UHwfBFltA-Erua-8AvkknA,41.856101,-87.660186,.jpg"
satellite_41.86156817357913_-87.68591033790726.png,"991g4T48CDyXv_1ANd8eVA,41.861429,-87.685968,.jpg"
satellite_41.88158059319003_-87.63656432603138.png,"AdsMBf5NmXe0ch_3C6mlHA,41.881546,-87.636729,.jpg"
satellite_41.88453324526377_-87.64537611386636.png,"8qv-madiSm0AqDnVuSvfKg,41.884531,-87.645400,.jpg"
satellite_41.87829986866365_-87.65815320622708.png,"2Z7MOUD0DLFawXpXxiwkGg,41.878231,-87.658260,.jpg"
satellite_41.874362999232_-87.6691679410208.png,"5MpWfRmr1YJQa0h7hlXZUg,41.874392,-87.669038,.jpg"
satellite_41.854022507168466_-87.67886090763928.png,"_bvNuUllp4cGfudi3wBSwQ,41.853985,-87.679066,.jpg"
satellite_41.874362999232_-87.67445501372178.png,"OQjN9pueTY1GjQPz4uCBww,41.874440,-87.674508,.jpg"
satellite_41.85205407245264_-87.66960853041255.png,"R05a6TcEpx_CuvuczsETJg,41.852213,-87.669684,.jpg"
satellite_41.87272263696881_-87.68899446364951.png,"YlZJk2PMrSscyFVMde1x0A,41.872568,-87.689104,.jpg"
satellite_41.87108227470562_-87.68018267581452.png,"TkbrD8xWVku58DMI90Knbg,41.870949,-87.680008,.jpg"
satellite_41.888470114695416_-87.68326680155677.png,"PGyNoQrA2NYALz1qjo4UFw,41.888620,-87.683292,.jpg"
satellite_41.85369443471583_-87.64185139873237.png,"cG1-kavePvBAxK_RYhxJ3Q,41.853825,-87.641716,.jpg"
satellite_41.856319014336925_-87.61982192914492.png,"cK5FAHohlAeHRRwBntUTEQ,41.856323,-87.619920,.jpg"
satellite_41.875347216589915_-87.67048970919605.png,"HkJiprBveaR58HjINcmrWQ,41.875224,-87.670430,.jpg"
satellite_41.8769875788531_-87.64097021994887.png,"0a1cqprP8SWTMWSIiXwglw,41.876854,-87.641032,.jpg"
satellite_41.85238214490528_-87.63392078968089.png,"hSYf9fi9ocsFHoZ32Zu8Vg,41.852510,-87.633924,.jpg"
satellite_41.85238214490528_-87.68326680155677.png,"UKQ7bBXjYmqUAZx4oa3Gmg,41.852256,-87.683180,.jpg"
satellite_41.8943754188429_-87.65506908048484.png,"j4j_-KpXie7bM3lLLfLArw,41.894266,-87.655252,.jpg"
satellite_41.8717384196109_-87.64978200778384.png,"SkX8QsoZZWafsUcmGnTo_g,41.871862,-87.649751,.jpg"
satellite_41.880268303379474_-87.68679151669076.png,"yxLQTuKH7uYCJA_RwRovtg,41.880300,-87.686982,.jpg"
satellite_41.86714540527397_-87.6502225971756.png,"9sMMsYRYPor8THJ0bt6KoQ,41.867043,-87.650219,.jpg"
satellite_41.89273505657971_-87.67577678189704.png,"kTMzP9C7q0VaG04uxLGkig,41.892739,-87.675647,.jpg"
satellite_41.888142042242784_-87.66520263649507.png,"G5VkhtU9rAFFglgPJNanUg,41.888255,-87.665225,.jpg"
satellite_41.88518939016904_-87.62907430637165.png,"8Z_QoZCOPl9Q1LNxMi_CEg,41.885115,-87.629261,.jpg"
satellite_41.88256481054794_-87.66476204710331.png,"bHTMOgGXFRk83yi0o39wEg,41.882618,-87.664944,.jpg"
satellite_41.87370685432673_-87.67401442433004.png,"7ErV6L4r_fqlFlDefl-Dgg,41.873577,-87.673796,.jpg"
satellite_41.89371927393762_-87.62554959123766.png,"KM6Pp1S3IayvCvSa-POynw,41.893645,-87.625431,.jpg"
satellite_41.85894359395803_-87.66123733196932.png,"yqpNC-c5yNiUsSeEZouHdA,41.859052,-87.661377,.jpg"
satellite_41.887157824884866_-87.6726926561548.png,"F-syCsNzpbzYPEbZYxkZsg,41.887294,-87.672912,.jpg"
satellite_41.86419275320023_-87.65991556379407.png,"z4nHpsFQ5YeqoTJFUlGkmA,41.864281,-87.659870,.jpg"
satellite_41.86944191244243_-87.6303960745469.png,"cwoqk0bTyFJCrY4GX_JQJg,41.869340,-87.630318,.jpg"
satellite_41.865176970558146_-87.61805957157792.png,"ZRvImxlvpVPrTPZtyXuwoQ,41.865281,-87.618195,.jpg"
satellite_41.89404734639026_-87.63832668359838.png,"7OFPkA7aFvz0Mn7JKxIKIg,41.893924,-87.638245,.jpg"
satellite_41.87600336149519_-87.65198495474259.png,"vm0hZxpQjEtMy4SKKqNodg,41.875997,-87.651835,.jpg"
satellite_41.89339120148498_-87.68546974851552.png,"eRWPx3wQWiSbM_4z3ToqFQ,41.893500,-87.685542,.jpg"
satellite_41.85992781131594_-87.62731194880465.png,"NSZ6657MDKewl5mk5Fhv9A,41.859848,-87.627341,.jpg"
satellite_41.87829986866365_-87.6484602396086.png,"4CkQ-H8ioe25T1bXhgzKPQ,41.878244,-87.648410,.jpg"
satellite_41.85730323169484_-87.67709855007229.png,"HVoLpGfyHEED5xX4dhbGwQ,41.857215,-87.676911,.jpg"
satellite_41.856647086789565_-87.68106385459802.png,"zIQzpNz13L3h3iZq1CMQHw,41.856578,-87.680865,.jpg"
satellite_41.86156817357913_-87.66872735162906.png,"oz6MNGvFoFctsmXRZp2w4g,41.861586,-87.668822,.jpg"
satellite_41.88289288300058_-87.61982192914492.png,"7Ho4id8fxDUors6_5e5MPQ,41.882849,-87.619852,.jpg"
satellite_41.87206649206354_-87.67401442433004.png,"5vlEXzFn62fhgBTt_FpaWA,41.871937,-87.673832,.jpg"
satellite_41.87928408602156_-87.66652440467031.png,"XKw6wpp1ssSwSjTWVD9OhQ,41.879390,-87.666645,.jpg"
satellite_41.86714540527397_-87.688113284866.png,"Ru-NIlzJ4i3cTTRxo-VlMw,41.867077,-87.688227,.jpg"
satellite_41.87108227470562_-87.66167792136108.png,"tkiyak2X7jAOB8b0974TCw,41.871083,-87.661795,.jpg"
satellite_41.88551746262168_-87.62643077002116.png,"U-_oRCM9Z44XXJZEiYyQIw,41.885607,-87.626283,.jpg"
satellite_41.87009805734771_-87.64537611386636.png,"_p8Y5p3evKn57ZFMpGzfPg,41.870131,-87.645371,.jpg"
satellite_41.87567528904255_-87.6484602396086.png,"bjOGLS6hp7Ul2QdtOlWG_A,41.875818,-87.648333,.jpg"
satellite_41.86944191244243_-87.61894075036142.png,"X-cMGjLImTQYQIaXJo5qQw,41.869592,-87.618914,.jpg"
satellite_41.89306312903235_-87.66344027892806.png,"qRyEdNn5xErXCQKdkwYxMg,41.892954,-87.663380,.jpg"
satellite_41.89339120148498_-87.65991556379407.png,"oIkGj-z_cRwwSTvjqZs6UQ,41.893458,-87.659823,.jpg"
satellite_41.89076662186388_-87.68899446364951.png,"0v2PvkZMNebdfVU-Lw_89A,41.890820,-87.689151,.jpg"
satellite_41.87009805734771_-87.688113284866.png,"LKFtrt4c9379IAexkSGNqQ,41.870242,-87.687922,.jpg"
satellite_41.86812962263188_-87.61894075036142.png,"zwMaktGSnaZEs-MdAMvpfg,41.868021,-87.619121,.jpg"
satellite_41.85730323169484_-87.68899446364951.png,"f1z_KGWcCrR443pAr4AVzg,41.857321,-87.689069,.jpg"
satellite_41.85271021735791_-87.6674055834538.png,"Lt-1plj9L73U9NXIaGUlKw,41.852751,-87.667389,.jpg"
satellite_41.877643723758375_-87.65198495474259.png,"AuudQ2v3FL5SVYnXGaB5uw,41.877481,-87.651891,.jpg"
satellite_41.87829986866365_-87.64273257751586.png,"u-OIGtVn4rvE0yf0Y3Lyyg,41.878383,-87.642539,.jpg"
satellite_41.87567528904255_-87.63920786238187.png,"xk_X4ZqxXh19RSkR4WPugw,41.875644,-87.639312,.jpg"
satellite_41.8543505796211_-87.62466841245416.png,"OwEp_AqkPQGB4FdLfmU3LQ,41.854298,-87.624763,.jpg"
satellite_41.866489260368695_-87.61982192914492.png,"VoFUcneYjiV7bk8fvI70Vw,41.866607,-87.620013,.jpg"
satellite_41.88682975243223_-87.66211851075282.png,"g0KgHdCzSFpYvQLRek9Ufg,41.886671,-87.662149,.jpg"
satellite_41.86156817357913_-87.66035615318582.png,"k10DMdCuYJ8PehPVQufzRg,41.861567,-87.660242,.jpg"
satellite_41.88486131771641_-87.67181147737129.png,"7LE_GjB0dZNoabnUBOrlGQ,41.884975,-87.671875,.jpg"
satellite_41.89273505657971_-87.66167792136108.png,"4XN7T1zPvih8P9jrJCLHgA,41.892671,-87.661760,.jpg"
satellite_41.85992781131594_-87.64052963055713.png,"G3XgNXwgU_fiLm3cqTlpYw,41.859986,-87.640407,.jpg"
satellite_41.85861552150539_-87.67137088797955.png,"oYSwTOoHX6eHQeUraPvzIQ,41.858653,-87.671343,.jpg"
satellite_41.86944191244243_-87.69119741060825.png,"hiyhkGXANJklbuQOnZm_tA,41.869315,-87.691096,.jpg"
satellite_41.87600336149519_-87.64537611386636.png,"Vx7ir1v-vMBI1qF1CwDnRQ,41.875884,-87.645348,.jpg"
satellite_41.88059637583211_-87.63392078968089.png,"hRj5XxRnNJE_E1vHaTMVBA,41.880612,-87.634021,.jpg"
satellite_41.867801550179244_-87.68414798034027.png,"NYQdVZGl7Q3kSwaiLYtC9g,41.867716,-87.684228,.jpg"
satellite_41.89339120148498_-87.66608381527855.png,"RPf2xMdLxI_ocqFypwz6_w,41.893356,-87.666242,.jpg"
satellite_41.87994023092684_-87.69119741060825.png,"UFpqeb0V-s9mH7t_ay79Ew,41.879924,-87.691159,.jpg"
satellite_41.86025588376858_-87.63876727299012.png,"h5HyOWLjBGItzBERaQgQWA,41.860350,-87.638960,.jpg"
satellite_41.87337878187409_-87.688113284866.png,"2krJ0hWiobPrN982yiWZyg,41.873421,-87.688097,.jpg"
satellite_41.857631304147475_-87.63568314724787.png,"crX-5sXJslBFBdhCTWahQw,41.857753,-87.635736,.jpg"
satellite_41.889126259600694_-87.66564322588681.png,"K7c0pSyQxG0RXYe7gpfTLg,41.889237,-87.665464,.jpg"
satellite_41.8717384196109_-87.66299968953632.png,"aOSBdoD39TrEKo5miMTz1w,41.871698,-87.663141,.jpg"
satellite_41.86452082565287_-87.65418790170133.png,"fJm8mITy17vAxTakohYbfQ,41.864663,-87.654239,.jpg"
satellite_41.88387710035849_-87.66079674257757.png,"CfYYaHFzys_gu11zvfZJRw,41.883799,-87.660603,.jpg"
satellite_41.85828744905275_-87.66079674257757.png,"cmei-o5OlPgdg9BpRrYAcw,41.858254,-87.660956,.jpg"
satellite_41.888142042242784_-87.64537611386636.png,"Z4xirwPViudQcmXw2Acq1g,41.888050,-87.645511,.jpg"
satellite_41.866817332821334_-87.64317316690762.png,"1ar0Zq1UetmNvupqZce7pQ,41.866655,-87.643042,.jpg"
satellite_41.856319014336925_-87.68282621216503.png,"349F86o3dFHH_ku_a-5enQ,41.856244,-87.682822,.jpg"
satellite_41.85861552150539_-87.66520263649507.png,"YdrXcmTq2omskTIuKJEmGQ,41.858733,-87.665151,.jpg"
satellite_41.86091202867385_-87.64801965021685.png,"JUuxdOnQ0zcBrbbxS3GWdg,41.861002,-87.647831,.jpg"
satellite_41.8638646807476_-87.62422782306241.png,"IxmvFdgOJCFx3lwLEBNDTA,41.863970,-87.624115,.jpg"
satellite_41.88092444828475_-87.63215843211388.png,"Sdgp7L_SNZG3RQS58hROVg,41.880900,-87.632305,.jpg"
satellite_41.888798187148055_-87.62951489576339.png,"j2hYTlSIZq5xNMoNfS6Cyg,41.888759,-87.629579,.jpg"
satellite_41.875019144137276_-87.62819312758815.png,"SaZOlaL3k9h3rZ9Engis3w,41.875033,-87.628190,.jpg"
satellite_41.87600336149519_-87.68679151669076.png,"P9zXK8pVFFCsyNq-ErycIw,41.876105,-87.686734,.jpg"
satellite_41.85271021735791_-87.63920786238187.png,"81fxBqBjnha9CGJTGU8YOw,41.852806,-87.639214,.jpg"
satellite_41.89404734639026_-87.68238562277327.png,"nhLsjxrosEdZxQ0DzaCZEw,41.894009,-87.682392,.jpg"
satellite_41.87928408602156_-87.65242554413435.png,"Zy6P-duRmgjFmZSNwxufkg,41.879146,-87.652572,.jpg"
satellite_41.85467865207374_-87.68282621216503.png,"rUboQTQc3JIpnCJ2gMsszA,41.854824,-87.682814,.jpg"
satellite_41.85238214490528_-87.64052963055713.png,"JdXRJZBmZg8KJPfzj2zZXg,41.852491,-87.640718,.jpg"
satellite_41.89207891167443_-87.65286613352609.png,"WaAY1OCgXs2iJaAK83ks6Q,41.892105,-87.652974,.jpg"
satellite_41.855662869431654_-87.62907430637165.png,"goXnQmmZQmWs3esK82PUGw,41.855609,-87.629080,.jpg"
satellite_41.85238214490528_-87.63303961089738.png,"yV7wy5Wpm1CCXgAc8I7FVA,41.852520,-87.633082,.jpg"
satellite_41.855334796979015_-87.67665796068053.png,"UoQTcOFe9O6f0wgMgy-8HA,41.855385,-87.676600,.jpg"
satellite_41.866161187916056_-87.68458856973201.png,"BmSdBP4LH1AxirjiUi0-LQ,41.866007,-87.684742,.jpg"
satellite_41.89142276676916_-87.6872321060825.png,"nKEciyCri0scaoAq4QlMLw,41.891349,-87.687345,.jpg"
satellite_41.87994023092684_-87.68546974851552.png,"NmZz7hrKcwSmUBKZOh24DA,41.879865,-87.685388,.jpg"
satellite_41.87305070942145_-87.65418790170133.png,"DqFxl1YGw455dVeOhjEOug,41.873033,-87.654092,.jpg"
satellite_41.886501679979595_-87.65683143805182.png,"joA3bcuTYLpQv17z2Vb5jQ,41.886425,-87.656803,.jpg"
satellite_41.87141034715826_-87.6493414183921.png,"Beaj-jVTNfbNkGqCK6lc3w,41.871565,-87.649544,.jpg"
satellite_41.85730323169484_-87.6493414183921.png,"8c9xAvQzLSxUJdm0ig24mQ,41.857437,-87.649336,.jpg"
satellite_41.86124010112649_-87.68987564243301.png,"H8dxLUm36BnjZlGeXUbPCQ,41.861140,-87.690038,.jpg"
satellite_41.87469107168464_-87.64625729264985.png,"_vLdxwNGDhmFcUMstdCY2A,41.874705,-87.646300,.jpg"
satellite_41.85271021735791_-87.64757906082511.png,"CbEmxN12av3O0RB0RQMkpw,41.852606,-87.647653,.jpg"
satellite_41.85730323169484_-87.61938133975318.png,"vbdJPk7oX748uIyJheZUtw,41.857217,-87.619291,.jpg"
satellite_41.877315651305736_-87.62026251853666.png,"Qun56QDfrXIQIaQgXmG3ig,41.877209,-87.620338,.jpg"
satellite_41.8943754188429_-87.68150444398977.png,"_kFM9h20267EeunycNoCdg,41.894472,-87.681641,.jpg"
satellite_41.86484889810551_-87.64801965021685.png,"cQy7K2whaK6SWBGf43r4iQ,41.864819,-87.648001,.jpg"
satellite_41.85894359395803_-87.64273257751586.png,"iKboHARAjJ9aN2zLPpZ5OA,41.859024,-87.642917,.jpg"
satellite_41.865176970558146_-87.6251090018459.png,"P_cAdMqSsz04yXp4ski1YA,41.865147,-87.624946,.jpg"
satellite_41.8769875788531_-87.67930149703103.png,"8Y0hG2102xsQm0CB8iV5sQ,41.876931,-87.679270,.jpg"
satellite_41.867473477726605_-87.62290605488717.png,"mkHb6T3sdAFIcpJp9lqQAg,41.867390,-87.623124,.jpg"
satellite_41.88158059319003_-87.68502915912376.png,"932c9wMA6PktB2A4K8QYyA,41.881663,-87.684832,.jpg"
satellite_41.85336636226319_-87.68546974851552.png,"HZTd9C3U7w5-Ydb2y70i7w,41.853305,-87.685656,.jpg"
satellite_41.89503156374817_-87.6259901806294.png,"dq8spXRIB5fEl5W60dEnJw,41.894905,-87.626184,.jpg"
satellite_41.855334796979015_-87.68414798034027.png,"tkbvWCs58c0OPpblqH179g,41.855270,-87.684292,.jpg"
satellite_41.89142276676916_-87.66035615318582.png,"54pPWLH1k1SMZmHoiacEaw,41.891542,-87.660244,.jpg"
satellite_41.886173607526956_-87.65418790170133.png,"iP5PvCBXkWDZiH2fqsNsMg,41.886325,-87.654164,.jpg"
satellite_41.87469107168464_-87.62907430637165.png,"ExHo78hC7CsSAdHQqov1nA,41.874802,-87.629180,.jpg"
satellite_41.89043854941124_-87.6700491198043.png,"xgPUFWZ1xSs_hH00Ch4d6A,41.890563,-87.670030,.jpg"
satellite_41.8769875788531_-87.65727202744358.png,"YzWzf5FjGJQWv28miJBbgA,41.877133,-87.657310,.jpg"
satellite_41.88289288300058_-87.65903438501057.png,"p-3ihebPu_8qF7YD8CXUvg,41.882946,-87.659043,.jpg"
satellite_41.855006724526376_-87.62731194880465.png,"DPzIOwjxJ6ALxufGOvtX0w,41.855166,-87.627178,.jpg"
satellite_41.85336636226319_-87.63832668359838.png,"iVsWjVccmvDnFBz5eavs8w,41.853474,-87.638531,.jpg"
satellite_41.87206649206354_-87.66652440467031.png,"oVnKKHDJJYIBmKrDCs700w,41.872050,-87.666506,.jpg"
satellite_41.85238214490528_-87.67093029858779.png,"60rUmXscTyvor8gpawnDlA,41.852231,-87.671103,.jpg"
satellite_41.89371927393762_-87.64801965021685.png,"Qhuq59ao0pW0KIkFVNJ8FA,41.893879,-87.648012,.jpg"
satellite_41.86353660829496_-87.62334664427891.png,"nqNMtBcOteIKHEyOhpPSig,41.863565,-87.623276,.jpg"
satellite_41.887485897337505_-87.65903438501057.png,"gmw8lPmG9H-HhBr0d1HUdg,41.887615,-87.658944,.jpg"
satellite_41.89503156374817_-87.63700491542313.png,"ir7nWCjebb2ucmuTiYP7fg,41.895019,-87.637116,.jpg"
satellite_41.86353660829496_-87.68899446364951.png,"Dy0UQnXmZlEaQ-BVHp8yGg,41.863650,-87.689027,.jpg"
satellite_41.87075420225298_-87.63920786238187.png,"cFzqAI8ZMmVHUYXE2ScJjA,41.870624,-87.639273,.jpg"
satellite_41.85205407245264_-87.64097021994887.png,"F94RLc4FtxaWyAGckRLO6Q,41.852194,-87.640906,.jpg"
satellite_41.876331433947826_-87.67313324554654.png,"FQ1UMIOhpKwNbStf5W098Q,41.876294,-87.673057,.jpg"
satellite_41.86189624603177_-87.62026251853666.png,"Fd45KT0fcWWA92M_AlL2-A,41.861957,-87.620471,.jpg"
satellite_41.85894359395803_-87.67225206676305.png,"_ECDGbjCBPJOFBOB1q4vOg,41.859088,-87.672300,.jpg"
satellite_41.857631304147475_-87.63392078968089.png,"DkjA9DjbsfqPNM3R2C-Dlw,41.857749,-87.633849,.jpg"
satellite_41.866489260368695_-87.65947497440233.png,"62fF91kZXL0jVjR8UO8hCg,41.866494,-87.659424,.jpg"
satellite_41.87141034715826_-87.6303960745469.png,"0AzR4sWSss8DqbDIKuyBww,41.871394,-87.630389,.jpg"
satellite_41.88125252073739_-87.65418790170133.png,"MYs3yXh7EtA4uWqfhLawcw,41.881205,-87.654305,.jpg"
satellite_41.86156817357913_-87.66564322588681.png,"iVpEZR_UwCUSLZ76K_wdqA,41.861473,-87.665745,.jpg"
satellite_41.886501679979595_-87.66388086831981.png,"uh08IYHwJ-k00wJk4nI5xQ,41.886579,-87.664098,.jpg"
satellite_41.86944191244243_-87.62378723367065.png,"XCQUx92i7KHNN71EM6EhWA,41.869288,-87.623883,.jpg"
satellite_41.89240698412707_-87.6682867622373.png,"aDCEpgt-oktBztlzDP28zA,41.892410,-87.668140,.jpg"
satellite_41.88978240450597_-87.68546974851552.png,"PDimAc_iGU0j4xFlEeo32w,41.889687,-87.685447,.jpg"
satellite_41.87009805734771_-87.6872321060825.png,"MDFOLfTrGeZe_HQdHGuLGg,41.870250,-87.687212,.jpg"
satellite_41.88978240450597_-87.61982192914492.png,"YVXdFwiBrw_e8cYvmjhocQ,41.889841,-87.619748,.jpg"
satellite_41.875347216589915_-87.69031623182475.png,"_TUiUyH5K7H4sKlk0bjaKg,41.875261,-87.690206,.jpg"
satellite_41.88420517281113_-87.67665796068053.png,"qRpyBBSLxs2jdsPEsyotkQ,41.884294,-87.676709,.jpg"
satellite_41.86944191244243_-87.68502915912376.png,"-GJFCWVHGX2K-Gkkr2N40A,41.869506,-87.684888,.jpg"
satellite_41.89240698412707_-87.65506908048484.png,"No3ULOHjWLYASyx8qAF2TQ,41.892516,-87.655025,.jpg"
satellite_41.89076662186388_-87.62026251853666.png,"zupwn00fFfrd81gqsaNGMg,41.890858,-87.620099,.jpg"
satellite_41.88486131771641_-87.63215843211388.png,"Jgr--3NNw_MKrWkRTsGg2A,41.884906,-87.632373,.jpg"
satellite_41.856319014336925_-87.68414798034027.png,"rfP2v46adQ48j02gSqCwkw,41.856231,-87.684062,.jpg"
satellite_41.86845769508452_-87.67225206676305.png,"RPp82m2EhGTSaIMp6e8mEQ,41.868422,-87.672432,.jpg"
satellite_41.87075420225298_-87.66432145771157.png,"-81CKuiC5DQzOPYtHuUPTQ,41.870737,-87.664118,.jpg"
satellite_41.86845769508452_-87.6691679410208.png,"h6q83VsORJ_C8R_ROo4XAw,41.868590,-87.668980,.jpg"
satellite_41.8822367380953_-87.66652440467031.png,"fLYts-mhi5Rlc6BAEqrzmA,41.882133,-87.666705,.jpg"
satellite_41.86156817357913_-87.66652440467031.png,"zhj6EAJrzfWGO_J03KBt0Q,41.861465,-87.666477,.jpg"
satellite_41.855334796979015_-87.62819312758815.png,"qyJRVAM2-65wNGT_igJjfA,41.855430,-87.627985,.jpg"
satellite_41.890110476958604_-87.64669788204161.png,"YreDK4T8FoAm0j2wnhgLTw,41.890085,-87.646538,.jpg"
satellite_41.86484889810551_-87.68546974851552.png,"j8JpVXbMFz2qeKez__-7dg,41.864904,-87.685585,.jpg"
satellite_41.87141034715826_-87.6277525381964.png,"QuELwzdd9ayXPRUDh18-hQ,41.871332,-87.627609,.jpg"
satellite_41.86714540527397_-87.63480196846439.png,"WPXGb3I0aysL0CjUv3Zg0A,41.867243,-87.634852,.jpg"
satellite_41.86878576753716_-87.65595025926834.png,"BMzbZwK20DS5pZ6XR0mGtQ,41.868888,-87.655983,.jpg"
satellite_41.855334796979015_-87.64713847143335.png,"98RCh7lLlBoQlQiFqaapJg,41.855337,-87.647080,.jpg"
satellite_41.86878576753716_-87.62070310792842.png,"dJPo9hL2gQreM14iEcTd6w,41.868935,-87.620516,.jpg"
satellite_41.86452082565287_-87.65550966987658.png,"hm1KXOJVG25-3AaeXmw_QA,41.864572,-87.655429,.jpg"
satellite_41.89503156374817_-87.64757906082511.png,"8OX6FB65E7mCnJTjbMZ55g,41.894943,-87.647698,.jpg"
satellite_41.87403492677936_-87.68018267581452.png,"LSLgHunFxEMGhZx8QsMnkA,41.874001,-87.680367,.jpg"
satellite_41.856975159242204_-87.66520263649507.png,"5PvMjt4djsOy-_vLj8XEYQ,41.856908,-87.665097,.jpg"
satellite_41.85861552150539_-87.62466841245416.png,"T0HqM4Mu7xOZpd3iyZmWVQ,41.858708,-87.624783,.jpg"
satellite_41.878627941116285_-87.65683143805182.png,"k6FU7xxiWkpji6TtTZF4xw,41.878680,-87.657034,.jpg"
satellite_41.89503156374817_-87.65683143805182.png,"O5P9qO8qOcRDAGpD9G9vcw,41.894988,-87.656993,.jpg"
satellite_41.86419275320023_-87.62951489576339.png,"1dmTWR6mt7jQECi2GXTANA,41.864078,-87.629392,.jpg"
satellite_41.89076662186388_-87.67048970919605.png,"YnlS45qALOCX5cfYTWh3_A,41.890918,-87.670500,.jpg"
satellite_41.89273505657971_-87.6682867622373.png,"FWtbU0bJVhwMguFMFzb3uQ,41.892759,-87.668381,.jpg"
satellite_41.86353660829496_-87.6674055834538.png,"3rGTWpJxFfT976Ja1vWraw,41.863419,-87.667366,.jpg"
satellite_41.86714540527397_-87.62246546549541.png,"qBHBfV5sfgtKkfbb3Gv_nA,41.867027,-87.622448,.jpg"
satellite_41.85238214490528_-87.62731194880465.png,"qYP8Oi_Ob2FAxz3F86urmg,41.852359,-87.627125,.jpg"
satellite_41.89306312903235_-87.65198495474259.png,"QhUSwtV96nZb-f22r4AMlA,41.892934,-87.651826,.jpg"
satellite_41.86189624603177_-87.64625729264985.png,"nOhxLHSUZLZyyHJO1aEs5A,41.861918,-87.646198,.jpg"
satellite_41.86944191244243_-87.68943505304125.png,"7B67_V7bTeaS9b2s98c6Ew,41.869327,-87.689530,.jpg"
satellite_41.876331433947826_-87.62422782306241.png,"DcZnREuLe0TX65afyIX0Pw,41.876326,-87.624187,.jpg"
satellite_41.888798187148055_-87.62951489576339.png,"4IUsKgkAO8yfzqSMo1vqRg,41.888951,-87.629582,.jpg"
satellite_41.866489260368695_-87.66299968953632.png,"ARwf2Jb2ytBh9DGHJzwVXA,41.866496,-87.663098,.jpg"
satellite_41.878956013568924_-87.62070310792842.png,"ZOSBus-furBKM3aU-ngftA,41.879033,-87.620784,.jpg"
satellite_41.87370685432673_-87.67137088797955.png,"ApriQJLQ3buXS6R2uIpsZw,41.873798,-87.671535,.jpg"
satellite_41.87994023092684_-87.63656432603138.png,"YJ1e0YjR6bgY0pUHjgTFyw,41.879990,-87.636508,.jpg"
satellite_41.88682975243223_-87.65771261683533.png,"DF7dtg4GrYi820HSDqyQhg,41.886668,-87.657577,.jpg"
satellite_41.89404734639026_-87.63656432603138.png,"nK4Zt3yeD0sHi5DYHQlTvA,41.893944,-87.636613,.jpg"
satellite_41.888798187148055_-87.62422782306241.png,"Z4VtQ9F2I12wf43qbL1zsw,41.888884,-87.624429,.jpg"
satellite_41.8717384196109_-87.64537611386636.png,"0pODy-ldotdydxw2RuPEYQ,41.871850,-87.645272,.jpg"
satellite_41.87305070942145_-87.64449493508286.png,"P7WsOSEJpEWvQ28NbHd22A,41.872965,-87.644628,.jpg"
satellite_41.877315651305736_-87.67753913946403.png,"zq649bbUIG0o1211UJbg3g,41.877274,-87.677752,.jpg"
satellite_41.89207891167443_-87.62554959123766.png,"oP5r16a1ac4CLQ2MAJvlQw,41.892024,-87.625381,.jpg"
satellite_41.877315651305736_-87.65727202744358.png,"WRaIuhRDoa3jc-uPKoiAFQ,41.877259,-87.657078,.jpg"
satellite_41.88289288300058_-87.67665796068053.png,"RJc0Q8jKbO7cUyjSBNX8RQ,41.882932,-87.676656,.jpg"
satellite_41.87108227470562_-87.68194503338152.png,"wahA049A-IC9hSnFfCI3Iw,41.871232,-87.681880,.jpg"
satellite_41.855334796979015_-87.67797972885577.png,"jP7ls9UA8Ax-yVLy7sUNkQ,41.855366,-87.678018,.jpg"
satellite_41.87206649206354_-87.67313324554654.png,"ZmLxf9vbCmyBg8I6wf9EtQ,41.872145,-87.673073,.jpg"
satellite_41.89404734639026_-87.66696499406206.png,"S5aNH61g2dA_2So-w_CZqA,41.894077,-87.667156,.jpg"
satellite_41.88256481054794_-87.62819312758815.png,"GDpKtw6tGPE9oCVVyYur6w,41.882571,-87.628412,.jpg"
satellite_41.86878576753716_-87.61894075036142.png,"EOLNdZa0Z5A6VxOq_dpkHA,41.868814,-87.618786,.jpg"
satellite_41.86156817357913_-87.65506908048484.png,"SHxq71AbkBja-1omIJNnlw,41.861600,-87.655025,.jpg"
satellite_41.86058395622122_-87.62731194880465.png,"-DrOto0gKuws5zn8du038A,41.860725,-87.627356,.jpg"
satellite_41.85336636226319_-87.68414798034027.png,"Txr3WdPL-U61pEOAUrey1Q,41.853452,-87.684268,.jpg"
satellite_41.89207891167443_-87.67974208642278.png,"kD2S7uENhOFk2r1fIkO3AQ,41.892235,-87.679793,.jpg"
satellite_41.87305070942145_-87.61938133975318.png,"t6GksQW31aduXBScWJ85IQ,41.873132,-87.619350,.jpg"
satellite_41.8769875788531_-87.62731194880465.png,"ODJ7Dw7z7ACTwL_B6zSyyA,41.876987,-87.627390,.jpg"
satellite_41.8595997388633_-87.63788609420662.png,"Mop6B7hVQH7nRxwhAxFgaw,41.859591,-87.637838,.jpg"
satellite_41.855990941884286_-87.63876727299012.png,"VfLElGLf1DCoYTb3o2zIvQ,41.855994,-87.638596,.jpg"
satellite_41.85861552150539_-87.67093029858779.png,"Zd0F5JeQvtSDaa6WWKi0tA,41.858725,-87.671111,.jpg"
satellite_41.86944191244243_-87.65506908048484.png,"Ud0wd3fV6_ajptIxl5EKfQ,41.869471,-87.654935,.jpg"
satellite_41.89503156374817_-87.65330672291783.png,"dfv6L4apP_rj6ZjXghUw5g,41.894887,-87.653313,.jpg"
satellite_41.855662869431654_-87.64008904116537.png,"Eu0WzvQrC72EswwrES8AwA,41.855760,-87.639920,.jpg"
satellite_41.8822367380953_-87.68326680155677.png,"48cjwTy3k-V7ytTmFeQxdA,41.882134,-87.683283,.jpg"
satellite_41.89470349129554_-87.65374731230959.png,"QsQYNspi-SNQqXvgnM2EZQ,41.894786,-87.653535,.jpg"
satellite_41.88978240450597_-87.62951489576339.png,"Mo016pL1xqDV0TcSLRcONw,41.889930,-87.629635,.jpg"
satellite_41.89175083922179_-87.63303961089738.png,"HGtqrODWU07Ank-hgqrH1A,41.891593,-87.633146,.jpg"
satellite_41.86714540527397_-87.64449493508286.png,"qohusktUQYVO-8j0GRgoZA,41.867056,-87.644350,.jpg"
satellite_41.85927166641066_-87.62863371697989.png,"ogIfXdlk5Obu2vjTJu7d5g,41.859363,-87.628763,.jpg"
satellite_41.877971796211014_-87.65242554413435.png,"h392mv-b69iUexXV11fFCw,41.877871,-87.652247,.jpg"
satellite_41.87829986866365_-87.68062326520628.png,"Wu5bTztbP1ykoDTArF6P0g,41.878280,-87.680558,.jpg"
satellite_41.86452082565287_-87.6691679410208.png,"Uj8v85uWCfyW5wEKVKfVqw,41.864526,-87.669078,.jpg"
satellite_41.85730323169484_-87.62246546549541.png,"vhntPqRt7U-n8GBRIaMO_A,41.857381,-87.622411,.jpg"
satellite_41.86353660829496_-87.66872735162906.png,"2GKTzkKbzUXnfDr7oYZLWA,41.863663,-87.668556,.jpg"
satellite_41.89404734639026_-87.62334664427891.png,"caflx4hKbd7d7gpnKEcfxg,41.894168,-87.623314,.jpg"
satellite_41.88125252073739_-87.63215843211388.png,"WYvQ62BMHvsBS_ny9TqAOQ,41.881185,-87.632375,.jpg"
satellite_41.89109469431652_-87.65859379561883.png,"C4UgsGm0BXr7MzYy0Ndy2g,41.891060,-87.658597,.jpg"
satellite_41.85205407245264_-87.64097021994887.png,"zfFUpjkkv4uoCSb0UKZeYA,41.852069,-87.641001,.jpg"
satellite_41.86222431848441_-87.64890082900035.png,"KemwgCPeBwVrOehSWqMwWw,41.862346,-87.649027,.jpg"
satellite_41.86812962263188_-87.62290605488717.png,"H_RAqs4ac7mcVZOsOWylQQ,41.868185,-87.623027,.jpg"
satellite_41.85205407245264_-87.68018267581452.png,"OyZH797MUGOH8BWvH44TnQ,41.852137,-87.680389,.jpg"
satellite_41.877643723758375_-87.62026251853666.png,"f6u3Sa_9PrpcYgrHdJ9w0w,41.877532,-87.620075,.jpg"
satellite_41.89339120148498_-87.62863371697989.png,"FutJPBCGorxOdgssHUwVtQ,41.893266,-87.628482,.jpg"
satellite_41.889126259600694_-87.63436137907263.png,"MnuTAbQKqbIXSYhCnHOfJA,41.889083,-87.634330,.jpg"
satellite_41.8543505796211_-87.68238562277327.png,"mXmNiC9yNrWTzy66Nwenag,41.854407,-87.682404,.jpg"
satellite_41.886173607526956_-87.65991556379407.png,"1ECej7fpVUG2YmKqcJ07MQ,41.886064,-87.659887,.jpg"
satellite_41.85238214490528_-87.64097021994887.png,"b8O7Kyt99i2Pdmz_GBTX-Q,41.852424,-87.640757,.jpg"
satellite_41.88945433205333_-87.6502225971756.png,"SXDDuKELLvA6r81M6lUeDA,41.889398,-87.650211,.jpg"
satellite_41.887813969790145_-87.62246546549541.png,"tz53V9nQIg2hKdT1HKJLXg,41.887837,-87.622326,.jpg"
satellite_41.87206649206354_-87.68635092729902.png,"N0TmSC4__Yg-ZchgYWLdFw,41.872174,-87.686230,.jpg"
satellite_41.88256481054794_-87.63348020028914.png,"s1KSV44eFlgDj8OQa2kYsw,41.882573,-87.633268,.jpg"
satellite_41.8638646807476_-87.68855387425775.png,"SHIbw69pm1BSKLfdrU0n6A,41.864026,-87.688463,.jpg"
satellite_41.88584553507432_-87.62907430637165.png,"V3T44LkBmYoVII7pZ67uHg,41.885729,-87.628965,.jpg"
satellite_41.88322095545322_-87.67842031824753.png,"lOHtHYluEoQIb2AL8Xpshg,41.883121,-87.678319,.jpg"
satellite_41.87600336149519_-87.68062326520628.png,"z2-7uLUHqTNIFvqhXhBPuA,41.876140,-87.680468,.jpg"
satellite_41.877315651305736_-87.63744550481488.png,"hWFoYc0_mFkC-o0bRaQNag,41.877161,-87.637603,.jpg"
satellite_41.87928408602156_-87.62951489576339.png,"j4mxXdUVVqE1s4Ed6B5Nqg,41.879447,-87.629583,.jpg"
satellite_41.88682975243223_-87.68546974851552.png,"Y_S5DDlrO-9HlJIejNCYeA,41.886877,-87.685366,.jpg"
satellite_41.89470349129554_-87.69119741060825.png,"0bDfZKEKxj9kyy4XIUP_Bg,41.894794,-87.691096,.jpg"
satellite_41.889126259600694_-87.66167792136108.png,"mq_066QzUBhqnU5AIN0SqQ,41.889269,-87.661811,.jpg"
satellite_41.85861552150539_-87.66652440467031.png,"3A15TlH4C2xCemnB-QQZSA,41.858694,-87.666549,.jpg"
satellite_41.89404734639026_-87.68546974851552.png,"ztYTqVfFNiBOCuq2StrkaA,41.893958,-87.685279,.jpg"
satellite_41.86944191244243_-87.68635092729902.png,"NXnDfNbpa16E7ou10le2wQ,41.869473,-87.686154,.jpg"
satellite_41.89240698412707_-87.67137088797955.png,"JRwv4tP8WbkEj6_dw6sDxw,41.892356,-87.671581,.jpg"
satellite_41.857631304147475_-87.68458856973201.png,"WO8VNgxASH9AV2dKDrTOgg,41.857549,-87.684490,.jpg"
satellite_41.86714540527397_-87.66872735162906.png,"UkdbcNz7fJz7Lzd_LCvhMg,41.867069,-87.668821,.jpg"
satellite_41.87305070942145_-87.62378723367065.png,"x1WSoCq7SYJBipihueTQYA,41.872937,-87.623895,.jpg"
satellite_41.89339120148498_-87.67930149703103.png,"eaT9TmAOP5o0o1OK2mmXBA,41.893481,-87.679432,.jpg"
satellite_41.87141034715826_-87.6268713594129.png,"4KQVOraIgUVRF0W-fsyfow,41.871301,-87.626782,.jpg"
satellite_41.8943754188429_-87.67753913946403.png,"nowyekCx9lYgmK4uTh6X9A,41.894457,-87.677536,.jpg"
satellite_41.87829986866365_-87.65947497440233.png,"i7Sc_YVluezCiwF-JbsBxw,41.878414,-87.659487,.jpg"
satellite_41.856647086789565_-87.61982192914492.png,"BUNpWyca3fnHAjwOIXQGMg,41.856770,-87.619929,.jpg"
satellite_41.88354902790585_-87.62466841245416.png,"C2jglz3GZiqVhQOpdTUrTg,41.883424,-87.624480,.jpg"
satellite_41.89109469431652_-87.64757906082511.png,"I_j6wDMDaDIpAnd6ceXfVQ,41.891037,-87.647416,.jpg"
satellite_41.89470349129554_-87.67665796068053.png,"lCNAXbgAwhn32VCauR8boA,41.894563,-87.676677,.jpg"
satellite_41.88059637583211_-87.64669788204161.png,"YmRZ866JHWib0SWOxTIiLA,41.880473,-87.646746,.jpg"
satellite_41.88322095545322_-87.68194503338152.png,"ENMoYRuw79m6zrdcPR1euA,41.883060,-87.681913,.jpg"
satellite_41.89142276676916_-87.66564322588681.png,"5hfGy7nMxkDJwZi2xhYsjg,41.891501,-87.665542,.jpg"
satellite_41.886173607526956_-87.68414798034027.png,"rakC7ispA_oxTz4HGIx5lA,41.886309,-87.684362,.jpg"
satellite_41.88486131771641_-87.63392078968089.png,"PteSlWMnt5NB1Aln4NrgDg,41.884805,-87.633927,.jpg"
satellite_41.887157824884866_-87.64141080934061.png,"ltVUvN-ybWa6gn8HFWo2HQ,41.887082,-87.641366,.jpg"
satellite_41.85271021735791_-87.61982192914492.png,"x1vwO_VsvxW8Ape4WSjepQ,41.852823,-87.619675,.jpg"
satellite_41.86189624603177_-87.6303960745469.png,"g8G5UojQyLVDP0pCRGNgmQ,41.861967,-87.630317,.jpg"
satellite_41.89240698412707_-87.64008904116537.png,"Vo8N5y-hcaApo4eBCmU2EQ,41.892511,-87.640194,.jpg"
satellite_41.866489260368695_-87.68943505304125.png,"-znCGZvdDBXfsSpiPdtixQ,41.866481,-87.689216,.jpg"
satellite_41.8822367380953_-87.6251090018459.png,"yosOKJ-Donv7jAnG4oqZ4A,41.882075,-87.625254,.jpg"
satellite_41.86812962263188_-87.66388086831981.png,"HDhZYdSSGgv708rwr6MDlA,41.868155,-87.664005,.jpg"
satellite_41.86320853584232_-87.67137088797955.png,"qrizx6PnBxdNQrtdhdpIYw,41.863153,-87.671260,.jpg"
satellite_41.87600336149519_-87.67401442433004.png,"wvHNeRNv4KdN-QHs1B-f6g,41.876027,-87.674054,.jpg"
satellite_41.88453324526377_-87.62202487610367.png,"HY6Qnb8Pl_74B5M0HUjwnw,41.884508,-87.621836,.jpg"
satellite_41.87403492677936_-87.67313324554654.png,"ACGgedi2VlObGvS0o22Vvg,41.874072,-87.673030,.jpg"
satellite_41.865505043010785_-87.688113284866.png,"5W-oW_7Y1QqdDmay_u98Ig,41.865397,-87.687956,.jpg"
satellite_41.89404734639026_-87.68458856973201.png,"WS6CcG6YHjCTTP-x2JdU4w,41.893977,-87.684500,.jpg"
satellite_41.86845769508452_-87.62422782306241.png,"faETA53ElUnvQfLG0gUi9w,41.868358,-87.624244,.jpg"
satellite_41.85894359395803_-87.64537611386636.png,"Sxc5z1SslcgPASQeLj2H-Q,41.858921,-87.645327,.jpg"
satellite_41.85271021735791_-87.63392078968089.png,"SZt8W7Cxot1FWrA9iz64Bg,41.852761,-87.633890,.jpg"
satellite_41.89043854941124_-87.6726926561548.png,"0Uo2xon8mcH5X0dAFlzEwA,41.890511,-87.672811,.jpg"
satellite_41.8769875788531_-87.62907430637165.png,"Vb93ln-sc9B3Tkkv7PKg3g,41.876913,-87.628969,.jpg"
satellite_41.86714540527397_-87.6872321060825.png,"-KDQMQmWYouwyP8FpO68Sw,41.867093,-87.687047,.jpg"
satellite_41.874362999232_-87.62995548515515.png,"Vi8PvJu3J6NkaPQKtUFe0Q,41.874521,-87.629790,.jpg"
satellite_41.889126259600694_-87.65286613352609.png,"6URd8vuqG03y6cChwnCHmw,41.888984,-87.652893,.jpg"
satellite_41.86583311546342_-87.64008904116537.png,"EXO0b8eHYneGJ1lLbrgaWw,41.865754,-87.639972,.jpg"
satellite_41.89404734639026_-87.63920786238187.png,"Pl2YxmXKM9rKg8lMk_35Cw,41.893943,-87.639041,.jpg"
satellite_41.87042612980035_-87.68855387425775.png,"qIaHDZ_H8bNqnSfoIcCleQ,41.870280,-87.688585,.jpg"
satellite_41.88289288300058_-87.68282621216503.png,"BqUJ6cis1yt-HMTwpGb3bQ,41.883045,-87.682800,.jpg"
satellite_41.89503156374817_-87.61761898218617.png,"mNmsttSa7s2jTHTMXwki4A,41.894999,-87.617757,.jpg"
satellite_41.890110476958604_-87.6674055834538.png,"PHCJHob9_1xzyR-_ER2XdQ,41.889962,-87.667194,.jpg"
satellite_41.88453324526377_-87.6493414183921.png,"sy7GzvvS9T5o2dgdNVTkJw,41.884458,-87.649125,.jpg"
satellite_41.88551746262168_-87.67181147737129.png,"k80kNjaRxb4nCFMvsogltA,41.885407,-87.671880,.jpg"
satellite_41.867473477726605_-87.65991556379407.png,"oy56C4Hsx6X_z8RO7nhHZw,41.867417,-87.659795,.jpg"
satellite_41.88190866564266_-87.62246546549541.png,"x5qiyFUwYqbaLjiYL_gbkA,41.881964,-87.622367,.jpg"
satellite_41.876331433947826_-87.66652440467031.png,"62qsfe51SunpLpVGMs5g1A,41.876175,-87.666713,.jpg"
satellite_41.88682975243223_-87.68635092729902.png,"vXF0n1hllIeemdtQDcZblw,41.886680,-87.686455,.jpg"
satellite_41.8638646807476_-87.65771261683533.png,"Q3OyfpVecR2Jzq_f1cFMMg,41.863720,-87.657800,.jpg"
satellite_41.86353660829496_-87.6691679410208.png,"Cc90nu5BcWM8ixP9ZYEpTg,41.863445,-87.669056,.jpg"
satellite_41.86320853584232_-87.65683143805182.png,"hKvQzcjHE_L7T_IcSckXiQ,41.863052,-87.656713,.jpg"
satellite_41.855006724526376_-87.62246546549541.png,"J_TP0ZO3J6g0sFMLsfiqTA,41.855127,-87.622351,.jpg"
satellite_41.869113839989794_-87.65374731230959.png,"dfA9-IMBGYE9PXkthCg7kw,41.869093,-87.653838,.jpg"
satellite_41.857959376600114_-87.67709855007229.png,"sYX6Qfevc0jWGaw2wPrYkA,41.858121,-87.677186,.jpg"
satellite_41.89076662186388_-87.6735738349383.png,"bvjJc4pLrQRmmvg8Bkbf8g,41.890864,-87.673604,.jpg"
satellite_41.88158059319003_-87.688113284866.png,"ywnzZ-1HG42psa9-ONLlcw,41.881623,-87.688320,.jpg"
satellite_41.88354902790585_-87.68546974851552.png,"Aw53PWJCcbyuocwNDGETQg,41.883473,-87.685276,.jpg"
satellite_41.880268303379474_-87.67093029858779.png,"QlHxWd9RhVyvVPcBOoo1aw,41.880130,-87.670744,.jpg"
satellite_41.886501679979595_-87.66211851075282.png,"Mwoe5NXN1JVbo79mOzvEpg,41.886647,-87.661920,.jpg"
satellite_41.86484889810551_-87.64978200778384.png,"6cJJXeSnx5W2Frox5TDr4w,41.864897,-87.649717,.jpg"
satellite_41.876331433947826_-87.63964845177362.png,"QoUI_xFTru2ppSO5akEprg,41.876309,-87.639837,.jpg"
satellite_41.876659506400465_-87.64317316690762.png,"0a1LPNX081nCO9Jrlfhmbg,41.876707,-87.643378,.jpg"
satellite_41.854022507168466_-87.67797972885577.png,"ACsw99FazUZTiP34UHQSsQ,41.854004,-87.677953,.jpg"
satellite_41.857959376600114_-87.69119741060825.png,"hXecrCeQEwqf7KfBPXGGIA,41.858037,-87.691119,.jpg"
satellite_41.86714540527397_-87.6303960745469.png,"uRr_ARfn6pvVavsx6YPsVQ,41.867151,-87.630426,.jpg"
satellite_41.886501679979595_-87.62070310792842.png,"nQuWvo1zsjG4630TTMyCow,41.886396,-87.620655,.jpg"
satellite_41.89240698412707_-87.65506908048484.png,"uJzbL1JHMwoCiYWFkflIKA,41.892363,-87.654900,.jpg"
satellite_41.85927166641066_-87.63436137907263.png,"DN0hrPKLnjhnNEjjFcZm8w,41.859406,-87.634564,.jpg"
satellite_41.857631304147475_-87.65154436535084.png,"PM--9VuNTNHbJZ2BDw08cg,41.857522,-87.651533,.jpg"
satellite_41.87272263696881_-87.61761898218617.png,"qSZjO4nKuPYOZufhDB6S6A,41.872860,-87.617730,.jpg"
satellite_41.88256481054794_-87.65550966987658.png,"fXbE19EsGdR3jmSjtZRYeQ,41.882509,-87.655572,.jpg"
satellite_41.86583311546342_-87.64008904116537.png,"BWW_OyUWeapPRKoZ46xQEw,41.865978,-87.640089,.jpg"
satellite_41.877971796211014_-87.68546974851552.png,"xwRqL0yg2f2OcpNa-eTmTQ,41.878073,-87.685483,.jpg"
satellite_41.86944191244243_-87.61982192914492.png,"vJUJKM4CqTiEJTBgs2B_Tw,41.869594,-87.619662,.jpg"
satellite_41.89404734639026_-87.63524255785613.png,"5YD9cYr74FqnfWJnHQ_d7g,41.893993,-87.635197,.jpg"
satellite_41.8717384196109_-87.67665796068053.png,"Pcj4aOBllm6BBECA2rQ-Gw,41.871731,-87.676459,.jpg"
satellite_41.857631304147475_-87.64052963055713.png,"8oCi0NHmXF67ClviZJdhqg,41.857636,-87.640542,.jpg"
satellite_41.89371927393762_-87.64890082900035.png,"pP3M9E-hot-3QuL0wmQ9CA,41.893876,-87.649003,.jpg"
satellite_41.854022507168466_-87.67709855007229.png,"dvQP8oVtC7i6AmNWH1WgjA,41.854017,-87.677121,.jpg"
satellite_41.855990941884286_-87.68326680155677.png,"Nhx-N1FJ7NJlo-H3oy38-w,41.856108,-87.683320,.jpg"
satellite_41.89503156374817_-87.65683143805182.png,"yP6sX4HLAbRWUPKeeD60Ig,41.894917,-87.656889,.jpg"
satellite_41.89404734639026_-87.6277525381964.png,"VIb3bb6zSuaGST6GTZRVSg,41.894093,-87.627732,.jpg"
satellite_41.85336636226319_-87.62378723367065.png,"CmueBSlTmeAmd0FOyfLjYA,41.853433,-87.623908,.jpg"
satellite_41.854022507168466_-87.6674055834538.png,"1PmNjkXU2fby3BgXGAvm_g,41.854149,-87.667304,.jpg"
satellite_41.856319014336925_-87.64801965021685.png,"IdaXnQ050O6mpDMxeQlcjQ,41.856329,-87.648137,.jpg"
satellite_41.85238214490528_-87.67181147737129.png,"xkOHs5GNPpjc-3rLLRx-PA,41.852236,-87.671705,.jpg"
satellite_41.878627941116285_-87.6449355244746.png,"3lbm7SvcUz4rMA1NF_GZKg,41.878649,-87.644952,.jpg"
satellite_41.87829986866365_-87.66784617284556.png,"a3t4lfd31QszAfcNuLG-Fw,41.878373,-87.667683,.jpg"
satellite_41.857959376600114_-87.61717839279443.png,"RHgqlnhkjtmPB6JpDrb9Ow,41.858038,-87.617180,.jpg"
satellite_41.887485897337505_-87.65066318656734.png,"bWf63LO_io1F3NFL9r7ZYA,41.887338,-87.650598,.jpg"
satellite_41.854022507168466_-87.68150444398977.png,"Y613j-Hp6aMXFBHpUTMIrQ,41.854169,-87.681420,.jpg"
satellite_41.8638646807476_-87.68502915912376.png,"bPwpKu-Q-X0_3bULuz4txw,41.863826,-87.685149,.jpg"
satellite_41.889126259600694_-87.64890082900035.png,"sdmpTJsCXMXg-ZJhdFwnvA,41.888977,-87.648824,.jpg"
satellite_41.87075420225298_-87.66299968953632.png,"kRPQEQElob9NZMdDI7-_8Q,41.870649,-87.662852,.jpg"
satellite_41.854022507168466_-87.62731194880465.png,"HbPJhCTrPzmRX-GDOC2mtw,41.854008,-87.627145,.jpg"
satellite_41.85238214490528_-87.66476204710331.png,"PRF6EX-wt4bwcezfflg4bw,41.852342,-87.664599,.jpg"
satellite_41.855006724526376_-87.64185139873237.png,"7MapIPW_l83FTety8j4nDg,41.855023,-87.641750,.jpg"
satellite_41.88256481054794_-87.64537611386636.png,"D8C2f7WvfUsMDCgLAvVsKg,41.882478,-87.645496,.jpg"
satellite_41.89240698412707_-87.64141080934061.png,"Htnkm8PkfTj9GoDLTOOfEA,41.892314,-87.641619,.jpg"
satellite_41.85992781131594_-87.66608381527855.png,"SIRRVm01F4ck7tto4kgI_A,41.859769,-87.666247,.jpg"
satellite_41.88190866564266_-87.6493414183921.png,"QG_kmIj0RPfHDYZCjvf62w,41.881780,-87.649235,.jpg"
satellite_41.85467865207374_-87.64052963055713.png,"93Li1AXr51ahsN6wJWXlNw,41.854688,-87.640469,.jpg"
satellite_41.85927166641066_-87.64141080934061.png,"aTe0Uzru-Y3Ebb2B7FsRUQ,41.859388,-87.641419,.jpg"
satellite_41.87272263696881_-87.65991556379407.png,"Fi-Nn1PjQxnFDgTck0a9uQ,41.872724,-87.659908,.jpg"
satellite_41.87600336149519_-87.62026251853666.png,"-Kul0WyDh5wnUzsvsYz0pQ,41.875927,-87.620048,.jpg"
satellite_41.85927166641066_-87.64185139873237.png,"ErBGVRz1K-9FBtYcxLZlEQ,41.859361,-87.641923,.jpg"
satellite_41.85894359395803_-87.67489560311354.png,"vuEY3xdnkdW9GEC7uSViLg,41.858861,-87.674753,.jpg"
satellite_41.85303828981055_-87.62819312758815.png,"4Rf74Uqhwk92QZO8JPCigg,41.853150,-87.628366,.jpg"
satellite_41.86944191244243_-87.68106385459802.png,"awMLWU-YMsdtM3Rrp7Jb1w,41.869456,-87.681220,.jpg"
satellite_41.878627941116285_-87.68106385459802.png,"WEDKBNDgDoW9Bad4XbTnTQ,41.878693,-87.680937,.jpg"
satellite_41.8822367380953_-87.68238562277327.png,"q22rNnh3x80IN6qQbVUZpQ,41.882146,-87.682588,.jpg"
satellite_41.88486131771641_-87.65462849109309.png,"e-EUdfdhV5SReCQd2L5aew,41.884786,-87.654462,.jpg"
satellite_41.88420517281113_-87.65815320622708.png,"5K_TqQClkRxe7pgSe2_W2A,41.884318,-87.658054,.jpg"
satellite_41.89043854941124_-87.68855387425775.png,"V5SAx9PRXa8X-WtIjFCX6w,41.890313,-87.688515,.jpg"
satellite_41.87141034715826_-87.62863371697989.png,"zVOq-xLEg3eZszDT1sJ8Yw,41.871418,-87.628672,.jpg"
satellite_41.86419275320023_-87.67753913946403.png,"3RZNQcTAiZ0l71DdBqppKg,41.864053,-87.677757,.jpg"
satellite_41.86353660829496_-87.6303960745469.png,"HYlP68OznoyvuxGPHW4GkA,41.863462,-87.630246,.jpg"
satellite_41.88518939016904_-87.6511037759591.png,"Zpa8TOA2B8OsvYqw90JhGQ,41.885180,-87.650978,.jpg"
satellite_41.866817332821334_-87.64229198812411.png,"aa33S9EwIR6vi0-IqCYNoA,41.866659,-87.642143,.jpg"
satellite_41.89240698412707_-87.6735738349383.png,"kTujoh2T3k1fVLdeju7ozA,41.892342,-87.673391,.jpg"
satellite_41.87567528904255_-87.65859379561883.png,"ZxjlJdf7UoR2rDs7-Ap46g,41.875520,-87.658479,.jpg"
satellite_41.89175083922179_-87.64449493508286.png,"w5oSaXU8HPUTse9VbPQWrQ,41.891809,-87.644369,.jpg"
satellite_41.86091202867385_-87.66388086831981.png,"gzxJfUNTgFa2Ac_Fc6Gffw,41.860992,-87.663889,.jpg"
satellite_41.877971796211014_-87.65947497440233.png,"hDzq0TgI1VlQ55r9b1ZrpQ,41.877970,-87.659476,.jpg"
satellite_41.87403492677936_-87.68679151669076.png,"b5ZnGHnywRFfBGhAXTxa0Q,41.873911,-87.686654,.jpg"
satellite_41.878956013568924_-87.6484602396086.png,"S6eBFp8kffPxtbikxBC7TQ,41.879042,-87.648432,.jpg"
satellite_41.86419275320023_-87.67797972885577.png,"f9Q7DW6uEcGcgYqljQC2DA,41.864255,-87.677764,.jpg"
satellite_41.88354902790585_-87.63524255785613.png,"FIMDFauMyu4KZailc0TmEA,41.883663,-87.635379,.jpg"
satellite_41.85992781131594_-87.64449493508286.png,"NTt4MTe7p6WbD2HQAj--Qg,41.860043,-87.644652,.jpg"
satellite_41.886501679979595_-87.66167792136108.png,"JJBMtKV2CMbvLSahT17RUQ,41.886635,-87.661535,.jpg"
satellite_41.87206649206354_-87.64273257751586.png,"E0nq3o-j19w2PS8qZCw7xQ,41.871983,-87.642727,.jpg"
satellite_41.89175083922179_-87.65506908048484.png,"mrKcnAlVtoCHH7Id5-YrZw,41.891640,-87.655209,.jpg"
satellite_41.855006724526376_-87.67093029858779.png,"JvHl4TsjI98c-Phx2ZOZmQ,41.855169,-87.671018,.jpg"
satellite_41.87206649206354_-87.63303961089738.png,"GhBTqckyzNaf6dPJLrNsPg,41.872153,-87.632927,.jpg"
satellite_41.856319014336925_-87.62290605488717.png,"Wg2OH_1LFpipqJQBilXf-Q,41.856382,-87.623115,.jpg"
satellite_41.88584553507432_-87.68370739094851.png,"-tMvPTdAvtYYR5ZjdC32jw,41.885760,-87.683498,.jpg"
satellite_41.88158059319003_-87.64097021994887.png,"gvL1Yr0rCAimQAVGrHGxzA,41.881705,-87.641190,.jpg"
satellite_41.8943754188429_-87.688113284866.png,"sDBKANuWdaTomAYEBjoNFA,41.894367,-87.688257,.jpg"
satellite_41.85730323169484_-87.63524255785613.png,"uAqfrHuX40hrPjkJlPPRyA,41.857460,-87.635319,.jpg"
satellite_41.887485897337505_-87.66872735162906.png,"3Y4WKEFUTEN02cisxuQPVw,41.887353,-87.668801,.jpg"
satellite_41.886173607526956_-87.6458167032581.png,"XP7w0cyo2JrSIkfo__eFpQ,41.886164,-87.645914,.jpg"
satellite_41.877971796211014_-87.68326680155677.png,"He3idc2LiqrFXwOlwLLpxQ,41.878116,-87.683458,.jpg"
satellite_41.89371927393762_-87.67886090763928.png,"_EitPKFXSZR3fYPRajZUUQ,41.893600,-87.678867,.jpg"
satellite_41.87600336149519_-87.67489560311354.png,"C8S8pw6yxkwROWVe4gNVMg,41.876086,-87.674788,.jpg"
satellite_41.85828744905275_-87.63480196846439.png,"dI-xEwTByvW22xLK0Om9ew,41.858337,-87.634940,.jpg"
satellite_41.89371927393762_-87.64757906082511.png,"iQsU1Vlm00pGNNz2MOwdmg,41.893816,-87.647668,.jpg"
satellite_41.856647086789565_-87.64229198812411.png,"X7l9W1tVVipQmUari8el4Q,41.856494,-87.642458,.jpg"
satellite_41.89043854941124_-87.68238562277327.png,"xRB5YInHQWH9ylT08q4OMw,41.890343,-87.682481,.jpg"
satellite_41.85369443471583_-87.6484602396086.png,"dVxGt93TbptDDu6PT8yEWg,41.853817,-87.648556,.jpg"
satellite_41.867473477726605_-87.68238562277327.png,"bXrBxI2qCbHHA7xKQyoaKw,41.867572,-87.682537,.jpg"
satellite_41.88584553507432_-87.68194503338152.png,"ftMrNkPoWxrD7asqjccbyA,41.885785,-87.681893,.jpg"
satellite_41.88682975243223_-87.65506908048484.png,"VuSzR5YHLuRMzHiO_B3cAQ,41.886710,-87.654946,.jpg"
satellite_41.88978240450597_-87.67621737128879.png,"axa4VxfR_X6syM4PShFu8Q,41.889777,-87.676179,.jpg"
satellite_41.86944191244243_-87.62731194880465.png,"zwkqBJandeNRosMWBlj8Ww,41.869465,-87.627434,.jpg"
satellite_41.87108227470562_-87.64097021994887.png,"3dYuTcVp-kY2w0smVRIpjw,41.870944,-87.640832,.jpg"
satellite_41.86091202867385_-87.68591033790726.png,"gACyl0ZRJLE6QNTrN7_-JQ,41.861039,-87.685954,.jpg"
satellite_41.88682975243223_-87.62246546549541.png,"A6MBrkBcg54gCeKqESiNtg,41.886868,-87.622373,.jpg"
satellite_41.876331433947826_-87.67093029858779.png,"kuyo5Wr_kbrfzuEyHusjog,41.876332,-87.670849,.jpg"
satellite_41.86156817357913_-87.65947497440233.png,"s6FcNY5_Wj0siFtYn4KiqQ,41.861582,-87.659647,.jpg"
satellite_41.878627941116285_-87.6259901806294.png,"BEekcwGCEkNiYpnwTa7R1g,41.878657,-87.626121,.jpg"
satellite_41.85828744905275_-87.66960853041255.png,"5v7pVRYxq0n7zufw6ImMdQ,41.858232,-87.669448,.jpg"
satellite_41.869113839989794_-87.64669788204161.png,"IYgw2dfXU9E8rrblu2YXCg,41.869009,-87.646863,.jpg"
satellite_41.887485897337505_-87.67665796068053.png,"RH7kGAoVSU-4vBi-nDEhOQ,41.887375,-87.676786,.jpg"
satellite_41.85992781131594_-87.62334664427891.png,"juZ5KPbfWQx1sMqfx-N-_Q,41.859791,-87.623177,.jpg"
satellite_41.877643723758375_-87.6682867622373.png,"dn0J6D7MqJ6mDwkQ0bxkfw,41.877545,-87.668190,.jpg"
satellite_41.878956013568924_-87.67225206676305.png,"8Mpo9W2Y2P15k6Km6595Pg,41.878831,-87.672191,.jpg"
satellite_41.88322095545322_-87.6682867622373.png,"n6oFqe3PVFO1RyxMrmCmcw,41.883304,-87.668304,.jpg"
satellite_41.89043854941124_-87.66564322588681.png,"5lLINVKYX7RPAjfILq3nFQ,41.890562,-87.665579,.jpg"
satellite_41.886173607526956_-87.63171784272214.png,"EDcMPto8crVVW3aYRZW_kw,41.886289,-87.631909,.jpg"
satellite_41.87206649206354_-87.64713847143335.png,"iFtH2dOfJmr5ZfaaHAtcHw,41.872027,-87.647135,.jpg"
satellite_41.857959376600114_-87.64361375629936.png,"RDnQJku8oqWbu4Mu2HDM-A,41.857948,-87.643786,.jpg"
satellite_41.867801550179244_-87.68326680155677.png,"QpF8jDBsNd3B7u2-xbgwOw,41.867834,-87.683086,.jpg"
satellite_41.855662869431654_-87.62731194880465.png,"4CDODGjGOITJjTfXOEy-mQ,41.855529,-87.627200,.jpg"
satellite_41.89207891167443_-87.61850016096967.png,"hh3Bx5LyJKC5uCVdwhzgLg,41.892179,-87.618593,.jpg"
satellite_41.876659506400465_-87.67048970919605.png,"YtQyKWQ6ut7A09rDqpJV0g,41.876820,-87.670580,.jpg"
satellite_41.88190866564266_-87.61938133975318.png,"Wm10XY1YTtaWyC6bjVtaUQ,41.881855,-87.619438,.jpg"
satellite_41.86714540527397_-87.67533619250528.png,"aPOiOtThMnZsABLbnCWrag,41.867043,-87.675296,.jpg"
satellite_41.8638646807476_-87.64229198812411.png,"ehrYR7_DfFGEFsdoTMfaKQ,41.863996,-87.642095,.jpg"
satellite_41.86320853584232_-87.66255910014456.png,"9IHevcR7n4AYpZfBD-fDrA,41.863357,-87.662616,.jpg"
satellite_41.89339120148498_-87.65903438501057.png,"KZhPkYHz221PxLLl08P5sg,41.893486,-87.658944,.jpg"
satellite_41.87567528904255_-87.65330672291783.png,"awGrv0pZsZrin5_5KL0UFA,41.875818,-87.653292,.jpg"
satellite_41.887485897337505_-87.66960853041255.png,"xBKipaCcAPe7EQ3XGhFz-w,41.887345,-87.669459,.jpg"
satellite_41.86976998489507_-87.67181147737129.png,"7rnTp8V0fhZwo9pFE2IJmg,41.869752,-87.671677,.jpg"
satellite_41.878627941116285_-87.64669788204161.png,"vTOZ2fXP_yKa4n0rU8wRJQ,41.878589,-87.646684,.jpg"
satellite_41.855334796979015_-87.62378723367065.png,"lS3gjwKRHlcEYpSTMjbFFA,41.855356,-87.623950,.jpg"
satellite_41.89240698412707_-87.63348020028914.png,"TPMkivDgbSVbowDHSidYvA,41.892373,-87.633274,.jpg"
satellite_41.89339120148498_-87.6691679410208.png,"tzf88y8QHt8llING-En4XQ,41.893318,-87.668982,.jpg"
satellite_41.855006724526376_-87.66432145771157.png,"-EfJvSH06xPCQtpWFu1xHQ,41.855074,-87.664218,.jpg"
satellite_41.89306312903235_-87.68855387425775.png,"8RU-cLstNTCzGLcSUrf6hA,41.893010,-87.688350,.jpg"
satellite_41.877643723758375_-87.66079674257757.png,"YOC21msZOH421xod-o3mcw,41.877706,-87.660779,.jpg"
satellite_41.88387710035849_-87.68106385459802.png,"bm8lZtw6pKM179pafaiGVg,41.883925,-87.680890,.jpg"
satellite_41.89076662186388_-87.65506908048484.png,"drpe0bxgd7wwXm1xvBoYtA,41.890627,-87.655165,.jpg"
satellite_41.87239456451617_-87.68767269547426.png,"pTZ0nO99JZzBztlxKnv4-Q,41.872517,-87.687552,.jpg"
satellite_41.89240698412707_-87.65815320622708.png,"Chi1yy8MRvfZTfEedH8ywg,41.892525,-87.658083,.jpg"
satellite_41.89076662186388_-87.67974208642278.png,"Dum_oZPZRG8qAokmhDMjYA,41.890759,-87.679762,.jpg"
satellite_41.89240698412707_-87.67181147737129.png,"2aPm-aPxShCJcEXcFhYR-w,41.892369,-87.671904,.jpg"
satellite_41.85271021735791_-87.68194503338152.png,"csEVyxu1Zq45HOenvAfLGA,41.852564,-87.681766,.jpg"
satellite_41.89240698412707_-87.64449493508286.png,"iwK0A8dbAkDw7C7yLMpEUA,41.892306,-87.644543,.jpg"
satellite_41.877643723758375_-87.69031623182475.png,"LgYW9PCgSV6432hVIo-w2Q,41.877521,-87.690240,.jpg"
satellite_41.88486131771641_-87.67048970919605.png,"k7DCpTJB93u6WZdxHgbs7w,41.884702,-87.670620,.jpg"
satellite_41.85336636226319_-87.65462849109309.png,"M6kBQytkgwyIQINIthctzQ,41.853232,-87.654729,.jpg"
satellite_41.8769875788531_-87.688113284866.png,"9nN6-mcRSkeG3frktJnXwQ,41.876912,-87.688267,.jpg"
satellite_41.8943754188429_-87.65286613352609.png,"bUS36yupKRFB-0cZUQMTcQ,41.894488,-87.652696,.jpg"
satellite_41.877643723758375_-87.68150444398977.png,"Toc9uWq9Qpblsx7w2KmzZw,41.877589,-87.681672,.jpg"
satellite_41.855662869431654_-87.62026251853666.png,"5IHguTYQbcz8YeC3sgBFcQ,41.855544,-87.620166,.jpg"
satellite_41.86944191244243_-87.6493414183921.png,"5U_UMvFLZ_X0rWUenq5rrw,41.869520,-87.649317,.jpg"
satellite_41.87928408602156_-87.64317316690762.png,"YyFXaoS8-MeUmW0a0SB5aQ,41.879245,-87.643362,.jpg"
satellite_41.88420517281113_-87.68106385459802.png,"e_Pq4xfSsvcKJVojDf0PIw,41.884236,-87.681071,.jpg"
satellite_41.89207891167443_-87.67489560311354.png,"F-YB_1aSX9YWMTvuOA2HdA,41.891934,-87.675023,.jpg"
satellite_41.88125252073739_-87.64537611386636.png,"v3Y5uagESOLX0OFsSXO2IA,41.881262,-87.645422,.jpg"
satellite_41.87305070942145_-87.66784617284556.png,"BkK8Pbt3wla8QhhoUbm2UA,41.872917,-87.667647,.jpg"
satellite_41.87403492677936_-87.66432145771157.png,"2ZMduIDIRTkUvaF2gL-ixg,41.873971,-87.664213,.jpg"
satellite_41.89240698412707_-87.68502915912376.png,"zXRpoosyQaetNFpA8sdVzA,41.892307,-87.684841,.jpg"
satellite_41.89273505657971_-87.67797972885577.png,"38XPW8BhEZJN8KLcZrWfzg,41.892705,-87.677878,.jpg"
satellite_41.87009805734771_-87.67797972885577.png,"dTdF506Nu9Wxu6cVXiNDXA,41.870116,-87.677994,.jpg"
satellite_41.869113839989794_-87.63964845177362.png,"TqGoX8UEfB0mjwJT2bpjjw,41.869189,-87.639440,.jpg"
satellite_41.865505043010785_-87.66784617284556.png,"G46f93bHI7v3TMJKFuktZw,41.865649,-87.667922,.jpg"
satellite_41.88289288300058_-87.63392078968089.png,"H-39HhOEqTAfffzmJaxW1A,41.882825,-87.633853,.jpg"
satellite_41.8943754188429_-87.66388086831981.png,"zG5PZsY8ErS5kYzu6wveXA,41.894318,-87.664029,.jpg"
satellite_41.857631304147475_-87.67313324554654.png,"qZRogotDBiqeEfneZOsGaQ,41.857720,-87.673203,.jpg"
satellite_41.87075420225298_-87.68238562277327.png,"axA3xM2V81AE7eLvcCrslg,41.870751,-87.682486,.jpg"
satellite_41.855990941884286_-87.6449355244746.png,"3fH2r950y-fRhhZfhFODcw,41.855992,-87.644815,.jpg"
satellite_41.880268303379474_-87.63392078968089.png,"VN74OVyt1ieYnI0KvPmnyQ,41.880199,-87.633783,.jpg"
satellite_41.88059637583211_-87.68414798034027.png,"gP5nrcc-DN_97trXJlJoxQ,41.880687,-87.683979,.jpg"
satellite_41.88289288300058_-87.65595025926834.png,"VINHCr49uWxwdPRDmSTv8A,41.883004,-87.655805,.jpg"
satellite_41.88354902790585_-87.68282621216503.png,"2iNWyFndCYqIXLHKwAWhtw,41.883512,-87.682863,.jpg"
satellite_41.875019144137276_-87.68238562277327.png,"y-Oi0xGwI2ev2xDj5bi_jQ,41.874954,-87.682316,.jpg"
satellite_41.85894359395803_-87.64669788204161.png,"NF21ewjczb5Od9fAQ5WhgQ,41.859045,-87.646658,.jpg"
satellite_41.89175083922179_-87.66872735162906.png,"8AaAHd7bL0URF69ti9RhAw,41.891621,-87.668868,.jpg"
satellite_41.85828744905275_-87.65771261683533.png,"g-8E9h0LWbNkPCv0g7iMfg,41.858436,-87.657675,.jpg"
satellite_41.88420517281113_-87.68282621216503.png,"bzc9RSE3zmb08ceja7-Y4g,41.884097,-87.682763,.jpg"
satellite_41.856647086789565_-87.62819312758815.png,"jNb8Jaxwg5gPbdhWfCwi8A,41.856624,-87.628283,.jpg"
satellite_41.86714540527397_-87.64229198812411.png,"QyjxEZLZGLoK5IUtaCprTg,41.867191,-87.642160,.jpg"
satellite_41.880268303379474_-87.67048970919605.png,"RdRXCkUEDEyw8IU3SLY5hQ,41.880105,-87.670414,.jpg"
satellite_41.888142042242784_-87.64141080934061.png,"qul5mOCgBxfTQZ-kvJR_NQ,41.888137,-87.641395,.jpg"
satellite_41.880268303379474_-87.62951489576339.png,"_zqUzb73-YzWmatfyWj4sA,41.880173,-87.629348,.jpg"
satellite_41.874362999232_-87.68458856973201.png,"jPALI2rGTGh4mXFFH6BDIw,41.874382,-87.684432,.jpg"
satellite_41.88092444828475_-87.63392078968089.png,"lSA43WTBY_Np6iHNDoSJBg,41.881087,-87.633807,.jpg"
satellite_41.8943754188429_-87.6511037759591.png,"IWbX0d9NYR0Pu56T7yhQKg,41.894270,-87.651130,.jpg"
satellite_41.8638646807476_-87.66608381527855.png,"vq5FY-PmbPSAAggq-PYjPQ,41.863853,-87.666282,.jpg"
satellite_41.88682975243223_-87.6682867622373.png,"wPSbJ8RHDhBB5jp4oncHbA,41.886933,-87.668131,.jpg"
satellite_41.890110476958604_-87.65198495474259.png,"xAiW-6AU-gB_Ou_dnJkG3Q,41.890035,-87.651883,.jpg"
satellite_41.89339120148498_-87.68546974851552.png,"tuGQ11ZtjAwxL18mY-nWyg,41.893505,-87.685296,.jpg"
satellite_41.86944191244243_-87.67577678189704.png,"E_btjCeMc4Hh0-GBNisF1A,41.869363,-87.675956,.jpg"
satellite_41.876331433947826_-87.67797972885577.png,"js69lFYN5-xswWOmtHWnug,41.876170,-87.677927,.jpg"
satellite_41.89142276676916_-87.65903438501057.png,"boyIIZMzWHxFm4q5zWgMzg,41.891473,-87.658876,.jpg"
satellite_41.887485897337505_-87.66696499406206.png,"go0hAy5_q1IMxskkVXSLww,41.887422,-87.666860,.jpg"
satellite_41.89404734639026_-87.63920786238187.png,"r4pVLP4UXmeoi9r3u5piPw,41.893937,-87.639342,.jpg"
satellite_41.888470114695416_-87.62863371697989.png,"1KfqOwrFFHvgi3BBJM7zFw,41.888338,-87.628415,.jpg"
satellite_41.86058395622122_-87.63480196846439.png,"TkwvQoEAcbTZzEwD_2_IQw,41.860529,-87.634612,.jpg"
satellite_41.867473477726605_-87.67225206676305.png,"79qFQx1xEMkzK1USiayXXw,41.867603,-87.672410,.jpg"
satellite_41.86845769508452_-87.68238562277327.png,"Gef2CGZtVy6Xu8ArdqACuw,41.868397,-87.682429,.jpg"
satellite_41.88190866564266_-87.62422782306241.png,"SGv-L0EJrIMh-bNcvbGZxA,41.881841,-87.624145,.jpg"
satellite_41.85336636226319_-87.63348020028914.png,"PEMh81ATM8MsH28MWIS1JA,41.853501,-87.633425,.jpg"
satellite_41.8822367380953_-87.67093029858779.png,"1brJmQUDW-p_dDf1xM4MYQ,41.882372,-87.670836,.jpg"
satellite_41.8543505796211_-87.68502915912376.png,"exmJunQMFxgKlXtMYtnVvw,41.854265,-87.685087,.jpg"
satellite_41.866489260368695_-87.65859379561883.png,"fVBBAcp_tFw2_wxnpR7EIg,41.866506,-87.658523,.jpg"
satellite_41.86812962263188_-87.65066318656734.png,"ZWVgn-5mKD72tjayHZPgPw,41.868127,-87.650769,.jpg"
satellite_41.87206649206354_-87.6458167032581.png,"WPXue6AAUYZlK8ldrB6lvg,41.871920,-87.646036,.jpg"
satellite_41.85992781131594_-87.64625729264985.png,"cqdihchF_E8lz0EjXvvZgw,41.859932,-87.646379,.jpg"
satellite_41.87305070942145_-87.66652440467031.png,"CY2jItdtiRgu9l9BahXVtw,41.872929,-87.666589,.jpg"
satellite_41.87829986866365_-87.65771261683533.png,"W4dQdghoVahxtkqYgkxAkg,41.878239,-87.657891,.jpg"
satellite_41.85467865207374_-87.64537611386636.png,"UO0D2jNjAgzLNESELPwRog,41.854705,-87.645421,.jpg"
satellite_41.86255239093704_-87.66872735162906.png,"RPU0bKjltXLw-gWUKyJSDQ,41.862702,-87.668697,.jpg"
satellite_41.85467865207374_-87.68106385459802.png,"inCd9BdyUdI6VExN08dvxA,41.854841,-87.680926,.jpg"
satellite_41.86189624603177_-87.64978200778384.png,"2kL_82g5mFVQ1i38eGADkA,41.861817,-87.649841,.jpg"
satellite_41.87600336149519_-87.67930149703103.png,"iopNJ620uYShy-l06b8qJA,41.876151,-87.679340,.jpg"
satellite_41.88158059319003_-87.68370739094851.png,"ZgWW2sO_6s_xOSQSLIeclA,41.881680,-87.683723,.jpg"
satellite_41.86091202867385_-87.62731194880465.png,"UZezF45Gu1-XarKYWyl-JQ,41.861074,-87.627236,.jpg"
satellite_41.89273505657971_-87.65374731230959.png,"rBOovXlX5_nl-BLk9fRbcA,41.892877,-87.653893,.jpg"
satellite_41.88289288300058_-87.68458856973201.png,"ocbM7CCDNsMm7-G7bnuKuw,41.883016,-87.684601,.jpg"
satellite_41.86714540527397_-87.68326680155677.png,"ZzV9JHcj4mcmqxdQB-s79A,41.867036,-87.683187,.jpg"
satellite_41.85467865207374_-87.68326680155677.png,"oDzQI7J_fgOZGlbHRW1Y5g,41.854823,-87.683056,.jpg"
satellite_41.8717384196109_-87.66696499406206.png,"kXTeLpoluvIPZkGsdI868A,41.871647,-87.667054,.jpg"
satellite_41.85828744905275_-87.62246546549541.png,"hCsCcTPPzwy41ll_bi3rEA,41.858401,-87.622399,.jpg"
satellite_41.888798187148055_-87.6682867622373.png,"xhiJT6CHAuN-0kyeDUAeNQ,41.888857,-87.668460,.jpg"
satellite_41.88190866564266_-87.68591033790726.png,"439j2HUwJXNAimZwZbvp8g,41.881853,-87.685706,.jpg"
satellite_41.856975159242204_-87.65683143805182.png,"QT5Pmg9nt2YQI8PJowtotA,41.857104,-87.657018,.jpg"
satellite_41.85303828981055_-87.63436137907263.png,"orUlBGQGgiraI75JrFeumw,41.852966,-87.634530,.jpg"
satellite_41.89240698412707_-87.64141080934061.png,"tUv4ndIwi3sYtK-rMTc7NA,41.892288,-87.641600,.jpg"
satellite_41.87337878187409_-87.64978200778384.png,"CbbWDV6ucEH_xmeh4mLFrw,41.873396,-87.649856,.jpg"
satellite_41.869113839989794_-87.65330672291783.png,"sVm64-ZSS-E5Cp6T6-Vtdw,41.869076,-87.653252,.jpg"
satellite_41.865505043010785_-87.62202487610367.png,"lOz06lIyPm74QwwsDQrheQ,41.865559,-87.621818,.jpg"
satellite_41.875347216589915_-87.67974208642278.png,"QxSff8xUXEUcedSWJPy-Mg,41.875249,-87.679579,.jpg"
satellite_41.89470349129554_-87.64229198812411.png,"SB4Ej7PLdUIMeW98jQBbfw,41.894674,-87.642193,.jpg"
satellite_41.886173607526956_-87.64537611386636.png,"bwPMml2wlV1MGwua8uNa-Q,41.886072,-87.645439,.jpg"
satellite_41.855334796979015_-87.6259901806294.png,"sM9uE0lfA_ls_fejp8c3Vw,41.855451,-87.625960,.jpg"
satellite_41.88354902790585_-87.67048970919605.png,"RtU8J4rRSKBh1LpHtFKPzw,41.883608,-87.670610,.jpg"
satellite_41.87337878187409_-87.68679151669076.png,"c2HCXfSELI1J8vYl6O9e5Q,41.873279,-87.686843,.jpg"
satellite_41.89076662186388_-87.67577678189704.png,"xgITQKNADQxWdt2iWZNtMQ,41.890835,-87.675623,.jpg"
satellite_41.889126259600694_-87.65683143805182.png,"OnN8mbptwBbmxY3izf4BxA,41.888986,-87.656980,.jpg"
satellite_41.886173607526956_-87.66696499406206.png,"YtsVYJADhVwM_FYM7xk1Qw,41.886157,-87.666946,.jpg"
satellite_41.88551746262168_-87.65639084866008.png,"jUMdeb6j5BLxswndj4hacQ,41.885529,-87.656501,.jpg"
satellite_41.878956013568924_-87.66255910014456.png,"2QlpR39qyMS-oki_kGrPdg,41.878967,-87.662435,.jpg"
satellite_41.87272263696881_-87.65859379561883.png,"2fkymkglC8NguYzBKRbLqg,41.872882,-87.658390,.jpg"
satellite_41.880268303379474_-87.66696499406206.png,"gqNMXeqPDZIVsVx_NRj28w,41.880161,-87.667103,.jpg"
satellite_41.86714540527397_-87.68546974851552.png,"ohc_Q4K7DvusDj4R0F8xTA,41.867079,-87.685676,.jpg"
satellite_41.87370685432673_-87.65859379561883.png,"WLgyQios3N5ISyuQ0e3SyQ,41.873657,-87.658410,.jpg"
satellite_41.877643723758375_-87.68458856973201.png,"qfmtW9kkzgCSnKcadOjIdQ,41.877565,-87.684443,.jpg"
satellite_41.88354902790585_-87.68370739094851.png,"Sww5s_rIkJw6_I8RUC8Mew,41.883497,-87.683513,.jpg"
satellite_41.857631304147475_-87.65771261683533.png,"S7Wd6nxlSTP8TJ9drwA5pw,41.857649,-87.657664,.jpg"
satellite_41.856975159242204_-87.65154436535084.png,"WLiLWQPKzcoD51cn9KBczg,41.856947,-87.651564,.jpg"
satellite_41.87272263696881_-87.6277525381964.png,"z-6QkLY5ETHwxpTN27qN2Q,41.872815,-87.627638,.jpg"
satellite_41.855006724526376_-87.64537611386636.png,"EbyveZDgEXsoLPBusshFaQ,41.854872,-87.645352,.jpg"
satellite_41.86058395622122_-87.68591033790726.png,"GmzJuyEOWtZ5lkqG_AOyvw,41.860557,-87.685940,.jpg"
satellite_41.86714540527397_-87.67137088797955.png,"Y8QN_Fye0nDinPoiA1ZPLA,41.867071,-87.671245,.jpg"
satellite_41.888470114695416_-87.6449355244746.png,"YfWOI3yopsBNkYRTXxuokg,41.888362,-87.645060,.jpg"
satellite_41.888470114695416_-87.67181147737129.png,"19_Yvkl46Ccs2vdlOxDohw,41.888337,-87.671905,.jpg"
satellite_41.88059637583211_-87.61894075036142.png,"guc3QJuP6OSpG3-xXZK2xA,41.880457,-87.619070,.jpg"
satellite_41.867801550179244_-87.66652440467031.png,"suxo4azOz9dBvJXuCw-QZw,41.867663,-87.666377,.jpg"
satellite_41.87994023092684_-87.65462849109309.png,"rZOOGRMg1D8NFJodaYKXfQ,41.879931,-87.654664,.jpg"
satellite_41.89175083922179_-87.67974208642278.png,"abaFK9NmB8TWEN6bQ-uE5w,41.891838,-87.679733,.jpg"
satellite_41.87305070942145_-87.63920786238187.png,"JFr6cklBiI3-frBDibER2w,41.873087,-87.639357,.jpg"
satellite_41.86484889810551_-87.64052963055713.png,"FZgsN8tKHBKqZ1iHqb4D2w,41.864999,-87.640684,.jpg"
satellite_41.87239456451617_-87.68062326520628.png,"kAusoXLtHPMlmdfutySjSA,41.872333,-87.680454,.jpg"
satellite_41.87075420225298_-87.6674055834538.png,"DE3tG_H3P3BYup8W5SYURg,41.870685,-87.667568,.jpg"
satellite_41.89109469431652_-87.65859379561883.png,"OmdxuKmrcRzQE4QIBIHrnw,41.891063,-87.658407,.jpg"
satellite_41.87239456451617_-87.66255910014456.png,"ie1lHmXJdVSCSAoATwRQHw,41.872521,-87.662534,.jpg"
satellite_41.88322095545322_-87.66608381527855.png,"DuIojcEZbqZ46TDc3JYW7Q,41.883299,-87.666066,.jpg"
satellite_41.85238214490528_-87.64978200778384.png,"EhP9KhaNQA0zSd4M-Y8Frw,41.852231,-87.649942,.jpg"
satellite_41.87009805734771_-87.64669788204161.png,"xjrRmX9WKV45LLebX83cFA,41.869956,-87.646901,.jpg"
satellite_41.8769875788531_-87.68150444398977.png,"E0I7n6rC71oJJ6_WwrXw_Q,41.876906,-87.681678,.jpg"
satellite_41.878956013568924_-87.66167792136108.png,"e84wnx280akW2kLuYaEyfA,41.878995,-87.661819,.jpg"
satellite_41.89273505657971_-87.68591033790726.png,"GPVgEHzvCgl8Q0sLyYH5EQ,41.892580,-87.685876,.jpg"
satellite_41.86944191244243_-87.65286613352609.png,"fuy2_QYnz1ykAUNPA_hbxA,41.869474,-87.652986,.jpg"
satellite_41.89142276676916_-87.68326680155677.png,"sFzESE_DkG3StQox2CvzEA,41.891447,-87.683294,.jpg"
satellite_41.86091202867385_-87.64449493508286.png,"JJhtJyF-4Lf6Ze9vCrRmHQ,41.861029,-87.644675,.jpg"
satellite_41.87272263696881_-87.62907430637165.png,"xMiuxD7TwJJgC7lm2p5ddg,41.872767,-87.629114,.jpg"
satellite_41.86419275320023_-87.68767269547426.png,"ILRqQ0FQPDVWtNT7vWXPRA,41.864264,-87.687808,.jpg"
satellite_41.86025588376858_-87.63480196846439.png,"2k891VaVkdjWYfpZhJcudA,41.860245,-87.634599,.jpg"
satellite_41.855662869431654_-87.65198495474259.png,"3Mliah5_qQ2ZASSi8wBaZw,41.855658,-87.652184,.jpg"
satellite_41.86452082565287_-87.61894075036142.png,"9CK90WcMl76UnL3EvW00qw,41.864528,-87.618833,.jpg"
satellite_41.8943754188429_-87.66960853041255.png,"cXNn7YpkaaUX5K0bC8452w,41.894516,-87.669698,.jpg"
satellite_41.8822367380953_-87.6484602396086.png,"A8CbikJKJ6E9yfFWlG4zdA,41.882201,-87.648530,.jpg"
satellite_41.88584553507432_-87.62863371697989.png,"e8FblDdvqtp5fJGTQcYesQ,41.885730,-87.628701,.jpg"
satellite_41.856975159242204_-87.65991556379407.png,"4g02SSux1Iw1caaL7rSiaQ,41.856985,-87.659746,.jpg"
satellite_41.88190866564266_-87.62378723367065.png,"Fmf_m-TVA-lnM0JnngkV1w,41.882072,-87.623671,.jpg"
satellite_41.85467865207374_-87.68282621216503.png,"lwMefgkvLIqdrBuhpFqsRw,41.854825,-87.682933,.jpg"
satellite_41.890110476958604_-87.65991556379407.png,"-iYG2tQRIXfAeoKwJhtpcQ,41.890126,-87.659720,.jpg"
satellite_41.88420517281113_-87.62158428671191.png,"jsjqi5hbknjbz6Pa0rrrVg,41.884298,-87.621608,.jpg"
satellite_41.87305070942145_-87.63348020028914.png,"hwCPxGr0L_iwRatpovYAHw,41.873043,-87.633627,.jpg"
satellite_41.89273505657971_-87.67533619250528.png,"LddW6ygEuiJmBrFirfcKHA,41.892741,-87.675551,.jpg"
satellite_41.87337878187409_-87.6259901806294.png,"I24NBUWOrLeYb2BFkyWpjQ,41.873312,-87.626016,.jpg"
satellite_41.855006724526376_-87.65154436535084.png,"CUxPaCgRFTQScoUcGSak6A,41.854892,-87.651572,.jpg"
satellite_41.86452082565287_-87.6502225971756.png,"6a5TeFEtGFrbUz9H27gF_Q,41.864387,-87.650155,.jpg"
satellite_41.855334796979015_-87.66167792136108.png,"5yZfRZoOOtWkDsXd3BFl6g,41.855351,-87.661850,.jpg"
satellite_41.88453324526377_-87.63392078968089.png,"ivcdM4FhuAQPUiJATTzIng,41.884453,-87.633975,.jpg"
satellite_41.89404734639026_-87.64008904116537.png,"ykEd3otesxuvX25lJUaQHQ,41.893921,-87.640189,.jpg"
satellite_41.89043854941124_-87.67753913946403.png,"9nPA59hw8LW1L2F_D3tqZA,41.890406,-87.677635,.jpg"
satellite_41.87239456451617_-87.68635092729902.png,"BQYL0QtezmYbPdYeRPv2cg,41.872535,-87.686243,.jpg"
satellite_41.8717384196109_-87.63303961089738.png,"fez-oGtF4Lh64D1mCtFzPg,41.871628,-87.632968,.jpg"
satellite_41.888798187148055_-87.65683143805182.png,"TWXjAVRE73gjEXd_pAmyeA,41.888951,-87.656986,.jpg"
satellite_41.89371927393762_-87.64229198812411.png,"YMfkZRUZISVNa0UnfYMThw,41.893882,-87.642143,.jpg"
satellite_41.89175083922179_-87.68987564243301.png,"pnv9awRyEuCAtrT1DAt8bA,41.891660,-87.690016,.jpg"
satellite_41.85271021735791_-87.68899446364951.png,"LPTao4gzVNnagVj4woyNYw,41.852650,-87.689054,.jpg"
satellite_41.8595997388633_-87.66035615318582.png,"bO4W5eLr4UWRfWsEC15_HA,41.859511,-87.660423,.jpg"
satellite_41.88354902790585_-87.67886090763928.png,"Vox2_7LXyc_jbQZ0H-6nZA,41.883573,-87.678954,.jpg"
satellite_41.88518939016904_-87.67930149703103.png,"ngHl8vi86wUfbXVlr3pSPQ,41.885117,-87.679184,.jpg"
satellite_41.886501679979595_-87.68414798034027.png,"1URlGlTPt4QM4CGpgje_sA,41.886393,-87.684124,.jpg"
satellite_41.88289288300058_-87.64141080934061.png,"gi7aQ-pHkWjLQtJTb09tpw,41.882927,-87.641235,.jpg"
satellite_41.88190866564266_-87.688113284866.png,"pjlr6o-_XEP7cT24nMhzlQ,41.882070,-87.688222,.jpg"
satellite_41.86583311546342_-87.64669788204161.png,"JDmqT4Y8TnTKbOfQnfiZQg,41.865911,-87.646680,.jpg"
satellite_41.8543505796211_-87.68458856973201.png,"hLvBypizGH0kqeeQel2QFw,41.854389,-87.684606,.jpg"
satellite_41.88584553507432_-87.63436137907263.png,"67pirRREQY5xcLbJ2Ad5pw,41.885721,-87.634478,.jpg"
satellite_41.88158059319003_-87.68591033790726.png,"JmgBj2VTDpfWOL0O_3HcVw,41.881530,-87.685792,.jpg"
satellite_41.87009805734771_-87.65550966987658.png,"DxC-q96gkPeYkGkVv9Tb6g,41.870066,-87.655300,.jpg"
satellite_41.856975159242204_-87.66211851075282.png,"6b4hf-Rtq1Ifgq1vp3oYQg,41.856840,-87.662056,.jpg"
satellite_41.876659506400465_-87.64890082900035.png,"KJDT1jsPJ3A6rJdlQqY_kQ,41.876631,-87.648973,.jpg"
satellite_41.855006724526376_-87.68018267581452.png,"IjwlcuICfLpTOv2D9tKz3A,41.854877,-87.680050,.jpg"
satellite_41.88190866564266_-87.64273257751586.png,"0QTFqRKxvLWje4Yc88ZsZQ,41.881834,-87.642831,.jpg"
satellite_41.8769875788531_-87.67753913946403.png,"TGxj8JjyoNCZ2j4VDdqWlQ,41.876964,-87.677758,.jpg"
satellite_41.87928408602156_-87.63920786238187.png,"grrh6vJ-zFPlcFExL4_VZw,41.879324,-87.639064,.jpg"
satellite_41.86976998489507_-87.6303960745469.png,"qkYkVAZeDo9Gf6E1eUC_4g,41.869722,-87.630221,.jpg"
satellite_41.889126259600694_-87.67930149703103.png,"WG9whAUNXDQPWwcQiLqQfA,41.889156,-87.679296,.jpg"
satellite_41.89175083922179_-87.65418790170133.png,"chijqosAo644Z_HXQGlyEA,41.891725,-87.654219,.jpg"
satellite_41.88584553507432_-87.65198495474259.png,"yJ1g4G4yoONhKWjfbCcqiA,41.886008,-87.651937,.jpg"
satellite_41.889126259600694_-87.68370739094851.png,"c9RRKkXCTN0j1Bux9oWk5g,41.889066,-87.683613,.jpg"
satellite_41.86845769508452_-87.64669788204161.png,"wlMluMQg1l2brLS-E1HhXg,41.868348,-87.646853,.jpg"
satellite_41.857631304147475_-87.63083666393864.png,"csqQJqlOsrsIaVvVf7bgBw,41.857790,-87.630960,.jpg"
satellite_41.857959376600114_-87.67930149703103.png,"bxxBMsYodeNSpRvcR6K98Q,41.858082,-87.679120,.jpg"
satellite_41.88059637583211_-87.62995548515515.png,"rK8t8fPPApwCbo9SLIegYw,41.880705,-87.629969,.jpg"
satellite_41.86944191244243_-87.65286613352609.png,"O6qXtgTl8lcoL-4ce4s4kQ,41.869476,-87.652745,.jpg"
satellite_41.855662869431654_-87.63392078968089.png,"sy3dfxMYwi5DU9CRlz8t6Q,41.855698,-87.633801,.jpg"
satellite_41.856319014336925_-87.61894075036142.png,"W9RBGzeZ5NxkNQ0y4V30Nw,41.856480,-87.619115,.jpg"
satellite_41.89371927393762_-87.68943505304125.png,"P_1IQ6j5w37FgsgxUCHb4Q,41.893646,-87.689236,.jpg"
satellite_41.855006724526376_-87.6691679410208.png,"cuNLWWvrBlYWisPb-KUC7w,41.855022,-87.669353,.jpg"
satellite_41.89207891167443_-87.68238562277327.png,"7tBnehvivFXpdJmdHCV_eQ,41.892193,-87.682378,.jpg"
satellite_41.85238214490528_-87.68458856973201.png,"Onqn0WjS88wNpCRLaISZng,41.852533,-87.684497,.jpg"
satellite_41.89207891167443_-87.61850016096967.png,"cRPt43nuRP1G7F6PzLuJ6g,41.892093,-87.618595,.jpg"
satellite_41.875347216589915_-87.66388086831981.png,"LDa9Pq7y3Wcv3VEF3DD1Gg,41.875454,-87.663798,.jpg"
satellite_41.86812962263188_-87.65991556379407.png,"OGLzO-VqaO80LAbI1U9bWg,41.868194,-87.659730,.jpg"
satellite_41.89470349129554_-87.65330672291783.png,"mPB_EkdNJ3gSr3KcOI8pSg,41.894762,-87.653133,.jpg"
satellite_41.88387710035849_-87.64625729264985.png,"gvUWWF60zLajRXrsqDb0uQ,41.883976,-87.646363,.jpg"
satellite_41.888470114695416_-87.6277525381964.png,"dR36y5-r9kyGb55l4A6iDw,41.888475,-87.627810,.jpg"
satellite_41.878956013568924_-87.67181147737129.png,"d3gD_41g5kJwqymoJA-AQA,41.878840,-87.671702,.jpg"
satellite_41.86845769508452_-87.65066318656734.png,"6T4W8oj7n8Cg_wpKJ2Zysg,41.868318,-87.650879,.jpg"
satellite_41.867801550179244_-87.68370739094851.png,"sxWRKApsBgy9fqu2piWPMg,41.867683,-87.683648,.jpg"
satellite_41.8769875788531_-87.62863371697989.png,"ugwCH5lCl_F9yLJy2M0W_g,41.876910,-87.628761,.jpg"
satellite_41.865505043010785_-87.67886090763928.png,"NKODwrEq-4smwxDxkwQ__Q,41.865474,-87.678691,.jpg"
satellite_41.85271021735791_-87.68150444398977.png,"eEpSx1OvIoonpvxrvzH6Mw,41.852562,-87.681647,.jpg"
satellite_41.8595997388633_-87.64052963055713.png,"xxyV_PN4KQTgF92u4U0IhQ,41.859684,-87.640404,.jpg"
satellite_41.86452082565287_-87.67665796068053.png,"uynV8KLoqc268VvfBbNuNw,41.864405,-87.676607,.jpg"
satellite_41.86845769508452_-87.65727202744358.png,"w6pLgUVFjoZp4-sigFBtSg,41.868435,-87.657349,.jpg"
satellite_41.89404734639026_-87.65418790170133.png,"9gbJd5iU2H7ZSrUKfowh6Q,41.894006,-87.654371,.jpg"
satellite_41.87829986866365_-87.62819312758815.png,"kzoAoheoczilm3jHxmgMaw,41.878178,-87.628225,.jpg"
satellite_41.8638646807476_-87.66784617284556.png,"F3mM3ohwM-yinsLRo8cD0A,41.863915,-87.667813,.jpg"
satellite_41.87829986866365_-87.62334664427891.png,"Qm-BUMt-3WEl1oasiapHMQ,41.878284,-87.623346,.jpg"
satellite_41.89339120148498_-87.61894075036142.png,"Fac4ktJr1vH-MDcFw3Zr2w,41.893427,-87.618835,.jpg"
satellite_41.85303828981055_-87.68238562277327.png,"kHfFNkLN4FI5jZxxu_B0mw,41.853005,-87.682229,.jpg"
satellite_41.86583311546342_-87.66167792136108.png,"h9mjxlSf_7Szb0sHjbRYdA,41.865960,-87.661533,.jpg"
satellite_41.865176970558146_-87.62731194880465.png,"HDOfI8F6Ct-Hm8nmIkaI0Q,41.865315,-87.627469,.jpg"
satellite_41.87075420225298_-87.6691679410208.png,"oby1fzI0hQ9dnFyJAs1Aqg,41.870841,-87.669045,.jpg"
satellite_41.88978240450597_-87.63876727299012.png,"7yBAuQFiEkHx-wet0kAHZQ,41.889883,-87.638580,.jpg"
satellite_41.866489260368695_-87.65595025926834.png,"LS6CHUkTFJqCMRLeBTay-A,41.866541,-87.655979,.jpg"
satellite_41.88453324526377_-87.6907568212165.png,"8l2Xfz7s7Tp9zq3wBjR1Bg,41.884484,-87.690723,.jpg"
satellite_41.869113839989794_-87.6303960745469.png,"SOpvydMNc3ICtCyjcVeQuw,41.868992,-87.630311,.jpg"
satellite_41.887485897337505_-87.63392078968089.png,"ET5toQMfHW4-RTotI-nDnw,41.887431,-87.633973,.jpg"
satellite_41.87075420225298_-87.62026251853666.png,"V-Z9V_cAPZL29rb5dF4l5g,41.870910,-87.620369,.jpg"
satellite_41.85861552150539_-87.65286613352609.png,"Pvbxbxz72xrrm9S-58zrrA,41.858653,-87.652820,.jpg"
satellite_41.87928408602156_-87.66696499406206.png,"-JLQBiBuicR6X0W4Ib8vKg,41.879277,-87.666847,.jpg"
satellite_41.87075420225298_-87.6449355244746.png,"4FwwwjtPCurbjMa6lXOzmQ,41.870677,-87.644739,.jpg"
satellite_41.888798187148055_-87.68546974851552.png,"-cbdTi6J6Ja4U5VzmEu_PQ,41.888821,-87.685461,.jpg"
satellite_41.867473477726605_-87.67137088797955.png,"lXJ02iasEknkyI22N9CrCQ,41.867491,-87.671344,.jpg"
satellite_41.8943754188429_-87.66079674257757.png,"T3WO_GJQxesyx-GD14_SRA,41.894371,-87.660716,.jpg"
satellite_41.877315651305736_-87.63744550481488.png,"jvnKDA2M5GvtsP7Cx4YH_A,41.877232,-87.637620,.jpg"
satellite_41.87403492677936_-87.6674055834538.png,"pPJwH7c9ykToD9XzdRTSrA,41.874119,-87.667495,.jpg"
satellite_41.87600336149519_-87.63083666393864.png,"52WeEmAdIWCG2wk0HQsfxg,41.876019,-87.630663,.jpg"
satellite_41.89207891167443_-87.66299968953632.png,"XRNg6zewNJKTDqYWw_karA,41.892021,-87.663046,.jpg"
satellite_41.88125252073739_-87.66652440467031.png,"zWwACq8dy0mOmUBFNy7Itw,41.881190,-87.666706,.jpg"
satellite_41.89339120148498_-87.67930149703103.png,"GZeI86xtPim1TkugzDYxmg,41.893387,-87.679429,.jpg"
satellite_41.88256481054794_-87.64405434569112.png,"tyy9BB7nDRA5aEc0HxCTMg,41.882656,-87.644141,.jpg"
satellite_41.855006724526376_-87.6449355244746.png,"spowDMPdpf7D7n6rcXYTcg,41.855123,-87.644795,.jpg"
satellite_41.89175083922179_-87.62114369732016.png,"Oos-_QJRgX5rVz96rNBgRg,41.891785,-87.621035,.jpg"
satellite_41.86976998489507_-87.68106385459802.png,"-azlB_1762sZfH9J3REszw,41.869850,-87.681232,.jpg"
satellite_41.890110476958604_-87.66564322588681.png,"rH8J89mQANFkv0ALf3yLSA,41.890090,-87.665507,.jpg"
satellite_41.87141034715826_-87.6449355244746.png,"qHYXaJ_GEsPpAJgrdgy9oQ,41.871335,-87.644772,.jpg"
satellite_41.855662869431654_-87.62246546549541.png,"XxWyux_DoQRIWD6kGaJRwA,41.855526,-87.622512,.jpg"
satellite_41.86944191244243_-87.66476204710331.png,"wPpXqIN02grPGHUshJhhVA,41.869303,-87.664856,.jpg"
satellite_41.8769875788531_-87.65727202744358.png,"gLe25A1hocPJ2d92WnGGDg,41.877053,-87.657070,.jpg"
satellite_41.88420517281113_-87.67445501372178.png,"FMsRwePywG7SzAhlJ-I_cQ,41.884149,-87.674527,.jpg"
satellite_41.875019144137276_-87.63568314724787.png,"rhB6efke0zpflW-cdp1wJA,41.875140,-87.635509,.jpg"
satellite_41.86583311546342_-87.68546974851552.png,"GGIT9pIOOI_rO3LMxYcAfw,41.865952,-87.685583,.jpg"
satellite_41.89306312903235_-87.66211851075282.png,"NKvkl6KMZGQWMDOBqWd9ZQ,41.893123,-87.662336,.jpg"
satellite_41.87108227470562_-87.63303961089738.png,"jyzHdGwQuabrEx6pHhUNwA,41.871091,-87.632953,.jpg"
satellite_41.856319014336925_-87.64317316690762.png,"9rrQFWUC2K3HArOvcbVyFQ,41.856251,-87.643061,.jpg"
satellite_41.87994023092684_-87.68502915912376.png,"BKAJQ-B8bub4_fuI0xcaFw,41.879893,-87.684841,.jpg"
satellite_41.877643723758375_-87.67974208642278.png,"w6jl_L2fWQZ8neGPjoOcmg,41.877642,-87.679600,.jpg"
satellite_41.89043854941124_-87.6691679410208.png,"RkDdhXz5spgx46TUBOOWSg,41.890580,-87.669347,.jpg"
satellite_41.89076662186388_-87.67753913946403.png,"ijOSRiCQ_YxnKnIjLaOLRQ,41.890844,-87.677579,.jpg"
satellite_41.89175083922179_-87.65462849109309.png,"G0WcHawLuHCQ3GBvwQHmEA,41.891788,-87.654745,.jpg"
satellite_41.89043854941124_-87.65286613352609.png,"Hxxr5D3rwjxP1tmgnIicVQ,41.890347,-87.652856,.jpg"
satellite_41.869113839989794_-87.65683143805182.png,"nNSoZxum3EkXVfSTdXd1Rg,41.869209,-87.656792,.jpg"
satellite_41.89339120148498_-87.65198495474259.png,"cw9vQ71DbN1IJOWsOyNjmw,41.893314,-87.652080,.jpg"
satellite_41.876331433947826_-87.63171784272214.png,"7mFZF69cKsK22AYbgOvIhA,41.876453,-87.631759,.jpg"
satellite_41.88092444828475_-87.65550966987658.png,"xP3EBnZbDIIvUL8t7ESKvg,41.880810,-87.655333,.jpg"
satellite_41.88092444828475_-87.62026251853666.png,"QjzNDDhzLtFwMHwi5h3CjA,41.880864,-87.620387,.jpg"
satellite_41.89503156374817_-87.61894075036142.png,"8Ro6hAGPoD4wZMf5sE7jdA,41.895011,-87.619145,.jpg"
satellite_41.87239456451617_-87.67137088797955.png,"EFmFmua6o7uIceSv74NaiQ,41.872333,-87.671494,.jpg"
satellite_41.855662869431654_-87.6303960745469.png,"ukx_pY_kF_xZmS0OqSHXBQ,41.855657,-87.630197,.jpg"
satellite_41.86944191244243_-87.66211851075282.png,"rQG0DbNwqGnXGAwIw45j8Q,41.869375,-87.662326,.jpg"
satellite_41.85861552150539_-87.67048970919605.png,"-xXVcCMFCSJqJCYE8R9flA,41.858667,-87.670436,.jpg"
satellite_41.86484889810551_-87.6303960745469.png,"1J0kucjGyJHEc2L8yYgLDg,41.864705,-87.630424,.jpg"
satellite_41.89470349129554_-87.67181147737129.png,"odlrbivKjd57g9Z3LuebxA,41.894638,-87.671821,.jpg"
satellite_41.88420517281113_-87.6735738349383.png,"vLoAKRTWsNiEohQxtkUstA,41.884167,-87.673634,.jpg"
satellite_41.856647086789565_-87.64008904116537.png,"sOIQ4g9a7P8Su3MamnupYw,41.856650,-87.639931,.jpg"
satellite_41.8769875788531_-87.62466841245416.png,"-8m0X1UYMByr0jpl8Csp6Q,41.877019,-87.624518,.jpg"
satellite_41.87600336149519_-87.66299968953632.png,"rJSiFxEihpr9IHevUpZtaQ,41.876160,-87.662874,.jpg"
satellite_41.89175083922179_-87.61894075036142.png,"fgYWIVVxMn_o7YR7FuwEtw,41.891828,-87.618757,.jpg"
satellite_41.89109469431652_-87.63568314724787.png,"L723WkrVAQ7p9LxA2Puzfw,41.891016,-87.635554,.jpg"
satellite_41.88125252073739_-87.63348020028914.png,"M2lOhvCOTOrToSciSA0_WQ,41.881300,-87.633690,.jpg"
satellite_41.86484889810551_-87.6458167032581.png,"izRSbMhAEUIqi8kHMCwxDQ,41.864799,-87.645613,.jpg"
satellite_41.88256481054794_-87.63171784272214.png,"ZagHeRBovSSOwz7271R4Ow,41.882564,-87.631728,.jpg"
satellite_41.855334796979015_-87.68018267581452.png,"JIR45nSgSbQpaLuMKrzN0A,41.855348,-87.679971,.jpg"
satellite_41.89142276676916_-87.6682867622373.png,"P6kZplT51Do4fMoJXrAv6g,41.891339,-87.668380,.jpg"
satellite_41.89273505657971_-87.65639084866008.png,"9wuvWpKmikVsVEbCixEMSg,41.892602,-87.656419,.jpg"
satellite_41.865176970558146_-87.66079674257757.png,"NMN7dVGw5hgImBwaW2Do_Q,41.865189,-87.660593,.jpg"
satellite_41.89273505657971_-87.68635092729902.png,"-U9vishesUA0ET2jD44RrQ,41.892768,-87.686229,.jpg"
satellite_41.88453324526377_-87.688113284866.png,"UEgtiD7nOrEtqtbQymtsxQ,41.884604,-87.688120,.jpg"
satellite_41.877643723758375_-87.63788609420662.png,"DMaJdYecj5kMY6iJzf6BqQ,41.877501,-87.637682,.jpg"
satellite_41.86452082565287_-87.6726926561548.png,"7n8nAHgxYgibcsTfgF3nKw,41.864532,-87.672840,.jpg"
satellite_41.855334796979015_-87.65991556379407.png,"IFa41SeGB_UhtlvsKOc8uA,41.855196,-87.659714,.jpg"
satellite_41.87403492677936_-87.67093029858779.png,"K0Zy_CqIEZxirKwmetaM9g,41.874094,-87.671080,.jpg"
satellite_41.878956013568924_-87.65550966987658.png,"-DRsvHSwm-ndehoIdwRbxg,41.879098,-87.655519,.jpg"
satellite_41.855334796979015_-87.67489560311354.png,"kyXxcMrvMyNzBGKlpgP1ng,41.855413,-87.674865,.jpg"
satellite_41.874362999232_-87.6682867622373.png,"Z7vAE_VX3wercEVY25m7pw,41.874399,-87.668318,.jpg"
satellite_41.876659506400465_-87.68679151669076.png,"34bJq2_PjGISCl73RVX7JA,41.876821,-87.686884,.jpg"
satellite_41.8638646807476_-87.68943505304125.png,"L8arQyE9dZQFyxKZMAvR0A,41.863717,-87.689339,.jpg"
satellite_41.86320853584232_-87.66872735162906.png,"CykJnjG4HfZ3MBcvYoig4Q,41.863333,-87.668809,.jpg"
satellite_41.88453324526377_-87.66696499406206.png,"_sgzemNZOxAJz9xTW3kMPg,41.884436,-87.667005,.jpg"
satellite_41.89503156374817_-87.66696499406206.png,"8IzgiY_P4ggRdeqKwXWJjQ,41.895008,-87.667185,.jpg"
satellite_41.887485897337505_-87.66960853041255.png,"O_rfWNAgMw-5NSpd3rW7mQ,41.887539,-87.669481,.jpg"
satellite_41.89371927393762_-87.62422782306241.png,"q7SU_mLS-joqurT4n7iFmw,41.893611,-87.624358,.jpg"
satellite_41.85894359395803_-87.67225206676305.png,"ci-Tkuz3zWx8egD5i4aJEA,41.859088,-87.672064,.jpg"
satellite_41.88945433205333_-87.62202487610367.png,"NEERhpUONAYHhrPYNHUDMw,41.889589,-87.621815,.jpg"
satellite_41.86222431848441_-87.68679151669076.png,"U1857zX2Tv5dPZEd5n61jw,41.862338,-87.686578,.jpg"
satellite_41.8717384196109_-87.62643077002116.png,"a1IigI0kvgX6tHIyCW-iKg,41.871847,-87.626338,.jpg"
satellite_41.89306312903235_-87.66520263649507.png,"62hcqAdzr4q3KxVb08xv0A,41.892926,-87.665349,.jpg"
satellite_41.880268303379474_-87.65859379561883.png,"swQHEZnnxV4IuhxGpn35TQ,41.880307,-87.658476,.jpg"
satellite_41.89371927393762_-87.67842031824753.png,"fECkbZkEIfUz-BSvvjmw_A,41.893606,-87.678494,.jpg"
satellite_41.8796121584742_-87.66696499406206.png,"DDNN5XrMSMwZTbgkPcfv5g,41.879544,-87.666855,.jpg"
satellite_41.88190866564266_-87.62819312758815.png,"Zb03tyk93saWG9PavNbJwQ,41.881993,-87.628345,.jpg"
satellite_41.88420517281113_-87.61805957157792.png,"ZINz9MkXHDWPH013a0-NFQ,41.884362,-87.617899,.jpg"
satellite_41.886501679979595_-87.67313324554654.png,"m9O3rNnavwdm8a5mMa7Q8w,41.886439,-87.673100,.jpg"
satellite_41.86320853584232_-87.6251090018459.png,"AVF9oGCVMbejxf-PK1N59Q,41.863179,-87.624912,.jpg"
satellite_41.85369443471583_-87.64449493508286.png,"PIRAMTZig0SF7j3NvR8dMg,41.853790,-87.644600,.jpg"
satellite_41.86845769508452_-87.6493414183921.png,"xpe_tues50AHMc_hVUsI9A,41.868584,-87.649291,.jpg"
satellite_41.886501679979595_-87.66344027892806.png,"9iLq237GMR__mf1DbBSYHw,41.886596,-87.663346,.jpg"
satellite_41.88420517281113_-87.61894075036142.png,"BqVaae_BBtKc3nLDDWAExg,41.884342,-87.618796,.jpg"
satellite_41.85238214490528_-87.65771261683533.png,"GaAalusABDX7fnjyBVCU1g,41.852452,-87.657825,.jpg"
satellite_41.86714540527397_-87.6493414183921.png,"Lh6ysnT8jDk5CAMs_0hfWw,41.867063,-87.649124,.jpg"
satellite_41.867473477726605_-87.63480196846439.png,"McoHBqTGFWd9Csu1tttczA,41.867598,-87.634908,.jpg"
satellite_41.86124010112649_-87.6872321060825.png,"EytLXjiiIhclQDMXzNAshw,41.861173,-87.687128,.jpg"
satellite_41.857631304147475_-87.63259902150564.png,"uNPBZB5lO0dcHyuULXmrpw,41.857768,-87.632534,.jpg"
satellite_41.856319014336925_-87.65374731230959.png,"JNY9lxXwb1UxCB5ruuCh8Q,41.856242,-87.653685,.jpg"
satellite_41.8543505796211_-87.66299968953632.png,"ViW4m-vmo0Tq7p3KoEdZUA,41.854223,-87.662831,.jpg"
satellite_41.867801550179244_-87.61982192914492.png,"ZcSnrZU5xzJH1pbMB9RWXA,41.867789,-87.619734,.jpg"
satellite_41.878956013568924_-87.68635092729902.png,"yXlKqcQGLcC8UMVPM6aRPA,41.878961,-87.686307,.jpg"
satellite_41.869113839989794_-87.65550966987658.png,"1UPAC0rL38eBs8wSWKlSyQ,41.868999,-87.655616,.jpg"
satellite_41.85369443471583_-87.67181147737129.png,"ypkZk03Mgvk7p3rTBCV4vQ,41.853625,-87.671646,.jpg"
satellite_41.89043854941124_-87.68326680155677.png,"ugakWJwLQUY9jFjgiZLNDg,41.890328,-87.683293,.jpg"
satellite_41.86976998489507_-87.66255910014456.png,"SSdDQPnAWFNr9-gA3S-hzw,41.869787,-87.662629,.jpg"
satellite_41.87239456451617_-87.67974208642278.png,"dz0gA1xNmwj_V9OuJxw8gA,41.872346,-87.679573,.jpg"
satellite_41.86812962263188_-87.68767269547426.png,"-rIVKuaXMJXOS2jIEd4koQ,41.867967,-87.687732,.jpg"
satellite_41.88092444828475_-87.6277525381964.png,"tUEHzuCRQxKND2qv5xa06w,41.880806,-87.627710,.jpg"
satellite_41.85238214490528_-87.66211851075282.png,"0RpmA2xvGo-CSJFL95pfnw,41.852392,-87.661905,.jpg"
satellite_41.88256481054794_-87.63964845177362.png,"Go4YV8oIkZQpfSwlPmfppA,41.882450,-87.639726,.jpg"
satellite_41.890110476958604_-87.6259901806294.png,"mXaPXancEVLKu75S5WPzzA,41.890185,-87.626083,.jpg"
satellite_41.86484889810551_-87.64713847143335.png,"dCg3rtxGy6S3aIbQor83iw,41.864795,-87.647021,.jpg"
satellite_41.865176970558146_-87.65683143805182.png,"S15XI8NaiDAPNa4Z5fptkQ,41.865034,-87.656641,.jpg"
satellite_41.85369443471583_-87.68062326520628.png,"GZxSvEmRrfRtGnrVpxRLRw,41.853797,-87.680817,.jpg"
satellite_41.85828744905275_-87.62731194880465.png,"JygNf21-Dxnp87o1C9Ptsg,41.858246,-87.627157,.jpg"
satellite_41.854022507168466_-87.68194503338152.png,"T2J90Orw4FJUxbN2jiRyaw,41.853932,-87.682063,.jpg"
satellite_41.877643723758375_-87.68987564243301.png,"igJDfbEGx8G-qdfKE7TNMg,41.877561,-87.690006,.jpg"
satellite_41.855334796979015_-87.68062326520628.png,"TS-XpIOtj4JrT1ajUaIEFw,41.855336,-87.680663,.jpg"
satellite_41.87075420225298_-87.63259902150564.png,"iDLcfhTLdS1_iE9LbihWmA,41.870719,-87.632777,.jpg"
satellite_41.888142042242784_-87.6484602396086.png,"R6TZOJGssB-urPsDNdbZWg,41.887986,-87.648674,.jpg"
satellite_41.876331433947826_-87.62951489576339.png,"U2Q7qUtgftOwn_zDlSibLg,41.876408,-87.629728,.jpg"
satellite_41.888798187148055_-87.63964845177362.png,"SNhb1FBTh8EgPenYY5VvZA,41.888911,-87.639573,.jpg"
satellite_41.87337878187409_-87.68502915912376.png,"wXEH-0ltZ688NgNmskkpKQ,41.873458,-87.685103,.jpg"
satellite_41.88551746262168_-87.68899446364951.png,"bfafEpdyqVTpTAOMa_pxQA,41.885456,-87.689024,.jpg"
satellite_41.855006724526376_-87.64801965021685.png,"6MjPsAOcUq_y62hnqSX9rA,41.854949,-87.648185,.jpg"
satellite_41.88584553507432_-87.66255910014456.png,"g7kSCqDVEQJ6cHyGohnH4g,41.885742,-87.662637,.jpg"
satellite_41.89371927393762_-87.62290605488717.png,"O4kS--tCUt-tj6cm0-2ZVQ,41.893771,-87.622750,.jpg"
satellite_41.888798187148055_-87.62819312758815.png,"A9laIbEr7qzlRaBIoZbT_A,41.888852,-87.628084,.jpg"
satellite_41.89306312903235_-87.68282621216503.png,"3Fb5xb0gDdS1uFD68aIOJg,41.893088,-87.682735,.jpg"
satellite_41.887813969790145_-87.64317316690762.png,"8CMM5TlfbQOvUElQlxza3g,41.887798,-87.642964,.jpg"
satellite_41.87042612980035_-87.6691679410208.png,"6oMrc-_yNk4gGg1-Vz5DQg,41.870442,-87.669028,.jpg"
satellite_41.88158059319003_-87.61894075036142.png,"4b9D3nMnxvI36vKvDFRPlg,41.881515,-87.619004,.jpg"
satellite_41.866489260368695_-87.62026251853666.png,"RKp7_4zBItiNp3HyiTG08g,41.866393,-87.620128,.jpg"
satellite_41.85205407245264_-87.68546974851552.png,"-RES7iCmlhVzHDlFv3caQA,41.852074,-87.685294,.jpg"
satellite_41.867801550179244_-87.67842031824753.png,"IzSSlxfYjnlp-704LwMYCQ,41.867912,-87.678446,.jpg"
satellite_41.85467865207374_-87.65286613352609.png,"8nvixAw75V8PBGBvRx68MA,41.854547,-87.653073,.jpg"
satellite_41.88420517281113_-87.64713847143335.png,"ikYITVYxemic5wpHTLhYZA,41.884311,-87.647010,.jpg"
satellite_41.88322095545322_-87.63303961089738.png,"KUz__VKFOcVBDm9aY3amKQ,41.883228,-87.632886,.jpg"
satellite_41.89109469431652_-87.67665796068053.png,"hLWQ_kCOgcnrnG7s25OA_g,41.891201,-87.676687,.jpg"
satellite_41.88158059319003_-87.64757906082511.png,"eh5jjJTQBipEmfH3itbVgg,41.881563,-87.647400,.jpg"
satellite_41.86091202867385_-87.61761898218617.png,"-UH1bYAnHmMCbx4Y1sLA2w,41.861044,-87.617444,.jpg"
satellite_41.89207891167443_-87.6312772533304.png,"8sToUi1xGgdu1JiIVvFB2A,41.892034,-87.631391,.jpg"
satellite_41.86944191244243_-87.68282621216503.png,"L0LszGK1w_NlNEyXFLcArw,41.869427,-87.682663,.jpg"
satellite_41.856647086789565_-87.68282621216503.png,"33G2_LWKfero7D2Vbg8aFg,41.856689,-87.682676,.jpg"
satellite_41.85238214490528_-87.63920786238187.png,"Up19PjTZyKgi5wcorPMasQ,41.852279,-87.639211,.jpg"
satellite_41.855990941884286_-87.66784617284556.png,"9MalXEwDDWZKWDLmsNBPLw,41.855963,-87.667780,.jpg"
satellite_41.866161187916056_-87.65462849109309.png,"Zkv23gZHVer6oQV4fbS1-Q,41.866309,-87.654602,.jpg"
satellite_41.87567528904255_-87.62554959123766.png,"eyc0b0uJ8RlZ1jIoQRf_sw,41.875702,-87.625435,.jpg"
satellite_41.88387710035849_-87.65683143805182.png,"R4EBAVAJJ8T_ocARc04Bqg,41.883922,-87.656721,.jpg"
satellite_41.88256481054794_-87.64449493508286.png,"SwQajTCuYTciXJ448sh8HA,41.882503,-87.644601,.jpg"
satellite_41.869113839989794_-87.68370739094851.png,"hSkphF6943wVP-dW-hvhXw,41.869117,-87.683610,.jpg"
satellite_41.88289288300058_-87.64978200778384.png,"T6a39lE_JUUsjj_IGPRavQ,41.883006,-87.649720,.jpg"
satellite_41.857959376600114_-87.65198495474259.png,"i5D_uIWwTWFKoE_6iFflHQ,41.858047,-87.651914,.jpg"
satellite_41.85927166641066_-87.6735738349383.png,"uMoP7rWuCFEZD5WwKb-KAA,41.859178,-87.673616,.jpg"
satellite_41.85238214490528_-87.65595025926834.png,"dgYLFZUsqMgc6yuO5RnSrg,41.852479,-87.655983,.jpg"
satellite_41.86255239093704_-87.66608381527855.png,"_JqMv4mm_yMUt_s3lBlmLg,41.862630,-87.666245,.jpg"
satellite_41.877643723758375_-87.65418790170133.png,"uqz1GZF2jzrX0jR5amVcOQ,41.877555,-87.653968,.jpg"
satellite_41.866817332821334_-87.62026251853666.png,"V6w-5ZTNr8Fmga6OIeYGWQ,41.866955,-87.620128,.jpg"
satellite_41.89207891167443_-87.68326680155677.png,"lLUkGN8wQREW7WBVDslxMg,41.892181,-87.683389,.jpg"
satellite_41.856319014336925_-87.64008904116537.png,"gHo0dTfrv7k2O5OqjOGE8w,41.856479,-87.639915,.jpg"
satellite_41.86845769508452_-87.66652440467031.png,"KNWiwq3cZlCk6fP9RV30eg,41.868604,-87.666407,.jpg"
satellite_41.8717384196109_-87.67401442433004.png,"S0kh4Wsbuf6ZGODaaXLKJA,41.871727,-87.673830,.jpg"
satellite_41.8543505796211_-87.66211851075282.png,"By7f9BiFminTxKEXHuHYBA,41.854242,-87.662004,.jpg"
satellite_41.87337878187409_-87.68855387425775.png,"-aXYlCskO3liX_QeGxyDSA,41.873353,-87.688640,.jpg"
satellite_41.886501679979595_-87.6458167032581.png,"IqC3GkxTeMhao8CftgZwZg,41.886369,-87.645997,.jpg"
satellite_41.878956013568924_-87.63700491542313.png,"4PwQbUyJDg3bGFbLZ0EpLw,41.878950,-87.636887,.jpg"
satellite_41.87829986866365_-87.68106385459802.png,"YLKBPoPxfuNH1jUoSUEVgg,41.878220,-87.680997,.jpg"
satellite_41.888798187148055_-87.62070310792842.png,"g0YSMVYR2T1gJRiFwGqMKg,41.888635,-87.620527,.jpg"
satellite_41.89339120148498_-87.65550966987658.png,"2zc5nGVszuUSpuTJzEnzww,41.893311,-87.655384,.jpg"
satellite_41.890110476958604_-87.63436137907263.png,"1ZFFIhqgrvhNzKXM4tHdgQ,41.889967,-87.634377,.jpg"
satellite_41.887157824884866_-87.6484602396086.png,"otTCYMUbPTcF0ZfJioyHrg,41.887095,-87.648669,.jpg"
satellite_41.86419275320023_-87.6511037759591.png,"i4rY-KyIQ1pAwWL68VGJuw,41.864060,-87.650974,.jpg"
satellite_41.86583311546342_-87.68546974851552.png,"lPn0Lqoh3miFR3GO_chNNg,41.865882,-87.685664,.jpg"
satellite_41.875347216589915_-87.66476204710331.png,"w-oBExYcAL-T7M90SXwnkw,41.875456,-87.664980,.jpg"
satellite_41.87075420225298_-87.6735738349383.png,"f9VUIBPg2IeZMfmiGG5aqg,41.870890,-87.673744,.jpg"
satellite_41.874362999232_-87.66123733196932.png,"qT5KtcMjYCKsuuPYQcKexg,41.874309,-87.661092,.jpg"
satellite_41.87403492677936_-87.62202487610367.png,"qEyi19pKND7JOqBZkSucaw,41.874183,-87.622092,.jpg"
satellite_41.87141034715826_-87.66652440467031.png,"IQCm8WOtDpyWA5WFy37Apw,41.871493,-87.666712,.jpg"
satellite_41.88420517281113_-87.62026251853666.png,"JlDr2xsUMxNCKmvmJHVGvg,41.884310,-87.620476,.jpg"
satellite_41.87141034715826_-87.62422782306241.png,"Kwg962wH0wAJoR78gn3rbA,41.871566,-87.624224,.jpg"
satellite_41.89175083922179_-87.68194503338152.png,"P3JqyC8tcOWOuX8VEjKQ-A,41.891768,-87.681847,.jpg"
satellite_41.88354902790585_-87.65683143805182.png,"ojcshFkFfhFuzU-8bQ0cHg,41.883558,-87.656719,.jpg"
satellite_41.88453324526377_-87.63964845177362.png,"7Mz9WMiKuy6mYjp0KEGLCA,41.884533,-87.639792,.jpg"
satellite_41.85369443471583_-87.67048970919605.png,"qrmppJQ82x44MLVk-A7uzQ,41.853637,-87.670660,.jpg"
satellite_41.85238214490528_-87.63480196846439.png,"uajwW9f6rF2CPP2xLSaG5A,41.852366,-87.634812,.jpg"
satellite_41.880268303379474_-87.6907568212165.png,"_Jwd-7LsHvPDCoXJsnOxHw,41.880205,-87.690976,.jpg"
satellite_41.8595997388633_-87.66520263649507.png,"-NfCIRUKGWZm3W_7zMtTCQ,41.859644,-87.665014,.jpg"
satellite_41.85861552150539_-87.67709855007229.png,"jmTyBWG-c5V1OmbFD54bUA,41.858535,-87.677096,.jpg"
satellite_41.869113839989794_-87.68062326520628.png,"cayOQP00iNHehaL9WeKXfA,41.869252,-87.680531,.jpg"
satellite_41.857959376600114_-87.6735738349383.png,"LBGgSaL0m87wQtDAlX8NuA,41.858016,-87.673549,.jpg"
satellite_41.87600336149519_-87.63700491542313.png,"-4zOfX5Eq1iDBBXP1m7MXQ,41.876013,-87.637138,.jpg"
satellite_41.88059637583211_-87.68899446364951.png,"rC2k_D0ztLVa2heYmbT-Mw,41.880684,-87.689194,.jpg"
satellite_41.88322095545322_-87.64317316690762.png,"io4u_EaEMgV2XkODxK9YrQ,41.883217,-87.643169,.jpg"
satellite_41.85271021735791_-87.68238562277327.png,"ux-YSG-Xl_DgJ_2WhH0zvA,41.852548,-87.682233,.jpg"
satellite_41.86189624603177_-87.62731194880465.png,"1fpPRpvHkSJMCfhBPvFnGw,41.861904,-87.627418,.jpg"
satellite_41.89142276676916_-87.6268713594129.png,"-7E9bTVN5Lr5luO3QUUAmg,41.891533,-87.626743,.jpg"
satellite_41.88945433205333_-87.65550966987658.png,"9oDgKYMeAc_f1HE8n3qy1A,41.889404,-87.655727,.jpg"
satellite_41.85927166641066_-87.62643077002116.png,"mp_YsHhwKyEjLHwwMw_Jfg,41.859180,-87.626244,.jpg"
satellite_41.85992781131594_-87.68767269547426.png,"hhPE23HFulYsmTmaGCwh9A,41.859884,-87.687538,.jpg"
satellite_41.85303828981055_-87.6907568212165.png,"FE2uQWi77jlFk7v-r5eFlA,41.853032,-87.690586,.jpg"
satellite_41.88584553507432_-87.65550966987658.png,"A4it4spJQwkhnMQHJF3c5g,41.885809,-87.655680,.jpg"
satellite_41.86156817357913_-87.66123733196932.png,"cNnJKar7N_fmzoS4oWtQRQ,41.861543,-87.661382,.jpg"
satellite_41.87567528904255_-87.69119741060825.png,"iAC2gR69UyHDnXy_Iawtxw,41.875768,-87.691019,.jpg"
satellite_41.875347216589915_-87.6726926561548.png,"SuIXta3UsS-0mrapaTyxqg,41.875350,-87.672592,.jpg"
satellite_41.865505043010785_-87.62158428671191.png,"moieUYHRXW1yfzR5hXL_vw,41.865474,-87.621400,.jpg"
satellite_41.867473477726605_-87.65903438501057.png,"c078qIZ4-a4R0XEogu5GXg,41.867468,-87.659161,.jpg"
satellite_41.877643723758375_-87.63700491542313.png,"N2ptT51QF6_ieeKS78uHkA,41.877492,-87.636861,.jpg"
satellite_41.877643723758375_-87.68062326520628.png,"TZTDwCEcl4ZN_tmOHkbRpQ,41.877622,-87.680819,.jpg"
satellite_41.867801550179244_-87.68546974851552.png,"Si-XG4FFFh7p2Gc_HzBG5A,41.867862,-87.685456,.jpg"
satellite_41.876659506400465_-87.6259901806294.png,"7HV4PGpAyLjFAAAbDPbSHg,41.876567,-87.626036,.jpg"
satellite_41.89076662186388_-87.65727202744358.png,"C8xdH7TD6vNAYaWJu0h81w,41.890686,-87.657429,.jpg"
satellite_41.855006724526376_-87.65859379561883.png,"8r-ypICQMjqxmCe-MkELiw,41.854952,-87.658807,.jpg"
satellite_41.87600336149519_-87.65286613352609.png,"dPYOO2gVzNB7Moi_fzJP8g,41.875988,-87.652954,.jpg"
satellite_41.8822367380953_-87.67533619250528.png,"mRgaGqrqr24ZJGCb0pPb0w,41.882295,-87.675356,.jpg"
satellite_41.888142042242784_-87.63259902150564.png,"v6Scg7-VRWhTGlGXTftFZw,41.888107,-87.632587,.jpg"
satellite_41.854022507168466_-87.68591033790726.png,"8wCgXXOJdJiuUaohM2lwSQ,41.853914,-87.686054,.jpg"
satellite_41.87928408602156_-87.63656432603138.png,"dAihscRADvre138_JYnfDg,41.879364,-87.636551,.jpg"
satellite_41.867473477726605_-87.62246546549541.png,"zsJSsGxsqAO0fL7i7jgsjw,41.867416,-87.622512,.jpg"
satellite_41.88059637583211_-87.67930149703103.png,"ToXBrdVC-bsmapYEf2cjdg,41.880584,-87.679099,.jpg"
satellite_41.87042612980035_-87.6259901806294.png,"MfS3x3wZIcLvcTMV4ucqEQ,41.870546,-87.626074,.jpg"
satellite_41.86484889810551_-87.67489560311354.png,"MvKUO4ZtAbO9j3ag-yBY-A,41.864974,-87.675084,.jpg"
satellite_41.855990941884286_-87.6674055834538.png,"WRGBRn1HHelJR7lOJwl1EA,41.855971,-87.667423,.jpg"
satellite_41.867473477726605_-87.63700491542313.png,"oEm-UsXYNk0ueydsjsfyAA,41.867314,-87.636933,.jpg"
satellite_41.876331433947826_-87.62026251853666.png,"Kx28AIFXZE_G3Cf_08NyxA,41.876200,-87.620131,.jpg"
satellite_41.88387710035849_-87.6449355244746.png,"Wqa5OHw4PlI7cwbp-xdIGQ,41.883732,-87.644925,.jpg"
satellite_41.86484889810551_-87.68458856973201.png,"vg5r4g60kGYtNHeEsWVffw,41.864815,-87.684610,.jpg"
satellite_41.86484889810551_-87.6484602396086.png,"TKAkJQ88Nab7GypQiJl49g,41.864766,-87.648295,.jpg"
satellite_41.876331433947826_-87.64229198812411.png,"GdR8TxtwtT5k8ktTFvKaWg,41.876397,-87.642493,.jpg"
satellite_41.89470349129554_-87.67445501372178.png,"ClNWMqk0N6CiymSNIVFthA,41.894613,-87.674593,.jpg"
satellite_41.89207891167443_-87.67621737128879.png,"2Put5BX1KHkNqUsSnIVFug,41.891920,-87.676222,.jpg"
satellite_41.856647086789565_-87.64273257751586.png,"8JHECIpHee_nySlomxOw1A,41.856718,-87.642948,.jpg"
satellite_41.85861552150539_-87.64141080934061.png,"BHOOveOIu9fy1Ypw6h3rIA,41.858518,-87.641394,.jpg"
satellite_41.88158059319003_-87.63964845177362.png,"dIYdA5IJylc9HLvpHItyEQ,41.881739,-87.639676,.jpg"
satellite_41.8943754188429_-87.68987564243301.png,"YGW9gNonhj5PyUdG_Eaenw,41.894352,-87.689847,.jpg"
satellite_41.87829986866365_-87.64713847143335.png,"ckTUbY76auC7fUOocPM2qw,41.878372,-87.647275,.jpg"
satellite_41.85238214490528_-87.66035615318582.png,"ujNWG-FV7c4yI01u_70O0Q,41.852414,-87.660446,.jpg"
satellite_41.86845769508452_-87.6449355244746.png,"P0Z99y5Ii35hKsdJZDoshQ,41.868527,-87.644891,.jpg"
satellite_41.89470349129554_-87.67093029858779.png,"WnN3coXCBwzfQtcZQyQAZg,41.894651,-87.671102,.jpg"
satellite_41.878627941116285_-87.65771261683533.png,"B7Jxz9SITuwlnC2MXC1S2g,41.878611,-87.657502,.jpg"
satellite_41.85271021735791_-87.6735738349383.png,"J5G0ajPZr6BjCHQ9yhdzBg,41.852679,-87.673585,.jpg"
satellite_41.85467865207374_-87.68458856973201.png,"OT-1oHBNUXbZeio9SlyZ0Q,41.854816,-87.684755,.jpg"
satellite_41.855662869431654_-87.6511037759591.png,"zsa7QnqGPMXrC5gMpogdmw,41.855678,-87.650943,.jpg"
satellite_41.878627941116285_-87.67886090763928.png,"SNSDZ5PeuGYzMWcxy9glSA,41.878532,-87.679015,.jpg"
satellite_41.87206649206354_-87.68899446364951.png,"LsxYFuOcecHceQFOQ9MDiw,41.872052,-87.688819,.jpg"
satellite_41.88354902790585_-87.66079674257757.png,"I5Cus1fjyVxgfiQsI7f_ZQ,41.883624,-87.660601,.jpg"
satellite_41.87567528904255_-87.64317316690762.png,"4yw-WyFXHU7EEeeSOz3z4A,41.875816,-87.643227,.jpg"
satellite_41.88322095545322_-87.67181147737129.png,"tkjZiwBCkNJxDwTMYk0diQ,41.883084,-87.671820,.jpg"
satellite_41.88354902790585_-87.6691679410208.png,"dViJ_e_R5FhndIjI1FqP_Q,41.883402,-87.669347,.jpg"
satellite_41.86124010112649_-87.68899446364951.png,"EZ1KjkVnsE9m9QsCd_GFFQ,41.861153,-87.689097,.jpg"
satellite_41.88387710035849_-87.68106385459802.png,"6QjJeC9YFqaeGmH51Gj1Tw,41.883929,-87.681077,.jpg"
satellite_41.886501679979595_-87.64978200778384.png,"WPx-dL5wDbqAMYYobJv9OA,41.886426,-87.649847,.jpg"
satellite_41.86976998489507_-87.67181147737129.png,"7ugtacmc3tGrDvXj6yAixw,41.869713,-87.671993,.jpg"
satellite_41.85271021735791_-87.6691679410208.png,"s6V95w59sS3Loh2F8i-F-w,41.852740,-87.669058,.jpg"
satellite_41.865505043010785_-87.64405434569112.png,"FJ4DhywoZ1TUSCovap580w,41.865545,-87.644000,.jpg"
satellite_41.855334796979015_-87.67048970919605.png,"80svvBKV-n3GkQFLrXKdXw,41.855466,-87.670357,.jpg"
satellite_41.87075420225298_-87.65242554413435.png,"sxtvkZHhd8wA7MjK_vspqw,41.870750,-87.652250,.jpg"
satellite_41.86878576753716_-87.64361375629936.png,"1R2FWFZI7H4wwV4PEVYA0A,41.868701,-87.643732,.jpg"
satellite_41.857631304147475_-87.66784617284556.png,"K2Jj-qx1BOXYf2_DpdelTQ,41.857765,-87.667836,.jpg"
satellite_41.89470349129554_-87.65771261683533.png,"G-VwGQ5BGUiy7VbE7wC2Pw,41.894769,-87.657848,.jpg"
satellite_41.89503156374817_-87.68062326520628.png,"veBV572PvUmOGTMTty9gAA,41.894930,-87.680771,.jpg"
satellite_41.874362999232_-87.65771261683533.png,"OPBERdtlWkPP0EY4w4DAQQ,41.874308,-87.657790,.jpg"
satellite_41.876331433947826_-87.66079674257757.png,"D6o5DeIRcZqZxwkEoAtIMw,41.876236,-87.660708,.jpg"
satellite_41.89240698412707_-87.63259902150564.png,"vq-DqjIHrwGhnf6ffP-UFg,41.892373,-87.632652,.jpg"
satellite_41.865176970558146_-87.6303960745469.png,"xYOqEolAIDY9oWRDAFTfeA,41.865185,-87.630305,.jpg"
satellite_41.89240698412707_-87.66652440467031.png,"uZRgPdnSsOcIlOVB8gnZCw,41.892450,-87.666576,.jpg"
satellite_41.85828744905275_-87.66035615318582.png,"KuPMKE-Ddpf83CKOCLVzUg,41.858177,-87.660244,.jpg"
satellite_41.8717384196109_-87.68370739094851.png,"z9sWlAu1pZXVluYdbCAw3A,41.871824,-87.683749,.jpg"
satellite_41.89306312903235_-87.6691679410208.png,"yY6fslaepkCIwAMOAgFxgw,41.893012,-87.669361,.jpg"
satellite_41.85205407245264_-87.6312772533304.png,"FfG3-DTW06k2WYpeRjYCUQ,41.852072,-87.631096,.jpg"
satellite_41.85894359395803_-87.67181147737129.png,"YGworisi-LT2bBNqqEY4dg,41.859091,-87.671942,.jpg"
satellite_41.85861552150539_-87.66520263649507.png,"kdHwiPHZAMWL557Rgd1Zlg,41.858732,-87.665383,.jpg"
satellite_41.867801550179244_-87.67974208642278.png,"iIQumT7hF4E2s9H9hVdbyg,41.867892,-87.679798,.jpg"
satellite_41.89142276676916_-87.65859379561883.png,"YPbiXptoKvrwe2eHQnadxA,41.891578,-87.658507,.jpg"
satellite_41.87567528904255_-87.63788609420662.png,"rZ_GeoWLkxW3BWQl9m6LxQ,41.875564,-87.637968,.jpg"
satellite_41.87994023092684_-87.63832668359838.png,"D2TZIEyDtc6CbqSTATinzQ,41.879793,-87.638308,.jpg"
satellite_41.86419275320023_-87.63920786238187.png,"Lh_JA9Ukfgycl20fd82ELw,41.864095,-87.639086,.jpg"
satellite_41.865505043010785_-87.6303960745469.png,"Qggt1y0nfjSq9A5ME5da1A,41.865381,-87.630517,.jpg"
satellite_41.88190866564266_-87.6907568212165.png,"7zdU1C4ip9QCa_Khr8lEnA,41.882049,-87.690928,.jpg"
satellite_41.87469107168464_-87.68546974851552.png,"-HPGAQa2FxUMncO99c-CEg,41.874847,-87.685647,.jpg"
satellite_41.89207891167443_-87.68458856973201.png,"Mea2BN2qJMCeTVNzr4zSWw,41.892159,-87.684704,.jpg"
satellite_41.856647086789565_-87.64625729264985.png,"yGqh25b-RLUO-FHy3iFtnA,41.856590,-87.646103,.jpg"
satellite_41.88387710035849_-87.63656432603138.png,"GTBYQAitb9_ZxngfuRbysg,41.883832,-87.636355,.jpg"
satellite_41.89404734639026_-87.6907568212165.png,"3ssgyvAovgofeYSth8tAgg,41.893901,-87.690792,.jpg"
satellite_41.86452082565287_-87.61761898218617.png,"iUjWfODFlxccjiLxjl4A9A,41.864555,-87.617435,.jpg"
satellite_41.86255239093704_-87.64185139873237.png,"9CpmBgqdzUZzjYqSnimaIA,41.862405,-87.642059,.jpg"
satellite_41.87075420225298_-87.63524255785613.png,"W6TuAiq3lHWYAfOXlQH4-Q,41.870637,-87.635364,.jpg"
satellite_41.867801550179244_-87.68546974851552.png,"03lQhwBC4a9s7hKk_lOAJg,41.867772,-87.685454,.jpg"
satellite_41.878956013568924_-87.65991556379407.png,"2Q62q-fp0-b640_PW_brWQ,41.879032,-87.659880,.jpg"
satellite_41.88978240450597_-87.66960853041255.png,"Nrj42tJkPI29RZufr01AzA,41.889794,-87.669563,.jpg"
satellite_41.8638646807476_-87.68414798034027.png,"ShWUUTzgXlUM9zLlJeSlIg,41.863981,-87.684342,.jpg"
satellite_41.88453324526377_-87.66344027892806.png,"asncnfg7UJKR6Z7HMVh6mQ,41.884511,-87.663254,.jpg"
satellite_41.87403492677936_-87.64890082900035.png,"tavjv4vw0TPd4g13nYDAtg,41.873963,-87.649052,.jpg"
satellite_41.87994023092684_-87.6458167032581.png,"aLtViPMKCOQl6WVytbslCw,41.879785,-87.645872,.jpg"
satellite_41.87272263696881_-87.67974208642278.png,"jSWRv940KlcO6tshaFZfYw,41.872677,-87.679916,.jpg"
satellite_41.85861552150539_-87.66476204710331.png,"3_2iWACGsuCfeNfgcl86Aw,41.858740,-87.664562,.jpg"
satellite_41.86353660829496_-87.67621737128879.png,"X7pE3lVYHuLG53m5LdHNGA,41.863526,-87.676181,.jpg"
satellite_41.867801550179244_-87.65903438501057.png,"o50KhCVN2S6Bh4KYWwivbQ,41.867801,-87.659088,.jpg"
satellite_41.86419275320023_-87.68635092729902.png,"4uUMxTbktHMGX6EHgYE5aQ,41.864185,-87.686456,.jpg"
satellite_41.86714540527397_-87.63083666393864.png,"LJf1OZxsjTaGTt02AZ0n2A,41.867298,-87.631010,.jpg"
satellite_41.86714540527397_-87.65639084866008.png,"IzfFx4GCaVswEWpoqryWSw,41.867092,-87.656491,.jpg"
satellite_41.88978240450597_-87.66520263649507.png,"FVFas8_YQhidTMWORDjrMA,41.889899,-87.665224,.jpg"
satellite_41.86320853584232_-87.66255910014456.png,"IyaxLTz57eLD-k_J6dL_Kw,41.863362,-87.662382,.jpg"
satellite_41.88978240450597_-87.61761898218617.png,"PIftRjhg-RbPOLpGPlxp1A,41.889731,-87.617632,.jpg"
satellite_41.866817332821334_-87.66564322588681.png,"9yx_0PfdY_02MNPECkRnqQ,41.866941,-87.665653,.jpg"
satellite_41.855990941884286_-87.66696499406206.png,"JC8riyi9dh2wZgYgcP5HHw,41.855969,-87.667058,.jpg"
satellite_41.8769875788531_-87.63964845177362.png,"_65t76SLp3VrE5Qph4XzCw,41.876873,-87.639583,.jpg"
satellite_41.888470114695416_-87.62246546549541.png,"TVfyTjo_68Oz2dz7ySRI_A,41.888528,-87.622612,.jpg"
satellite_41.854022507168466_-87.67401442433004.png,"ajA15PBg3Zlud3pBj-s57w,41.854059,-87.673845,.jpg"
satellite_41.87337878187409_-87.64537611386636.png,"aiVJltFarj3IrJj4Uaq9bA,41.873337,-87.645560,.jpg"
satellite_41.878956013568924_-87.66696499406206.png,"Uf2JVE7G4QHfymLNdoUrjA,41.879106,-87.666851,.jpg"
satellite_41.89470349129554_-87.67533619250528.png,"D1CD-ccJoXkh3Mk_j_jLdA,41.894576,-87.675248,.jpg"
satellite_41.855334796979015_-87.67797972885577.png,"nJrj0QETKWHaA-WPc120wQ,41.855370,-87.677901,.jpg"
satellite_41.86714540527397_-87.64537611386636.png,"ylVc3bPGu1Qj3k89J7yUKA,41.867087,-87.645499,.jpg"
satellite_41.86156817357913_-87.65639084866008.png,"ZryHJZfQtHCRONsKmnjM2g,41.861469,-87.656533,.jpg"
satellite_41.890110476958604_-87.64273257751586.png,"jI9iz4LGOq9s1GngwHwG_g,41.889999,-87.642865,.jpg"
satellite_41.89076662186388_-87.68194503338152.png,"7qpXLnlRzh9CDcsF69iTZg,41.890762,-87.682125,.jpg"
satellite_41.89142276676916_-87.67621737128879.png,"fgzWKIR9o7OyZDZfGWMMsQ,41.891566,-87.676206,.jpg"
satellite_41.89470349129554_-87.63656432603138.png,"jfLepBAiksuUPGWzdqDobA,41.894750,-87.636707,.jpg"
satellite_41.855006724526376_-87.66211851075282.png,"k-6q3BLFOfZhg3Z8AN2F-A,41.855163,-87.662045,.jpg"
satellite_41.87075420225298_-87.65683143805182.png,"Yq48kmdKY1w24pvjdAApSQ,41.870708,-87.656818,.jpg"
satellite_41.89109469431652_-87.63392078968089.png,"5088QHpdiQXQTz1I6rkMhA,41.891174,-87.634068,.jpg"
satellite_41.886501679979595_-87.61761898218617.png,"5KJZuH39JiSdMkpheVJOjA,41.886660,-87.617525,.jpg"
satellite_41.89142276676916_-87.68150444398977.png,"2Xn0eY_LNBZY4xu5NHqWiQ,41.891476,-87.681647,.jpg"
satellite_41.877643723758375_-87.69031623182475.png,"DaIPknGWwwCwYS3215FeQw,41.877522,-87.690306,.jpg"
satellite_41.85861552150539_-87.64185139873237.png,"zkxwsItatp80aTPxP2Zzkw,41.858615,-87.641896,.jpg"
satellite_41.87305070942145_-87.63171784272214.png,"fOGW4nCJT4QYgC5UnMZ_PQ,41.873012,-87.631652,.jpg"
satellite_41.869113839989794_-87.65418790170133.png,"dtBz05pQD5qdY98pavpEeA,41.869085,-87.654260,.jpg"
satellite_41.866817332821334_-87.68238562277327.png,"CsFJcnZ_ly_BSOiCNfVXbA,41.866746,-87.682497,.jpg"
satellite_41.855990941884286_-87.66652440467031.png,"AlCeX5dg-q4lVzdbHX-bIg,41.855954,-87.666590,.jpg"
satellite_41.869113839989794_-87.63303961089738.png,"u89tP-VANk94f33a21esuQ,41.869240,-87.632821,.jpg"
satellite_41.875019144137276_-87.68326680155677.png,"PvUqyauCrOLnDGO5ZlVSdg,41.874972,-87.683443,.jpg"
satellite_41.87403492677936_-87.66388086831981.png,"fxWhxjORXdfjA2nqwPrD8g,41.874131,-87.663844,.jpg"
satellite_41.88059637583211_-87.69031623182475.png,"bDxPt3IUT8-44tzu64xk-A,41.880666,-87.690390,.jpg"
satellite_41.875347216589915_-87.6511037759591.png,"OzXjoHhR32M6dyRT1qfoWg,41.875210,-87.651292,.jpg"
satellite_41.855990941884286_-87.67577678189704.png,"Rm-2sSbCW056A3vikVf1hQ,41.855884,-87.675977,.jpg"
satellite_41.856975159242204_-87.66608381527855.png,"BXAI80PBfa4O5Qxmdm0DCw,41.856935,-87.666086,.jpg"
satellite_41.86845769508452_-87.66079674257757.png,"_Wnhv4GGom3r5zr6dUDn1w,41.868573,-87.660738,.jpg"
satellite_41.87108227470562_-87.66299968953632.png,"WvwkB4lWcoWNI6y4heDdBQ,41.870959,-87.662952,.jpg"
satellite_41.86714540527397_-87.63744550481488.png,"y7Bcjc-76F6a2eKLfS8TWg,41.867211,-87.637588,.jpg"
satellite_41.8595997388633_-87.66167792136108.png,"VSF-LuW-01QkrweHCCjN0w,41.859619,-87.661894,.jpg"
satellite_41.85238214490528_-87.65859379561883.png,"_tEw-cjgAEvNVZMgkuwUsA,41.852365,-87.658769,.jpg"
satellite_41.87239456451617_-87.62422782306241.png,"TKchoQ3P1ELtUdym1VKnrg,41.872316,-87.624274,.jpg"
satellite_41.87600336149519_-87.62070310792842.png,"7qg6WeKjszX60Dgl9nZXhA,41.876060,-87.620824,.jpg"
satellite_41.85369443471583_-87.67093029858779.png,"7pZGpX8qSvuoMNXy7I6r1w,41.853627,-87.671105,.jpg"
satellite_41.87108227470562_-87.6691679410208.png,"goiphQ40QxyHVFG_OwWqaw,41.871068,-87.669055,.jpg"
satellite_41.87305070942145_-87.64405434569112.png,"KoRvv6WihgBv03OOEFWk2g,41.873039,-87.643880,.jpg"
satellite_41.86484889810551_-87.64669788204161.png,"ik1Xzf_IvWqpUTLclw4jCw,41.865001,-87.646876,.jpg"
satellite_41.87928408602156_-87.63744550481488.png,"iMWAc9t_lscSOldOLFYw3Q,41.879341,-87.637537,.jpg"
satellite_41.85730323169484_-87.64097021994887.png,"uYjbxepY2KJd_24_nKvomg,41.857242,-87.640776,.jpg"
satellite_41.85271021735791_-87.62290605488717.png,"RyT65dzprAYUsPg-AuOvkA,41.852823,-87.622920,.jpg"
satellite_41.876331433947826_-87.67709855007229.png,"jNHLyKx27ACP1XTLGtykFQ,41.876244,-87.677177,.jpg"
satellite_41.88682975243223_-87.66432145771157.png,"ct7-XCyovSbhDOUV8k9dnw,41.886787,-87.664336,.jpg"
satellite_41.85730323169484_-87.66872735162906.png,"OU_EywQFWbAjlOQLbP8zfA,41.857287,-87.668618,.jpg"
satellite_41.86288046338968_-87.62863371697989.png,"hUlSbs864obySlKeRVn2Xg,41.863037,-87.628449,.jpg"
satellite_41.88978240450597_-87.63700491542313.png,"zMU4VmddUK1nQhFZwESmhw,41.889694,-87.636957,.jpg"
satellite_41.87042612980035_-87.68106385459802.png,"ceVr6WOnk40-JGGC2xzLcg,41.870515,-87.681029,.jpg"
satellite_41.866489260368695_-87.688113284866.png,"gz0sUspR9XRKSi1nCnxx2Q,41.866547,-87.687972,.jpg"
satellite_41.890110476958604_-87.62422782306241.png,"005T5CAKugPnibKVcndUSA,41.890266,-87.624323,.jpg"
satellite_41.88682975243223_-87.64890082900035.png,"4iX1TO-92-CvZFOPmWPO-A,41.886788,-87.648852,.jpg"
satellite_41.87567528904255_-87.64185139873237.png,"e0ES3YMu2gkgp59vgRFgtA,41.875534,-87.641726,.jpg"
satellite_41.86320853584232_-87.64757906082511.png,"3qCwKDD6zt0v8Yy3k_081Q,41.863316,-87.647430,.jpg"
satellite_41.87829986866365_-87.62114369732016.png,"ztQ5wLX9xFM26Liw8CsKjQ,41.878299,-87.621338,.jpg"
satellite_41.878627941116285_-87.65771261683533.png,"ONmwCavJa2pCogE2RbV6pQ,41.878607,-87.657748,.jpg"
satellite_41.875019144137276_-87.66872735162906.png,"BoROTXuqcHirJT9-kZHrDg,41.875142,-87.668556,.jpg"
satellite_41.89207891167443_-87.68546974851552.png,"5ckOu10euzb3-DBXU15I2A,41.892116,-87.685510,.jpg"
satellite_41.88256481054794_-87.65859379561883.png,"x-YxpY3nJjOW51KEXckSxA,41.882458,-87.658793,.jpg"
satellite_41.866817332821334_-87.64757906082511.png,"HY84pL0Y-3WQNgef5QGG7g,41.866701,-87.647431,.jpg"
satellite_41.87272263696881_-87.62863371697989.png,"c5A3iLFcIl7sFi0YuvFiyg,41.872863,-87.628625,.jpg"
satellite_41.88125252073739_-87.67797972885577.png,"gfzibAs-w-uKU0yUpDlR9g,41.881323,-87.678165,.jpg"
satellite_41.88059637583211_-87.69031623182475.png,"33g4tq3xJyIt1K9DqrWMWg,41.880666,-87.690509,.jpg"
satellite_41.877315651305736_-87.64713847143335.png,"GskjyvdM7liurFGsJTPBHA,41.877219,-87.647248,.jpg"
satellite_41.87567528904255_-87.63964845177362.png,"pFmZWZ0qMtRCg9ZcldZsjw,41.875821,-87.639593,.jpg"
satellite_41.855006724526376_-87.65639084866008.png,"5z-qLMRr9DRE7xE3qcJ5bA,41.854872,-87.656368,.jpg"
satellite_41.88453324526377_-87.61894075036142.png,"uybY8vPkvSZbXRTMaKH-jg,41.884509,-87.619093,.jpg"
satellite_41.85369443471583_-87.67577678189704.png,"RC1s_Uj8DvyXsZLWawYpbw,41.853571,-87.675902,.jpg"
satellite_41.89240698412707_-87.67753913946403.png,"3nZ2SFFAjEpPjmTMLZndkg,41.892273,-87.677445,.jpg"
satellite_41.89339120148498_-87.6674055834538.png,"VXbTUlC3Ca5xWrGUzGP_kA,41.893294,-87.667301,.jpg"
satellite_41.865505043010785_-87.66652440467031.png,"3w3-Me_-eimAW0ltzDIcbw,41.865416,-87.666318,.jpg"
satellite_41.8822367380953_-87.67401442433004.png,"QE7ApM91nrxdELw6L1SK_w,41.882324,-87.673876,.jpg"
satellite_41.855006724526376_-87.64405434569112.png,"n8iS8DGwTsiQPDSNpY-FxQ,41.855085,-87.644016,.jpg"
satellite_41.86255239093704_-87.65550966987658.png,"Y8GRBoy-BkGEmX68DuvlCA,41.862531,-87.655333,.jpg"
satellite_41.85894359395803_-87.65506908048484.png,"QNZpQhyklTcj_Wjlj7eupA,41.858892,-87.654850,.jpg"
satellite_41.867801550179244_-87.62863371697989.png,"I9gv8dfPzritTudhBEbYrg,41.867877,-87.628530,.jpg"
satellite_41.855662869431654_-87.65595025926834.png,"QKa3NGbgCxOOfdpJ3O6YgA,41.855785,-87.655839,.jpg"
satellite_41.857631304147475_-87.64890082900035.png,"3B8SBPto3SQPwMmUEmB8nQ,41.857587,-87.648795,.jpg"
satellite_41.85730323169484_-87.64361375629936.png,"SyNXPN42eJl5EjhYDDbgXA,41.857201,-87.643769,.jpg"
satellite_41.856319014336925_-87.65330672291783.png,"9tbVsw8du6S-ukMmlElV0w,41.856316,-87.653158,.jpg"
satellite_41.878627941116285_-87.67797972885577.png,"3zRxvJeN7Dz6fXMWrb_0pw,41.878758,-87.677903,.jpg"
satellite_41.89207891167443_-87.63215843211388.png,"PRV5IvBevqo4Z6h8k3yNBQ,41.892023,-87.631989,.jpg"
satellite_41.89339120148498_-87.62158428671191.png,"1sIEKYxQ_xmbe_1uI9iEPA,41.893395,-87.621560,.jpg"
satellite_41.857631304147475_-87.67974208642278.png,"J2eqOWMzOThKJeV-NyJUeQ,41.857758,-87.679669,.jpg"
satellite_41.878956013568924_-87.6726926561548.png,"8TPTFPWK7DTAuXlNKEpGxg,41.878820,-87.672737,.jpg"
satellite_41.85238214490528_-87.63436137907263.png,"BsOpnvQ2z2x7rlxFyIbJRw,41.852505,-87.634372,.jpg"
satellite_41.866161187916056_-87.64405434569112.png,"uCqfzVXPh8jP58SrE8YtGg,41.866165,-87.644075,.jpg"
satellite_41.89175083922179_-87.62378723367065.png,"gkS5JFuNfIo7_IYGtqDSxQ,41.891729,-87.623745,.jpg"
satellite_41.8943754188429_-87.68502915912376.png,"_-Wyfy_DSsgC9z_zDc_NFg,41.894410,-87.685028,.jpg"
satellite_41.875347216589915_-87.66344027892806.png,"X3ZybREjA_noqXA3_UZAOg,41.875465,-87.663300,.jpg"
satellite_41.88289288300058_-87.64625729264985.png,"Bcgliv13y5WJF4Q1eBnSPQ,41.882991,-87.646294,.jpg"
satellite_41.87141034715826_-87.65903438501057.png,"qLN9BwCvsnaJ4kls-sw5tw,41.871280,-87.658996,.jpg"
satellite_41.876659506400465_-87.63171784272214.png,"_bKyB8ztWn1FIC8vZXZK4g,41.876722,-87.631778,.jpg"
satellite_41.89240698412707_-87.64273257751586.png,"lo3sIRhNlEATVu9kT6IxpQ,41.892470,-87.642623,.jpg"
satellite_41.85730323169484_-87.68018267581452.png,"2ouSvr9nLa1KRMMHrWQKyQ,41.857186,-87.680106,.jpg"
satellite_41.890110476958604_-87.65242554413435.png,"MFCWME0Yqoo0xIJ8ayPl6w,41.889988,-87.652235,.jpg"
satellite_41.88978240450597_-87.67137088797955.png,"U-ITa7sb8oZsqTpw2YJrNg,41.889830,-87.671542,.jpg"
satellite_41.87829986866365_-87.66564322588681.png,"OGqtcUnzfseXOFpD5uX6_A,41.878295,-87.665432,.jpg"
satellite_41.87370685432673_-87.63303961089738.png,"hgjcaTW9-AvTcO-x-rIHYg,41.873602,-87.633087,.jpg"
satellite_41.88354902790585_-87.67401442433004.png,"vi0_aoEa26utj4nTRuZIlg,41.883679,-87.673832,.jpg"
satellite_41.877315651305736_-87.67093029858779.png,"FvrzCpPIW9WKKfIyyCCUPg,41.877280,-87.670967,.jpg"
satellite_41.88518939016904_-87.64669788204161.png,"TKo_wK7V32GYXYBmA3J9Mg,41.885114,-87.646672,.jpg"
satellite_41.88682975243223_-87.63876727299012.png,"hH_fZL7w2gjB7jHkPbIJqA,41.886707,-87.638876,.jpg"
satellite_41.86124010112649_-87.62466841245416.png,"oXJVfZoLjz1ZOI4FOzkENQ,41.861139,-87.624845,.jpg"
satellite_41.86124010112649_-87.6872321060825.png,"L48QZkyTllKhNcm3HekLgg,41.861172,-87.687242,.jpg"
satellite_41.87403492677936_-87.61894075036142.png,"baIAEAmiJbiQu8QIrgxw4A,41.873969,-87.619108,.jpg"
satellite_41.87305070942145_-87.6303960745469.png,"9p1bKrUTDNKrXh6tpXAHTQ,41.873108,-87.630612,.jpg"
satellite_41.86976998489507_-87.688113284866.png,"sJqQYS98tW9HZ3gZpP6eXA,41.869782,-87.688242,.jpg"
satellite_41.86156817357913_-87.6303960745469.png,"VTJefbXQZbWk9dHCeFARtA,41.861682,-87.630317,.jpg"
satellite_41.8595997388633_-87.61717839279443.png,"s523uxusI837hTLgYE2OhQ,41.859669,-87.617185,.jpg"
satellite_41.89371927393762_-87.67181147737129.png,"NK9F_PuIs4lJ4ACyIJDBQg,41.893731,-87.671805,.jpg"
satellite_41.85205407245264_-87.63215843211388.png,"mvMu6cQcICVwzxeQWc1oKg,41.852155,-87.632034,.jpg"
satellite_41.888470114695416_-87.62907430637165.png,"tYWOlW7wzcCkZyFv4v4pYQ,41.888433,-87.629010,.jpg"
satellite_41.8943754188429_-87.61938133975318.png,"e5dd84FCTDWsur_WkMaPYw,41.894238,-87.619502,.jpg"
satellite_41.87239456451617_-87.62995548515515.png,"IU5d54XDMgmaPE_d0VfC3A,41.872308,-87.630074,.jpg"
satellite_41.85205407245264_-87.67533619250528.png,"5QMRh6oYTt3bWb__nObuzQ,41.852165,-87.675342,.jpg"
satellite_41.89175083922179_-87.67401442433004.png,"j1ZOLeA4E2mKzl-M65Ezcw,41.891593,-87.673834,.jpg"
satellite_41.88256481054794_-87.61805957157792.png,"WowZ8Sn5iZMcEuX3D96Jwg,41.882469,-87.618187,.jpg"
satellite_41.880268303379474_-87.64669788204161.png,"UV76UD70e29d_LFDKqbSrg,41.880305,-87.646916,.jpg"
satellite_41.89175083922179_-87.63259902150564.png,"40OExRPOfS2xVLDmEBd6YA,41.891663,-87.632650,.jpg"
satellite_41.87403492677936_-87.68370739094851.png,"Doy8rB_a0NGgEOxHcUSo0Q,41.873949,-87.683804,.jpg"
