satellite,panorama
satellite_40.7496417954_-73.981897008.png,"s-0__SnpcZyNsnt7JA2_hw,40.749783,-73.981849,.jpg"
satellite_40.7486575781_-73.9909902474.png,"OqeX41tHDXQ7amPXnA1luA,40.748714,-73.991117,.jpg"
satellite_40.7394715494_-73.9922892816.png,"NxN133kVhqJZaZqAje-KVw,40.739553,-73.992476,.jpg"
satellite_40.7151941879_-73.9844950764.png,"jxllOp8rG1t-_NYSAK3EAA,40.715281,-73.984648,.jpg"
satellite_40.7450487811_-74.0026815553.png,"gMa9BJhCJhF8uE0mIoq8tw,40.744980,-74.002479,.jpg"
satellite_40.7762156641_-73.9879591676.png,"YE24fItu9mFYep31tEHyzg,40.776247,-73.987766,.jpg"
satellite_40.7785121713_-73.952885244.png,"eMNjMuOhCyIkmzTNePiOjg,40.778450,-73.953100,.jpg"
satellite_40.7637489109_-73.9831960422.png,"yxycLj8f_jvbDWLA46fuYA,40.763606,-73.983400,.jpg"
satellite_40.7650612007_-73.9979184299.png,"1jBH_9Ov9w8f7OR_zjU5Aw,40.765060,-73.997910,.jpg"
satellite_40.7148661155_-74.0013825211.png,"N_yKBeuQZgEsJIYgmwjxyw,40.714858,-74.001447,.jpg"
satellite_40.7745753018_-73.9433589931.png,"CF5uEHCknDBnClvsDhDUkQ,40.774438,-73.943377,.jpg"
satellite_40.763092766_-73.988392179.png,"r5OjEt08utmnJYDJV8rDzQ,40.763203,-73.988278,.jpg"
satellite_40.7293013034_-73.9944543386.png,"LK-jBce2kg4V6byjL38rjQ,40.729274,-73.994306,.jpg"
satellite_40.7821209683_-73.9836290536.png,"_22aWqT2dVbyn9CqP6LkUA,40.781968,-73.983528,.jpg"
satellite_40.7539067373_-73.9957533728.png,"RwPR5DEDvN-xEAWWL2Yh6w,40.754033,-73.995883,.jpg"
satellite_40.7345504626_-74.0057126351.png,"qGIJBpvHPVv7qiJhIWSm8Q,40.734530,-74.005570,.jpg"
satellite_40.7289732309_-73.9979184299.png,"WeOsLpwBMvv6gWH4qOho2Q,40.729095,-73.998105,.jpg"
satellite_40.7571874619_-73.9723707571.png,"-49rs3YZgH13g9WsSo-sNg,40.757271,-73.972279,.jpg"
satellite_40.7502979403_-73.9827630308.png,"k6Q99SZP-643LuuK3bmRXA,40.750160,-73.982754,.jpg"
satellite_40.7368469698_-73.9909902474.png,"uGnhxgr77pmxZ6oiZJvwOw,40.736704,-73.991158,.jpg"
satellite_40.7791683162_-73.9870931448.png,"ZtWWg1mVmRhDsrCuJ3tPDw,40.779117,-73.986955,.jpg"
satellite_40.7453768536_-73.9961863842.png,"wOlDqaJ5GEN03lq7OcI6yw,40.745213,-73.996242,.jpg"
satellite_40.776871809_-73.9680406431.png,"Pj5GpzFEHQ86LIEBkFFrPA,40.776972,-73.968156,.jpg"
satellite_40.7676857803_-73.9498541641.png,"q4bGJFkN9hPvb40Xr-r8ww,40.767574,-73.949920,.jpg"
satellite_40.7571874619_-73.9663085975.png,"xKIgfa34H89IR6Ng3gywOw,40.757219,-73.966289,.jpg"
satellite_40.7532505924_-73.9728037685.png,"eQC4Z2mtrKUOUiqEvwejkQ,40.753175,-73.972718,.jpg"
satellite_40.7411119117_-73.9827630308.png,"4lVIfN0UCIpd8jF5-0lK6Q,40.741176,-73.982795,.jpg"
satellite_40.7581716792_-73.9792989395.png,"ibfnsLoEy-kMo7PKt0QRCg,40.758068,-73.979185,.jpg"
satellite_40.7233959992_-74.0096097377.png,"ErHZ_8Y3TcrZSL87-W0TpA,40.723278,-74.009569,.jpg"
satellite_40.7227398543_-73.992722293.png,"98GwsCQw_PVZQiETawG-dQ,40.722723,-73.992741,.jpg"
satellite_40.7453768536_-74.0031145667.png,"tB9yQ01jjds2r_h31QMPCg,40.745534,-74.003029,.jpg"
satellite_40.7358627524_-74.0009495097.png,"V-AUi0vFa0l6zrL1CS9Abg,40.735997,-74.000789,.jpg"
satellite_40.776871809_-73.9827630308.png,"2YUE5GR1BKwgFzWsjZfn7g,40.776856,-73.982920,.jpg"
satellite_40.7749033743_-73.9792989395.png,"XUb5vPnA-x8kRwss7zA58Q,40.775057,-73.979175,.jpg"
satellite_40.7329101004_-73.9810309852.png,"katniQB_lf8ClZ2nn1BBQA,40.732968,-73.981172,.jpg"
satellite_40.7578436068_-73.9931553044.png,"Rc71lXT6lbQULAV7l4VvkA,40.757985,-73.993326,.jpg"
satellite_40.7581716792_-73.9775668939.png,"7RsBcopBagA_eBV669ptBg,40.758253,-73.977400,.jpg"
satellite_40.7791683162_-73.9580813808.png,"TpZTgo9peomFyhEVCnu5Tg,40.779117,-73.957873,.jpg"
satellite_40.7194591298_-73.9875261562.png,"6qVI-Zwho3uW4AIunVuvHw,40.719520,-73.987709,.jpg"
satellite_40.7821209683_-73.9723707571.png,"9M4yP7Ta-l41pT5uNGPIKQ,40.782233,-73.972162,.jpg"
satellite_40.7696542151_-73.9515862098.png,"Yn3fJLAy_E6R0SaY-oidCA,40.769607,-73.951747,.jpg"
satellite_40.7548909547_-73.9767008711.png,"gwflkumrK0L-6uTNca7bzw,40.754900,-73.976583,.jpg"
satellite_40.7778560264_-73.9667416089.png,"amzEQzNY_i7fFvZCX2VcVQ,40.777883,-73.966822,.jpg"
satellite_40.7801525335_-73.955050301.png,"O4wKRxMwDsZrQzOz3V9XLw,40.780167,-73.955030,.jpg"
satellite_40.7348785351_-74.0070116693.png,"s_EoSXVw1RipgLMqvlHvfg,40.735029,-74.006913,.jpg"
satellite_40.7552190271_-73.9944543386.png,"a7k6HSYZn6TsrATAvr8mwg,40.755074,-73.994400,.jpg"
satellite_40.714538043_-74.0061456465.png,"IXFMVzxbepHi6KwgyvCwuw,40.714507,-74.006041,.jpg"
satellite_40.7053520143_-74.0156718974.png,"tyoDDF8eb2lOtkD3UWlIrA,40.705458,-74.015467,.jpg"
satellite_40.7680138528_-73.9827630308.png,"I9JJ1Hr7kPGCh7V7H-o-NQ,40.768168,-73.982622,.jpg"
satellite_40.773263012_-73.9749688255.png,"B0Wuvl-H2kygkO_cxxI7Ng,40.773229,-73.975177,.jpg"
satellite_40.7699822875_-73.9922892816.png,"JkM6Ino034XHE5eci0EWiA,40.769841,-73.992383,.jpg"
satellite_40.7322539555_-74.0065786579.png,"PhzNxZbiCwmDZGRYhjrVew,40.732248,-74.006514,.jpg"
satellite_40.763092766_-73.9996504755.png,"Uk_Fum14T-ULyYMHiT3H9w,40.763005,-73.999457,.jpg"
satellite_40.7220837094_-73.9892582018.png,"kx06bImyXkAfJ777LKaQSQ,40.722002,-73.989158,.jpg"
satellite_40.7279890136_-73.9758348483.png,"4xoaEvbkzNHEIXoinbcxwg,40.728063,-73.975967,.jpg"
satellite_40.7522663751_-73.9857941106.png,"6tBjS8_8WhxORwJFFOl-bw,40.752344,-73.985927,.jpg"
satellite_40.710929246_-74.0122078062.png,"xSuZq6Q2Qo2n8HtemEIcOw,40.711042,-74.012362,.jpg"
satellite_40.7443926362_-73.9983514413.png,"9B5ZRvMHFWCQFA50f4H_KQ,40.744340,-73.998284,.jpg"
satellite_40.7516102302_-73.9879591676.png,"SHTKrcp043yJbIGizre5Lg,40.751621,-73.988122,.jpg"
satellite_40.7161784053_-73.9792989395.png,"yA3lsH7Y_mkJUR5aGvqzYQ,40.716025,-73.979126,.jpg"
satellite_40.7712945773_-73.9762678597.png,"WO_pkoXTECASjbu5y2fvFg,40.771236,-73.976375,.jpg"
satellite_40.7443926362_-73.990557236.png,"6Z_ktK1Rg-OIowWGYiintQ,40.744407,-73.990501,.jpg"
satellite_40.7778560264_-73.9775668939.png,"USZP-3zE64pzZ6G2Lf0VkQ,40.777771,-73.977500,.jpg"
satellite_40.7565313169_-73.9983514413.png,"4JPRWHzecV7Yu5W88ve57g,40.756653,-73.998138,.jpg"
satellite_40.7342223902_-73.9870931448.png,"ryF0aRZSpj-1HuvGLGe87w,40.734209,-73.987215,.jpg"
satellite_40.707976594_-74.0018155325.png,"hpAzk57MGrXQ5Uuqd753nA,40.708023,-74.001888,.jpg"
satellite_40.7158503328_-73.9784329167.png,"qisYRlHPCOywtS7xMAd2ag,40.715903,-73.978603,.jpg"
satellite_40.7473452883_-73.981897008.png,"mSv55ZV83B17svqMBkEkkg,40.747324,-73.981914,.jpg"
satellite_40.7545628822_-73.9857941106.png,"BgBCOjsYufBr58NdOb9qZg,40.754671,-73.985783,.jpg"
satellite_40.7565313169_-73.984062065.png,"Ktj7rxqX48LtQFvyLinCMQ,40.756498,-73.984026,.jpg"
satellite_40.7135538257_-73.9870931448.png,"kniTlQRCq7dZQHv6tsxUtA,40.713597,-73.987065,.jpg"
satellite_40.7309416656_-73.9857941106.png,"ILTRSAV8MtnDUWi9o8R3wQ,40.730937,-73.985710,.jpg"
satellite_40.7165064777_-73.9892582018.png,"YC3zlsdBNwg83gpbtCX5fg,40.716558,-73.989241,.jpg"
satellite_40.7256925064_-73.9771338825.png,"h_gsQYNpYVcmMoVxY4xGBQ,40.725778,-73.977278,.jpg"
satellite_40.7204433472_-73.9979184299.png,"wJvRXf1Iuz2nwxEhPu6GQA,40.720569,-73.997860,.jpg"
satellite_40.7381592596_-73.9992174641.png,"iCgSh1yCHPEXupQ7hPtESA,40.738281,-73.999012,.jpg"
satellite_40.7614524037_-73.9961863842.png,"YSa-q2Nb-SzKKXgSbN-9ng,40.761582,-73.996082,.jpg"
satellite_40.7653892732_-73.9754018369.png,"AMKNQ8JUzLYpTo4nfE5hNg,40.765342,-73.975383,.jpg"
satellite_40.7056800868_-74.0065786579.png,"k4IF_TwfXxgAMgbMh5ZI7Q,40.705729,-74.006626,.jpg"
satellite_40.7299574483_-73.9836290536.png,"EG4vUlSOvpVy_CLm6jySqw,40.729911,-73.983599,.jpg"
satellite_40.7745753018_-73.9762678597.png,"bVLg_d-dZZvBJKHhYbBljg,40.774692,-73.976287,.jpg"
satellite_40.7598120415_-73.9619784834.png,"ychGuY-yGN7VlwKrxn6-Cw,40.759914,-73.961947,.jpg"
satellite_40.7483295056_-73.9849280878.png,"L4YdbyMuZfqIcJ4eVUhZ-Q,40.748178,-73.984776,.jpg"
satellite_40.7066643041_-74.0048466123.png,"9d7MB0znDCIdU8QHkAyzyw,40.706651,-74.004841,.jpg"
satellite_40.7771998815_-73.9559163238.png,"OiGOxXKR8XZuy49__c7A0A,40.777144,-73.956064,.jpg"
satellite_40.7680138528_-73.9827630308.png,"1Q8lLPCR028fF628maJhfw,40.767949,-73.982610,.jpg"
satellite_40.7824490407_-73.950720187.png,"X2EzHuswFZmjBcXzgGtdtA,40.782373,-73.950579,.jpg"
satellite_40.7650612007_-73.9693396773.png,"u5BDhHIdAnYUD3unpA3Oyg,40.765191,-73.969363,.jpg"
satellite_40.7460329985_-73.986227122.png,"i5gY6SdFKlaIXxPsmQ90Dw,40.746066,-73.986305,.jpg"
satellite_40.7584997517_-73.9589474036.png,"0FGUKjDUIdNLlrITlh5T-Q,40.758655,-73.958891,.jpg"
satellite_40.7184749124_-73.9823300194.png,"YKh9hTaDgK8_SWw2xZAeJw,40.718327,-73.982542,.jpg"
satellite_40.7555470996_-73.9944543386.png,"BdNatFWsB1G3tMDwfaH0xQ,40.755685,-73.994644,.jpg"
satellite_40.7588278241_-73.9728037685.png,"UZRV8f6VFSEKK-Od74WWKA,40.758882,-73.972876,.jpg"
satellite_40.7115853909_-73.99488735.png,"PiYRseOXxkw-9ZuOJjU4BQ,40.711543,-73.994895,.jpg"
satellite_40.7785121713_-73.9831960422.png,"z2zbsmjgK3M--wPdPlRNHw,40.778426,-73.983308,.jpg"
satellite_40.7624366211_-73.9663085975.png,"uOM-XyyDisSDZwTB88qy9w,40.762295,-73.966403,.jpg"
satellite_40.776871809_-73.9866601334.png,"r5DcIug9x9CgdhjSNwPWug,40.776933,-73.986583,.jpg"
satellite_40.7122415358_-73.9944543386.png,"5VCk9Uc90WYzMPKJYWRdhg,40.712315,-73.994407,.jpg"
satellite_40.7155222604_-74.0018155325.png,"yFV4PMUEEe5hTe1-D5cHKQ,40.715662,-74.001757,.jpg"
satellite_40.7532505924_-74.0057126351.png,"6D2d4KYP3bLHaTAhko-WZQ,40.753258,-74.005724,.jpg"
satellite_40.7470172158_-74.0048466123.png,"sPYtU2pjrkjQCkTBeG6f6g,40.747071,-74.004725,.jpg"
satellite_40.7811367509_-73.9606794492.png,"r3o46y4GSVBGXAJYD-V22A,40.781132,-73.960708,.jpg"
satellite_40.7506260128_-73.9797319509.png,"2siUFhljuMCnxXLcYv8kSg,40.750536,-73.979802,.jpg"
satellite_40.731925883_-73.9879591676.png,"VbIpwXk6ERugzKlxIMcDbg,40.731991,-73.988146,.jpg"
satellite_40.7673577079_-73.9563493352.png,"JpLqUSgcBo5Cdi--i4L5Tg,40.767277,-73.956391,.jpg"
satellite_40.7657173456_-73.9901242246.png,"VVbumgzCvktxhCt2FFNGIg,40.765641,-73.990164,.jpg"
satellite_40.7821209683_-73.9702057001.png,"fTBNAnOIIgaCD7PrL2aFOA,40.782002,-73.970302,.jpg"
satellite_40.7302855207_-73.9961863842.png,"kcLniOzIOZFVtrQLGAS30A,40.730250,-73.996006,.jpg"
satellite_40.7519383026_-73.9888251904.png,"tAc7EPwzsBSJRjdlL1yaIA,40.751980,-73.988973,.jpg"
satellite_40.7689980701_-73.9736697913.png,"_qgGIxib8vx2k5mcY9FIfA,40.768983,-73.973493,.jpg"
satellite_40.7470172158_-73.9814639966.png,"jIAJ73mA1B0-64Y1i0e7Ig,40.746927,-73.981579,.jpg"
satellite_40.7496417954_-73.9875261562.png,"0jiBhYpFvUx7c_5Ex2z2Rw,40.749673,-73.987398,.jpg"
satellite_40.7220837094_-73.9792989395.png,"0fwnd66zpY4j1UFwT_Nqqg,40.721985,-73.979450,.jpg"
satellite_40.7312697381_-73.9754018369.png,"Dr20iUdADTW15rDoEoP10g,40.731318,-73.975487,.jpg"
satellite_40.7555470996_-73.9901242246.png,"LRBQkkquYvTvjKVvBVSMTA,40.755612,-73.989925,.jpg"
satellite_40.7335662453_-73.9918562702.png,"Ah_f-fUFg-aHzHV9O04r3g,40.733447,-73.991649,.jpg"
satellite_40.724708289_-73.9875261562.png,"5Fm-IHLX8w0Dg0pDLNnmow,40.724680,-73.987713,.jpg"
satellite_40.7158503328_-73.9961863842.png,"7n5cbzFC_7UmjO0y1dtRNQ,40.715980,-73.996310,.jpg"
satellite_40.7220837094_-74.0048466123.png,"lytJEYzILgfzzMEayttV2g,40.722104,-74.004983,.jpg"
satellite_40.7562032445_-73.9970524071.png,"AawEMw8jyCm1pMm6kSQGyw,40.756238,-73.997149,.jpg"
satellite_40.7581716792_-73.959380415.png,"UqjjC0AuAVjzjQ0m8UNNrg,40.758047,-73.959200,.jpg"
satellite_40.7525944475_-73.988392179.png,"nqAtnG_oALHoV4SCmWB8gQ,40.752551,-73.988417,.jpg"
satellite_40.7749033743_-73.9810309852.png,"j2sQh57hg3UaA2ak4cIw8A,40.774950,-73.980892,.jpg"
satellite_40.7644050558_-73.9706387115.png,"sECvo0OwGN01fCHZJWqdFg,40.764556,-73.970709,.jpg"
satellite_40.7381592596_-73.99488735.png,"6rsG-xwCOvYPg6q0tc_1IQ,40.738256,-73.994850,.jpg"
satellite_40.7112573185_-73.9827630308.png,"dG_92KEE2DYXi9fyrgPihQ,40.711376,-73.982937,.jpg"
satellite_40.7522663751_-73.9931553044.png,"3-YaYjM2lLirYPCnhMwTYg,40.752405,-73.993298,.jpg"
satellite_40.7424242015_-73.9931553044.png,"kGTLmKF40GqcWb3Wf7td3w,40.742454,-73.993125,.jpg"
satellite_40.7778560264_-73.9546172896.png,"knukd_Aloaz0WiizH-jzdg,40.777938,-73.954629,.jpg"
satellite_40.7201152747_-74.0044136009.png,"afCIRLJAkKXO0NzP1KotkA,40.720201,-74.004298,.jpg"
satellite_40.7066643041_-74.0039805895.png,"9hk17As0nyUDmEc1HIUYPA,40.706791,-74.003952,.jpg"
satellite_40.7397996219_-73.9953203614.png,"FKkbe1NrHi1pB0PxvQuNFg,40.739963,-73.995281,.jpg"
satellite_40.7781840988_-73.9831960422.png,"vHEuTOq7UNAvh8C3MsAPTQ,40.778293,-73.982998,.jpg"
satellite_40.7686699977_-73.9585143922.png,"Nzx_g8tqqkPjg0sGFEyDCg,40.768686,-73.958471,.jpg"
satellite_40.7155222604_-74.0031145667.png,"O1s_xinghAKwy6MUnEhE8w,40.715584,-74.003038,.jpg"
satellite_40.7243802166_-73.9966193957.png,"7_NFkbTxhfNdiL4qaEvNuw,40.724347,-73.996567,.jpg"
satellite_40.7296293758_-74.0048466123.png,"8gautGeys6pFDxAUZ-vjJg,40.729784,-74.005018,.jpg"
satellite_40.759483969_-73.9611124606.png,"ar_KY5mYoAO9PTW3-_UODw,40.759577,-73.961040,.jpg"
satellite_40.7650612007_-73.9831960422.png,"eCIyZVighWA63TfJzuzfzA,40.765170,-73.983231,.jpg"
satellite_40.7486575781_-73.9875261562.png,"spkYJ4aHAatBlg1sIvjQPA,40.748741,-73.987347,.jpg"
satellite_40.7243802166_-73.9758348483.png,"QacRbUipvomXO5K2hlkdpA,40.724306,-73.975633,.jpg"
satellite_40.7509540853_-74.0018155325.png,"se0voQ51YPZ9PyaAzi7oSg,40.750951,-74.001802,.jpg"
satellite_40.7680138528_-73.9784329167.png,"U3tmXKNkYq1CejFbRiQ2Cw,40.768108,-73.978514,.jpg"
satellite_40.7434084188_-73.9857941106.png,"Lg1URt-twkhTSO8CYjKqZg,40.743246,-73.985837,.jpg"
satellite_40.7568593894_-73.9689066659.png,"Rzv3dbmlbi_x5BF8WRicAw,40.756701,-73.968932,.jpg"
satellite_40.7542348098_-73.9961863842.png,"mINT5IVDxII8wKB6RLqDmQ,40.754292,-73.996382,.jpg"
satellite_40.7220837094_-73.988392179.png,"iwo1zOzBK25mGBm_U8mxUw,40.721963,-73.988275,.jpg"
satellite_40.7076485215_-74.0048466123.png,"XA0K5_TW6fW9a0-Cdu3h7w,40.707651,-74.004759,.jpg"
satellite_40.7453768536_-74.0087437149.png,"hnAPFHBveVJhbfYBta8VvQ,40.745263,-74.008561,.jpg"
satellite_40.7775279539_-73.9706387115.png,"UJ7uohIqAjQIbmCpaKgc-g,40.777439,-73.970698,.jpg"
satellite_40.7178187675_-73.9931553044.png,"eqgA0DVjUVYGwW229IXGBQ,40.717888,-73.993085,.jpg"
satellite_40.7617804762_-73.9706387115.png,"qbfxIQyol7nYq3BtinpHZQ,40.761881,-73.970676,.jpg"
satellite_40.7371750422_-73.990557236.png,"G_ZPUWJkbUqRS8AZm8IajQ,40.737151,-73.990419,.jpg"
satellite_40.7227398543_-73.9745358141.png,"v5tskXUNjBUZMDZJBQBZCQ,40.722669,-73.974430,.jpg"
satellite_40.7210994921_-74.0057126351.png,"djrRxjhk8u2N0w579-Uxrw,40.721080,-74.005744,.jpg"
satellite_40.7060081592_-74.0143728632.png,"k6JpQPz0ieahmhfhavm1PQ,40.706133,-74.014389,.jpg"
satellite_40.7358627524_-73.9992174641.png,"7zvRKuigwemAqO0XRecO1Q,40.735808,-73.999239,.jpg"
satellite_40.7496417954_-73.9987844527.png,"0uM8dAks0XaA3nfrECR5OQ,40.749539,-73.998751,.jpg"
satellite_40.714538043_-73.9762678597.png,"tXLqBVbd4unD9z-p9zw20A,40.714698,-73.976368,.jpg"
satellite_40.7315978105_-73.9836290536.png,"954tXsfjIiFrCuM4Au32_g,40.731745,-73.983507,.jpg"
satellite_40.7407838392_-73.9940213272.png,"OEjSlcrRlAKWSi0EcqvfAA,40.740916,-73.993892,.jpg"
satellite_40.7161784053_-73.981897008.png,"wC5UG-3q_Q_ZukjnWR3lRA,40.716225,-73.981711,.jpg"
satellite_40.7434084188_-74.0074446807.png,"Lck8S4DaogdifEYcRdq8kQ,40.743379,-74.007311,.jpg"
satellite_40.7430803464_-73.986227122.png,"33avBrziP4A-zCh5i7cLAw,40.743015,-73.986420,.jpg"
satellite_40.7276609411_-73.9983514413.png,"nXWvobfY3Qd_HderSuCWPw,40.727721,-73.998260,.jpg"
satellite_40.7801525335_-73.957215358.png,"J2n5xzkR9BOsoTutvehScA,40.780213,-73.957269,.jpg"
satellite_40.7506260128_-73.9831960422.png,"nul1JiGqBVebIlq7xy97VA,40.750574,-73.983005,.jpg"
satellite_40.7463610709_-73.990557236.png,"6gI52qsFMJkqZ6owu8GE_A,40.746246,-73.990360,.jpg"
satellite_40.7266767238_-73.9944543386.png,"Cyc2FX-mNsgP-RCxbpN8tQ,40.726821,-73.994488,.jpg"
satellite_40.7673577079_-73.9667416089.png,"FJUoDxjN26dH07pHb1PuqA,40.767427,-73.966907,.jpg"
satellite_40.7522663751_-73.9723707571.png,"FrJObJ8xYxOGYSVznOyipQ,40.752424,-73.972387,.jpg"
satellite_40.7135538257_-73.9805979737.png,"igGPI7YWK_DbfHvO-anJHg,40.713586,-73.980695,.jpg"
satellite_40.7535786649_-73.9931553044.png,"FgQX_pP7IFAzQ4P9T-QL_Q,40.753666,-73.992984,.jpg"
satellite_40.7591558966_-73.9602464378.png,"FNZ9DTg6FCBConZR3WATjw,40.759315,-73.960244,.jpg"
satellite_40.7358627524_-73.9892582018.png,"G83EqyRQ9bpvqKfCVfrz3A,40.735839,-73.989137,.jpg"
satellite_40.7381592596_-73.9940213272.png,"crQUXlJ4Kd_Y07WPavxoFA,40.738007,-73.993950,.jpg"
satellite_40.7548909547_-73.9684736545.png,"VZZSiyTXQvk2-a1Zce02FQ,40.754803,-73.968338,.jpg"
satellite_40.7699822875_-73.9831960422.png,"auI7i9A3AW-SqCwr19afpg,40.770133,-73.983027,.jpg"
satellite_40.7158503328_-74.0035475781.png,"37bV7tWChjaZOC4RbVjf1A,40.715868,-74.003661,.jpg"
satellite_40.7624366211_-73.9983514413.png,"H9RUllOg9EnLGpGlaFzg5g,40.762592,-73.998477,.jpg"
satellite_40.7581716792_-74.0009495097.png,"anh-UlkHHtdqHXyG3CWIGA,40.758028,-74.000829,.jpg"
satellite_40.7063362317_-74.015238886.png,"pMTSm9j_AcRcx15h7ZuKww,40.706274,-74.015151,.jpg"
satellite_40.7798244611_-73.984062065.png,"HZp-U7nzTM2dLmy1yw-y4A,40.779722,-73.984278,.jpg"
satellite_40.7821209683_-73.9606794492.png,"dK5fNZB4kDBwumd6PV6F6A,40.782215,-73.960639,.jpg"
satellite_40.77031036_-73.9602464378.png,"XgDaBPvN7pR_2OTSNDEoyw,40.770473,-73.960091,.jpg"
satellite_40.707976594_-74.0178369544.png,"jgeM62owjTPm2xRKsGjG7A,40.707906,-74.017750,.jpg"
satellite_40.780480606_-73.9715047343.png,"T9qiyYBuZDPtXqpsUiG8zQ,40.780505,-73.971633,.jpg"
satellite_40.7539067373_-73.9970524071.png,"GbbZZ8vaGZQSj5W3CXWqAg,40.753779,-73.997204,.jpg"
satellite_40.721755637_-73.9857941106.png,"hMViiS9KeVL3xrSwYHBZLw,40.721679,-73.985687,.jpg"
satellite_40.7755595192_-73.9520192212.png,"VTG3ScHw2Omqc1HnfaSUag,40.775447,-73.952009,.jpg"
satellite_40.7293013034_-73.9797319509.png,"CsqMpc5ZZosz0SczKM853w,40.729180,-73.979559,.jpg"
satellite_40.7424242015_-73.9857941106.png,"a8eUzBiZSmu3yoxnMwL_dA,40.742459,-73.985836,.jpg"
satellite_40.7634208385_-73.9831960422.png,"9WDsbWl2f17LullsYq_bKw,40.763431,-73.982985,.jpg"
satellite_40.7345504626_-74.0096097377.png,"O5uDUFr914CrtqHtw1kwsQ,40.734639,-74.009575,.jpg"
satellite_40.7266767238_-73.9741028027.png,"b8TDm8MGQCBbZVzpghFzuA,40.726555,-73.973941,.jpg"
satellite_40.7565313169_-73.9935883158.png,"2Ho5ZNNV6YVbZ5I0QZuSdQ,40.756411,-73.993734,.jpg"
satellite_40.724708289_-74.0022485439.png,"9LsnpXZkvKgGW16vDhwUIA,40.724694,-74.002189,.jpg"
satellite_40.7785121713_-73.9697726887.png,"u3jwY0fDP_iSwVb-QFdikw,40.778565,-73.969885,.jpg"
satellite_40.7745753018_-73.9702057001.png,"1M6y-t-ermK2G8Yxn0GIRw,40.774425,-73.970121,.jpg"
satellite_40.7417680566_-74.0013825211.png,"XpYF-DmkJ6rvDGRTB1S2Tw,40.741823,-74.001503,.jpg"
satellite_40.7243802166_-73.9996504755.png,"ksMsMmUVrmTGy6KhEEc-zQ,40.724514,-73.999783,.jpg"
satellite_40.7148661155_-73.9792989395.png,"A1-hrgHoDYU8lx2xv9km7w,40.714846,-73.979501,.jpg"
satellite_40.7742472294_-73.9888251904.png,"1L-aWKIhEZzBs71bOz5bLg,40.774268,-73.988974,.jpg"
satellite_40.7296293758_-73.9966193957.png,"XBl_Tc6bm5JzHxON0mcNBA,40.729655,-73.996758,.jpg"
satellite_40.7342223902_-74.0031145667.png,"kUYwTmsbixJeplXVv8hOUg,40.734060,-74.002913,.jpg"
satellite_40.7785121713_-73.9810309852.png,"h4BPhZ2a-5JH-ypqKHcBuA,40.778442,-73.981242,.jpg"
satellite_40.7824490407_-73.9762678597.png,"8Wx4iu6ggAL4EogTFUai8Q,40.782353,-73.976436,.jpg"
satellite_40.7204433472_-73.9801649623.png,"ywqmGAZY0HRUy2BQ0E9nbA,40.720461,-73.980232,.jpg"
satellite_40.7437364913_-73.9853610992.png,"KjrqjR1HR2ZpQBWS5_Hg7Q,40.743790,-73.985173,.jpg"
satellite_40.780480606_-73.9641435404.png,"m6mc1MGa29A_OsbX0j_j3g,40.780386,-73.964253,.jpg"
satellite_40.7765437366_-73.9697726887.png,"VZc1aRSkDlpH1Z1pehXUww,40.776551,-73.969588,.jpg"
satellite_40.7168345502_-73.988392179.png,"sztJsf-e-Bs_Wj1CvvG4ZA,40.716696,-73.988257,.jpg"
satellite_40.7460329985_-73.9710717229.png,"axJ_ZdNXpVXxTWMuVm_WvQ,40.746085,-73.971164,.jpg"
satellite_40.7817928958_-73.9489881413.png,"KVeRAi45A_59zoULLJRbMQ,40.781867,-73.948867,.jpg"
satellite_40.7611243313_-73.9844950764.png,"SpzU-YRGlgcPSfTz_1Od2A,40.761125,-73.984309,.jpg"
satellite_40.7575155343_-73.9805979737.png,"QTPUpdjtNxte5GndbazuDw,40.757593,-73.980775,.jpg"
satellite_40.7286451585_-73.9762678597.png,"PTYtHTwWEGJevjDdjjsIgQ,40.728766,-73.976053,.jpg"
satellite_40.7250363615_-73.9775668939.png,"qebfS-HFVnWNvY3LlPuHuw,40.725125,-73.977568,.jpg"
satellite_40.7604681864_-73.9797319509.png,"Ze-907j9dbhkc6gcF5bMBg,40.760385,-73.979620,.jpg"
satellite_40.7499698679_-74.0035475781.png,"YR4h6oE6-bozMMJC9WVDuA,40.749994,-74.003717,.jpg"
satellite_40.7293013034_-73.9853610992.png,"wW9uvMk9IofCqKI8SumJoQ,40.729255,-73.985572,.jpg"
satellite_40.7394715494_-74.0070116693.png,"R542wDkAg9zp_bFH_ZDfJQ,40.739394,-74.007217,.jpg"
satellite_40.7548909547_-73.9741028027.png,"Wlg5S243D72shaHtfi-5MQ,40.754858,-73.974308,.jpg"
satellite_40.7548909547_-73.9875261562.png,"cwlr0JdxMQKF2f_-UGtmVg,40.754994,-73.987717,.jpg"
satellite_40.7132257532_-73.9935883158.png,"9ERlqPq1_3jgAgmLlUxhyA,40.713104,-73.993644,.jpg"
satellite_40.7138818981_-73.9987844527.png,"-Z-QUTqxRfFiNBAq9VJ3PQ,40.713766,-73.998681,.jpg"
satellite_40.7417680566_-73.9896912132.png,"vHySbBdxdpOs-JioXmdzYg,40.741617,-73.989695,.jpg"
satellite_40.7348785351_-73.990557236.png,"Y3L5Fbb01YsaImUoWye2rw,40.734751,-73.990618,.jpg"
satellite_40.7460329985_-73.9957533728.png,"83GapJ41vtKPXi9Z5TDrYw,40.745914,-73.995960,.jpg"
satellite_40.7440645637_-73.9719377457.png,"r7dzKDY60vAHAXtpAf8ZGw,40.744012,-73.972001,.jpg"
satellite_40.7486575781_-73.9879591676.png,"V9FlvFa2utfSDY3g3KvO0g,40.748537,-73.988147,.jpg"
satellite_40.7827771132_-73.9702057001.png,"oXJsT94dAZDJUXnJbzFgnA,40.782711,-73.970208,.jpg"
satellite_40.7565313169_-73.9667416089.png,"OO_4fpwMcNAmRT_jS9cf4g,40.756653,-73.966853,.jpg"
satellite_40.776871809_-73.959380415.png,"jSmrX7fyGNkJwGY7hpkjYg,40.776923,-73.959470,.jpg"
satellite_40.7388154045_-73.9896912132.png,"eXUJfyzAymuqDVLMijXAcA,40.738948,-73.989815,.jpg"
satellite_40.7480014332_-74.0048466123.png,"W5pnr1uTS6zfu5CR1TR6tA,40.747963,-74.004803,.jpg"
satellite_40.7535786649_-73.9715047343.png,"CJ1ycQDmFMj7dbLvaiN6hA,40.753712,-73.971572,.jpg"
satellite_40.7512821577_-73.9762678597.png,"DtI2h02wdm_Xtk6e2mmPYA,40.751407,-73.976104,.jpg"
satellite_40.7699822875_-73.99488735.png,"7cQye9qDjDhR8z91CSiNfA,40.770141,-73.994751,.jpg"
satellite_40.7306135932_-74.0013825211.png,"GnrcDwF3ZASn-iuqpwxQhA,40.730467,-74.001468,.jpg"
satellite_40.7434084188_-73.9996504755.png,"TA7O5mtEwER1Q_L44ktU5Q,40.743344,-73.999657,.jpg"
satellite_40.7699822875_-73.9792989395.png,"DIT3H8F-OdyjLJUUep2W7w,40.769893,-73.979351,.jpg"
satellite_40.77031036_-73.9624114948.png,"KEJg-24vLdJYDmYwGfdw1Q,40.770455,-73.962271,.jpg"
satellite_40.7676857803_-73.9749688255.png,"UAqS9zcP1rIDvqeJFVeyCA,40.767829,-73.975037,.jpg"
satellite_40.7473452883_-73.9728037685.png,"vHJTosQJrp8JhWVmEsJw6Q,40.747369,-73.972878,.jpg"
satellite_40.7611243313_-73.9875261562.png,"vgjaF9nDBXjrFJPmUf_kbw,40.761185,-73.987359,.jpg"
satellite_40.7155222604_-74.0013825211.png,"qX32hyDzc88E-a2VxOnBQA,40.715653,-74.001522,.jpg"
satellite_40.7178187675_-74.0044136009.png,"GlWakqJkSpjsBhX2HpfBBA,40.717777,-74.004230,.jpg"
satellite_40.7358627524_-73.9996504755.png,"5T_5Zw8qgK1VeXRdkK-xlg,40.735982,-73.999654,.jpg"
satellite_40.7342223902_-73.9875261562.png,"Pfra7_rIkBfAd2IMt7oL9w,40.734334,-73.987517,.jpg"
satellite_40.7719507222_-73.9732367799.png,"ElYkxUqDyQmitRCjj6qANA,40.771954,-73.973325,.jpg"
satellite_40.7660454181_-73.992722293.png,"pQqzrV8i-W2CQQFkofO7Zw,40.765927,-73.992789,.jpg"
satellite_40.7598120415_-73.9922892816.png,"W0pJ0-4FQngEto3r0sfjfQ,40.759951,-73.992213,.jpg"
satellite_40.7755595192_-73.9541842782.png,"aOqPM7jVQcEAZTZuHmATjA,40.775443,-73.953977,.jpg"
satellite_40.7663734905_-73.9896912132.png,"Ao-fI6SwX-v8t-ghF-p1pg,40.766345,-73.989906,.jpg"
satellite_40.7171626226_-74.0096097377.png,"NDW6KMeh_Hx_U-xpxZuAug,40.717319,-74.009499,.jpg"
satellite_40.749313723_-73.9771338825.png,"xvGZFROxjC2emWBr1ygh2Q,40.749315,-73.976933,.jpg"
satellite_40.7483295056_-74.0057126351.png,"zcyY8u4yrZe0gByz6cPkuw,40.748275,-74.005543,.jpg"
satellite_40.7220837094_-74.0109087719.png,"_u8ypn_37Kp2UoD8RYT48w,40.722232,-74.010732,.jpg"
satellite_40.7296293758_-74.0104757605.png,"W4vqBjwWHg_F9DPMPZKubg,40.729642,-74.010507,.jpg"
satellite_40.7680138528_-73.9658755861.png,"YEv8A97GaBgG_58YmUXWYA,40.768027,-73.965932,.jpg"
satellite_40.7230679268_-73.990557236.png,"eeuhtFrYdw1TO9pHTez8yg,40.722977,-73.990498,.jpg"
satellite_40.766701563_-73.9589474036.png,"3ylr0NL7AhysoiGhQoUsDA,40.766582,-73.959103,.jpg"
satellite_40.7069923766_-74.0013825211.png,"oG6K5qgKvUoHmbNBLSbFOA,40.707002,-74.001244,.jpg"
satellite_40.7178187675_-73.9940213272.png,"mUcZeRE85N_OOmB5ezxQpw,40.717693,-73.994090,.jpg"
satellite_40.7440645637_-73.9918562702.png,"XbmveX8X3k7nQtwRL4kahg,40.744222,-73.991831,.jpg"
satellite_40.7155222604_-74.0135068404.png,"--dvWCac2DvtIPy2PwmuSg,40.715456,-74.013493,.jpg"
satellite_40.7539067373_-73.9814639966.png,"Ybj2QvoU_gJ1aWGNJ7ia7Q,40.753744,-73.981499,.jpg"
satellite_40.749313723_-73.9788659281.png,"VFwuUkEbtI3sWQtLgDN7CQ,40.749242,-73.978651,.jpg"
satellite_40.7555470996_-73.9624114948.png,"1JvATHakfC40EGjezkJCvA,40.755650,-73.962581,.jpg"
satellite_40.7798244611_-73.9446580273.png,"MVgvJhw_PLYq835b0PYufA,40.779950,-73.944772,.jpg"
satellite_40.7371750422_-74.0048466123.png,"XMg1-b7Xblld5azX54gJiA,40.737321,-74.005063,.jpg"
satellite_40.7716226498_-73.961545472.png,"Pcl35Zhdtc_EdUyTVRzA0Q,40.771624,-73.961330,.jpg"
satellite_40.7148661155_-74.0135068404.png,"udBWHDMDr28313hJ3tO_Ug,40.714755,-74.013665,.jpg"
satellite_40.745704926_-73.9888251904.png,"oFe8wkRq-JbPE0_Js53fNg,40.745868,-73.988619,.jpg"
satellite_40.7138818981_-74.0117747947.png,"7SL-d2E_13BfiMgmCYaH0w,40.713826,-74.011665,.jpg"
satellite_40.7555470996_-73.9801649623.png,"x6NozM0U6dYiGO4JCH4JvQ,40.755617,-73.979997,.jpg"
satellite_40.7273328687_-73.9888251904.png,"HdoktW30rYm_MKuFnS0Xhw,40.727459,-73.988637,.jpg"
satellite_40.7443926362_-73.986227122.png,"elvxC-DNTGpkTQtxi8PXmg,40.744316,-73.986422,.jpg"
satellite_40.7447207087_-73.9706387115.png,"RJYhlRAquZY0kuWXuzE2cA,40.744872,-73.970748,.jpg"
satellite_40.7401276943_-73.9974854185.png,"Gd0vobxmPZRsvtpEJ-AvfQ,40.740092,-73.997355,.jpg"
satellite_40.7368469698_-73.9914232588.png,"H3ZSReVqk-I9oUTNIt8ojw,40.736874,-73.991563,.jpg"
satellite_40.7099450287_-74.0148058746.png,"2TWN0h7wMEYVJtLucVtmww,40.709802,-74.014664,.jpg"
satellite_40.7161784053_-74.0000834869.png,"RbmSOi-A82NuGi8l5W_Y7w,40.716149,-73.999978,.jpg"
satellite_40.7404557668_-74.0018155325.png,"FcJOo3ssj5h3PaSY85QyDw,40.740594,-74.001909,.jpg"
satellite_40.7253644339_-73.9909902474.png,"9mmABP62B31mMEi6DcAGlg,40.725282,-73.991192,.jpg"
satellite_40.7525944475_-73.9888251904.png,"osId1GAfZHi130e5LmVkxg,40.752666,-73.988686,.jpg"
satellite_40.7545628822_-73.9935883158.png,"pFuKcC0S10-3d3BCknB5sg,40.754719,-73.993561,.jpg"
satellite_40.7214275645_-73.9810309852.png,"wjFOLBFyNe86b_MF2jAOcw,40.721287,-73.980906,.jpg"
satellite_40.7716226498_-73.959380415.png,"R_7bP_3MBhdVktJHCt8rIA,40.771694,-73.959184,.jpg"
satellite_40.7627646935_-73.9719377457.png,"mXy-u4M7GBA8BWQFebNJxA,40.762612,-73.972133,.jpg"
satellite_40.7230679268_-74.0018155325.png,"pDiEdCmjEu9a2THFxmhaOg,40.723122,-74.002011,.jpg"
satellite_40.7683419252_-73.961545472.png,"JvGvb-kelJIFFMU6hhs7lw,40.768414,-73.961511,.jpg"
satellite_40.773263012_-73.957215358.png,"sAta7-TFLHSYLtayHouvww,40.773416,-73.957344,.jpg"
satellite_40.7640769834_-73.9966193957.png,"Pr6kYna087Fvoxp-TMErsA,40.764212,-73.996473,.jpg"
satellite_40.7499698679_-73.9944543386.png,"y4RXEXMJSPgLT-sZ0ZwZrw,40.750077,-73.994352,.jpg"
satellite_40.7571874619_-74.0044136009.png,"ZWC6sT1nHrOlZfpTms8InA,40.757112,-74.004610,.jpg"
satellite_40.7240521441_-74.0096097377.png,"c4zk6XzUkYjy4pgednUOkg,40.723966,-74.009449,.jpg"
satellite_40.7168345502_-74.0143728632.png,"PxvAYm46oP9fou2Ff17JCA,40.716926,-74.014357,.jpg"
satellite_40.7325820279_-74.0057126351.png,"K3WzKxAXpjDHXnAqK64ZEA,40.732630,-74.005564,.jpg"
satellite_40.7414399841_-74.0091767263.png,"hKWk5Efy4jvE_XcJ6R8qnQ,40.741429,-74.009335,.jpg"
satellite_40.7755595192_-73.9524522326.png,"R-r0GlABu__qccSLliSZqQ,40.775722,-73.952664,.jpg"
satellite_40.7286451585_-74.0039805895.png,"qPe77iXNvBv3_sNrOn_6sw,40.728496,-74.004185,.jpg"
satellite_40.7302855207_-74.0104757605.png,"6krUPEYdYHPl8orsA2VIng,40.730438,-74.010658,.jpg"
satellite_40.77031036_-73.9502871756.png,"B9soaFNDNeaBreT8kHQPog,40.770403,-73.950189,.jpg"
satellite_40.7161784053_-73.9879591676.png,"OUj0tFMz7PpSj6NNcFvhfw,40.716247,-73.987770,.jpg"
satellite_40.7483295056_-73.9961863842.png,"OzBscGSwVVXD3hzJnc64aQ,40.748433,-73.996200,.jpg"
satellite_40.739143477_-74.0078776921.png,"wQsB6sURQXhmgenwBVQJAg,40.738984,-74.008089,.jpg"
satellite_40.7312697381_-73.9922892816.png,"iAPeG4n5_4JiffFYC72Qmw,40.731259,-73.992152,.jpg"
satellite_40.7562032445_-73.9719377457.png,"k2wte8yoHMaHunKWnjhjUQ,40.756256,-73.971793,.jpg"
satellite_40.7106011736_-74.0161049088.png,"fC6a-nXC7u9NGv-Eauh9xQ,40.710662,-74.016215,.jpg"
satellite_40.7404557668_-74.0044136009.png,"8VpoHTLVmYqB4Ri6ecdICQ,40.740572,-74.004441,.jpg"
satellite_40.7689980701_-73.9888251904.png,"YyAttD_2IkH1CkBhP2_YXw,40.768908,-73.988719,.jpg"
satellite_40.7197872023_-74.0122078062.png,"mhi-texdJ-cT4pyiMQiKew,40.719797,-74.012160,.jpg"
satellite_40.7112573185_-74.0161049088.png,"ECpSzQxExSVS5OhejgK0eA,40.711312,-74.015956,.jpg"
satellite_40.7696542151_-73.9498541641.png,"Qnash08olE2dl0EJqzFuLQ,40.769638,-73.949792,.jpg"
satellite_40.7548909547_-73.9663085975.png,"NzTLr7LH1LXkU3dyR7nTMQ,40.754829,-73.966470,.jpg"
satellite_40.7798244611_-73.9663085975.png,"dkiT0NS8bxPf7oCLm-5czA,40.779839,-73.966453,.jpg"
satellite_40.7588278241_-73.9598134264.png,"1Ot8eT0U9g_FmnVLuh5nyw,40.758832,-73.959628,.jpg"
satellite_40.7719507222_-73.9632775176.png,"R_gJ4ug1WjMz34ks25o5WQ,40.772087,-73.963241,.jpg"
satellite_40.7473452883_-74.0048466123.png,"h5N3j61719hnLRTRHxX2YQ,40.747444,-74.005020,.jpg"
satellite_40.73553468_-73.9853610992.png,"nNaHWV4Q-FGSyfZ5CLkS9A,40.735630,-73.985499,.jpg"
satellite_40.7151941879_-73.9966193957.png,"3TjeLe4RGhRw2L9Ayx1IWQ,40.715121,-73.996687,.jpg"
satellite_40.73553468_-73.9983514413.png,"C2xApYNcQogSTIjy6D2C3Q,40.735419,-73.998315,.jpg"
satellite_40.7368469698_-74.0100427491.png,"VkpOqJJ0uShkjqfNUdnfAA,40.736752,-74.009856,.jpg"
satellite_40.7453768536_-73.9736697913.png,"oRYxJgheDSbXgWuqOetWvg,40.745460,-73.973490,.jpg"
satellite_40.7516102302_-73.9676076317.png,"f3WMcseIDQEAs8SpxYsVEw,40.751707,-73.967636,.jpg"
satellite_40.7650612007_-73.9875261562.png,"QHEPi4iP2SGBUMNgYcwOBA,40.765165,-73.987732,.jpg"
satellite_40.7201152747_-73.9940213272.png,"A5CUnw4lx_cXVcGAVtX7sw,40.720279,-73.994056,.jpg"
satellite_40.7689980701_-73.9788659281.png,"vErpYbm_HiHayDfdfd0qfw,40.769127,-73.979046,.jpg"
satellite_40.7450487811_-73.9870931448.png,"kirZobTtSsejsF1cTOyyww,40.745011,-73.987070,.jpg"
satellite_40.7148661155_-73.9901242246.png,"ZYprpAAKModeBeJS6X901w,40.714780,-73.990153,.jpg"
satellite_40.7673577079_-73.959380415.png,"PRnfjUBVmiTggDqDJ3UiUA,40.767228,-73.959545,.jpg"
satellite_40.7719507222_-73.9853610992.png,"4u1zIw0pl66Ukqp5YRJq-Q,40.771867,-73.985214,.jpg"
satellite_40.7165064777_-73.9992174641.png,"XRResrd-KCeFvcnnLmFEcg,40.716365,-73.999053,.jpg"
satellite_40.7584997517_-73.9814639966.png,"OP-J2uCkvwHIuwpEjrsGaw,40.758650,-73.981344,.jpg"
satellite_40.7312697381_-74.0048466123.png,"Dct22Rlws5k6jQ1W6HeO2g,40.731190,-74.004734,.jpg"
satellite_40.7683419252_-73.9697726887.png,"yBJ0lPEYv_KFwt2Wk1siUg,40.768458,-73.969965,.jpg"
satellite_40.731925883_-74.0078776921.png,"rWo8Q7GQDhusUaMGeHD9BA,40.731807,-74.008001,.jpg"
satellite_40.7220837094_-73.9758348483.png,"DAJMVfjyFRSdV1xHX5y1GA,40.722112,-73.975981,.jpg"
satellite_40.7115853909_-73.9953203614.png,"kqoKM9nJw8x5IQLSfXW2IQ,40.711523,-73.995119,.jpg"
satellite_40.7440645637_-73.9779999053.png,"cTKtEzn21fjx-MmxPiwtPA,40.744083,-73.978196,.jpg"
satellite_40.7798244611_-73.9715047343.png,"dM7kCj7s3gp059Us4yKo7g,40.779800,-73.971632,.jpg"
satellite_40.7817928958_-73.9628445062.png,"PoBzTTKRcR05VS-z7Zjj9g,40.781693,-73.963038,.jpg"
satellite_40.766701563_-73.9827630308.png,"0UoLGcg_ZX7psB5RyqUbPA,40.766673,-73.982739,.jpg"
satellite_40.7414399841_-74.0005164983.png,"ui7juI3hC7YJBC6U9xsVdg,40.741381,-74.000418,.jpg"
satellite_40.7532505924_-73.9879591676.png,"oumpqzooIV_3XiQU-gedyg,40.753113,-73.987828,.jpg"
satellite_40.7696542151_-73.9520192212.png,"ALl4sWQHSjKDixuCva4vNA,40.769591,-73.952202,.jpg"
satellite_40.7112573185_-73.9866601334.png,"t3Qe9fjul-Vcoic-WaBhGQ,40.711163,-73.986699,.jpg"
satellite_40.773263012_-73.9723707571.png,"tal_SS8qM87cbjUZO8U_rA,40.773365,-73.972450,.jpg"
satellite_40.742096129_-74.0026815553.png,"WCwr4VVhBYxLNwWDTRKMlg,40.742241,-74.002471,.jpg"
satellite_40.7489856505_-73.9935883158.png,"LrhEI7tJjTQcpBzH0cgxDg,40.748922,-73.993529,.jpg"
satellite_40.710929246_-74.013073829.png,"AEEm6WvC2fyCpdZOqAYZEQ,40.710776,-74.013277,.jpg"
satellite_40.7801525335_-73.9533182554.png,"IUUb1Mz-qFaZF1rQNM_Vnw,40.780189,-73.953171,.jpg"
satellite_40.7689980701_-73.9810309852.png,"dGRgLmMVjxQYUSiHb8xjLw,40.768846,-73.980819,.jpg"
satellite_40.7178187675_-73.9857941106.png,"axAMaksEwax6VWSgoeVoDw,40.717861,-73.985869,.jpg"
satellite_40.7575155343_-73.9931553044.png,"D6gHzwFP8NFw_gZE0WvhiQ,40.757530,-73.993316,.jpg"
satellite_40.7729349396_-73.9797319509.png,"mK0NbsCo229UIC0GaO_cuw,40.772914,-73.979909,.jpg"
satellite_40.7663734905_-73.9970524071.png,"Z57Ri1A8iSSvUzY81PH5EQ,40.766390,-73.997221,.jpg"
satellite_40.7289732309_-74.0048466123.png,"tDR1s1guXlpFWqoePuvzFA,40.728928,-74.005036,.jpg"
satellite_40.7076485215_-74.0057126351.png,"_L4fWS9U2e2ue3yPgPKARw,40.707797,-74.005908,.jpg"
satellite_40.7621085486_-73.9775668939.png,"zqq-hwAQsa75gSsilTJoag,40.762050,-73.977755,.jpg"
satellite_40.7276609411_-73.9979184299.png,"KG_A9nI-eoUQPeauZE8rwA,40.727649,-73.998111,.jpg"
satellite_40.7621085486_-73.984062065.png,"PmJ_XGX9sgguO2hOsd-FLw,40.762261,-73.984083,.jpg"
satellite_40.7056800868_-74.0165379202.png,"3zNvjjXSsFU8ejw2g_6J9Q,40.705599,-74.016630,.jpg"
satellite_40.7414399841_-73.9797319509.png,"Tp5MLaWW8J3HXgBEQd0q-Q,40.741584,-73.979933,.jpg"
satellite_40.7555470996_-73.9996504755.png,"3g444t_p-dfaUQz2BpIfgw,40.755671,-73.999660,.jpg"
satellite_40.7411119117_-73.9805979737.png,"cqOU7YSdUaxszmv2A5mt4g,40.741100,-73.980727,.jpg"
satellite_40.776871809_-73.988392179.png,"u-JNmlm6CiGdWxlEfuwXHg,40.776893,-73.988216,.jpg"
satellite_40.7106011736_-73.9814639966.png,"8Fdv6H9qHBygArDrmvJZOg,40.710758,-73.981378,.jpg"
satellite_40.7726068671_-73.9940213272.png,"fBAc_bCtmKRJ_XX4qPjmsw,40.772443,-73.993868,.jpg"
satellite_40.7791683162_-73.9667416089.png,"j2TWz4EK_gX84Nz_HeXCdg,40.779047,-73.966949,.jpg"
satellite_40.7827771132_-73.9481221185.png,"W04jrhgG1KEasUOGJVfBug,40.782772,-73.948231,.jpg"
satellite_40.7427522739_-73.9888251904.png,"2PCMxMma-Zr6sUncuPoUlA,40.742638,-73.988779,.jpg"
satellite_40.704367797_-74.0091767263.png,"rqcsjY7qTA_SRRm8zSPVAw,40.704290,-74.009173,.jpg"
satellite_40.7365188973_-73.9970524071.png,"Nk9HbOK2Kiig_jVBXetrIA,40.736544,-73.997010,.jpg"
satellite_40.7548909547_-73.9896912132.png,"fsCEPPBI2dDcnm2Uu2b64Q,40.754761,-73.989828,.jpg"
satellite_40.7437364913_-73.9966193957.png,"hCgj6jwsA-AvbbSkWtJxoQ,40.743686,-73.996727,.jpg"
satellite_40.7158503328_-74.0018155325.png,"ZA1-0RoknFpfSX36hCXwmg,40.715878,-74.001904,.jpg"
satellite_40.7516102302_-73.9745358141.png,"pr0fIxfBN1GWIeyc2qj7Kw,40.751692,-73.974532,.jpg"
satellite_40.7611243313_-73.992722293.png,"K3s5ubuBmtTE5n0Fl3s3jg,40.761016,-73.992749,.jpg"
satellite_40.7578436068_-73.9987844527.png,"zMYpD94fzCLxq6fAQAmvWw,40.757851,-73.998904,.jpg"
satellite_40.7739191569_-73.9680406431.png,"1rYvAWRxKBOglCMhPySXWQ,40.773978,-73.968051,.jpg"
satellite_40.7233959992_-73.9966193957.png,"AIDZ10FWsCgoCqqaKB250A,40.723423,-73.996671,.jpg"
satellite_40.7424242015_-73.9892582018.png,"HcQn4jEhi_lSvpU_cYiwgg,40.742333,-73.989400,.jpg"
satellite_40.7808086784_-73.9619784834.png,"g3fsgfD8-kL_Z9jkB-WeRw,40.780721,-73.961912,.jpg"
satellite_40.7752314467_-73.9676076317.png,"G4e4YfNvT5t_tzA8EHftGw,40.775168,-73.967784,.jpg"
satellite_40.7762156641_-73.9580813808.png,"NWS8-viD49m71612SJSATg,40.776298,-73.957990,.jpg"
satellite_40.7548909547_-73.9996504755.png,"lcnWkPwvZLrd4pQD-byknQ,40.754783,-73.999601,.jpg"
satellite_40.7827771132_-73.9792989395.png,"gspaJyqrxCKIzCH0C7lNaA,40.782712,-73.979407,.jpg"
satellite_40.7289732309_-73.9888251904.png,"Viqk-wykyaTbxGmh9-hLnA,40.729084,-73.988791,.jpg"
satellite_40.7214275645_-74.0018155325.png,"SSVxyqTOMGJCUuxazt0NxA,40.721404,-74.001756,.jpg"
satellite_40.7771998815_-73.9779999053.png,"0XNe2pbunvcsrPW-ktB7ig,40.777121,-73.978119,.jpg"
satellite_40.7676857803_-73.9749688255.png,"1sejuNxg3aBKgBfuV1UuTg,40.767740,-73.975071,.jpg"
satellite_40.7466891434_-73.9693396773.png,"O2n_f2IRyeiCfTXEeVqoaQ,40.746849,-73.969333,.jpg"
satellite_40.71814684_-74.0148058746.png,"TSpqD97tXjPVcvTOsRZ-cQ,40.718134,-74.014970,.jpg"
satellite_40.7086327389_-74.0113417833.png,"8B5O6wz3W9x4tEn-JzAucQ,40.708660,-74.011168,.jpg"
satellite_40.7197872023_-74.0009495097.png,"EtmpUeS-4iToB_bAcuJgkg,40.719701,-74.000921,.jpg"
satellite_40.7453768536_-73.9805979737.png,"bhVCDw50Wst8fGf5thbJ_A,40.745402,-73.980462,.jpg"
satellite_40.7575155343_-73.9736697913.png,"xUQxdzf2DFNGUSkoebhf-A,40.757571,-73.973572,.jpg"
satellite_40.759483969_-73.9619784834.png,"Gg09xiaN0Vruxjv8ApUG3g,40.759377,-73.962149,.jpg"
satellite_40.7817928958_-73.9645765518.png,"Yk_sTFAUXPEzGGE6ziaejA,40.781684,-73.964551,.jpg"
satellite_40.7745753018_-73.959380415.png,"W1f-xPxT7QiLGMFmv1WBvw,40.774421,-73.959292,.jpg"
satellite_40.7161784053_-74.0074446807.png,"7mqVB9FPbu8k-zIY61StHw,40.716236,-74.007616,.jpg"
satellite_40.7270047962_-73.9741028027.png,"2oF9o8PJ0KJVBh2pdgq__g,40.726875,-73.974121,.jpg"
satellite_40.7644050558_-73.9797319509.png,"T8TU_gq_gQ9YcgLYsIlzAg,40.764531,-73.979785,.jpg"
satellite_40.7532505924_-73.9801649623.png,"wYIHrrGzzb2FeUHaoEKq-A,40.753230,-73.980259,.jpg"
satellite_40.7775279539_-73.950720187.png,"3541SxFrTNNpDpUx1Gl76g,40.777401,-73.950628,.jpg"
satellite_40.7499698679_-73.99488735.png,"JgA8gBpU3ChCbtfzs2bqNQ,40.750013,-73.995048,.jpg"
satellite_40.780480606_-73.9619784834.png,"2-mnheqs7oqOLQyuTPMikQ,40.780331,-73.961969,.jpg"
satellite_40.7634208385_-73.9944543386.png,"MU9WHfXGYdV-WCT7wWnj6Q,40.763429,-73.994628,.jpg"
satellite_40.776871809_-73.9489881413.png,"lErQVwDXiFGMSeQwQIdRpA,40.776768,-73.949113,.jpg"
satellite_40.7381592596_-74.0100427491.png,"0z1A3snmIMkCjFPv687EqA,40.738286,-74.009887,.jpg"
satellite_40.7480014332_-74.0000834869.png,"acxrOB5Cx7S2GBZ8hqbUYQ,40.748070,-74.000235,.jpg"
satellite_40.7591558966_-73.9866601334.png,"CQbj-hM3X3JRY01BqJz1XQ,40.759174,-73.986470,.jpg"
satellite_40.7335662453_-74.0039805895.png,"gtzR_DoZgfHAXAIUWZ18qQ,40.733427,-74.004106,.jpg"
satellite_40.7663734905_-73.9702057001.png,"MDc6K90Qc5Gv7IsQEya9ZQ,40.766336,-73.970158,.jpg"
satellite_40.7637489109_-73.9580813808.png,"skIAKoqUiaENFvjaQmoHJw,40.763775,-73.958257,.jpg"
satellite_40.7214275645_-74.0022485439.png,"NlLLa9aZMUYheOrsft3NGg,40.721471,-74.002346,.jpg"
satellite_40.7027274347_-74.0143728632.png,"HqKPoRNN-th2QQihcEgRBg,40.702831,-74.014294,.jpg"
satellite_40.7214275645_-73.9801649623.png,"O5MCgo4hFTodCF_4xpCMHg,40.721500,-73.980178,.jpg"
satellite_40.7749033743_-73.9671746203.png,"razGCLyyP-4pF5cfGUEWmQ,40.774860,-73.967048,.jpg"
satellite_40.780480606_-73.9805979737.png,"TGw2E3vU39bh5H-N6ofPDA,40.780335,-73.980387,.jpg"
satellite_40.7614524037_-73.984062065.png,"0ooPeSBCvH7srsOIVoBy3Q,40.761377,-73.983937,.jpg"
satellite_40.7375031147_-74.0083107035.png,"R8z7B440I-ueGKo5qzoi9A,40.737557,-74.008147,.jpg"
satellite_40.7624366211_-73.9857941106.png,"E_H4cDryjAKGZODrUrHXMQ,40.762469,-73.985976,.jpg"
satellite_40.7476733607_-73.9684736545.png,"jvxrd2JiLeylfUSxCl-OYw,40.747536,-73.968488,.jpg"
satellite_40.7352066075_-73.9797319509.png,"-IFJe4fvZq3DQM3FiWoDFA,40.735370,-73.979557,.jpg"
satellite_40.7775279539_-73.9831960422.png,"wwuJlIBcIMxJ-YWcdab2vA,40.777480,-73.983017,.jpg"
satellite_40.7689980701_-73.9745358141.png,"mP9i6torJB1aQsXxlsbp8g,40.768856,-73.974436,.jpg"
satellite_40.7368469698_-74.0026815553.png,"WGwfAtyAccy-5qv8kG-JOg,40.737010,-74.002569,.jpg"
satellite_40.7821209683_-73.9836290536.png,"T_agkE7avAc8TOHfqbDRfQ,40.782026,-73.983665,.jpg"
satellite_40.7381592596_-73.9775668939.png,"jKQVztc6X87xMzVKo3xlPw,40.738041,-73.977683,.jpg"
satellite_40.7368469698_-73.9979184299.png,"bAxUdEX6sPMLnYM1WFh7nA,40.736992,-73.998096,.jpg"
satellite_40.7092888838_-74.0139398518.png,"9BO1q3p7Q24xsKFHk0bQjA,40.709295,-74.013981,.jpg"
satellite_40.7644050558_-73.9758348483.png,"j8mH6N_oVC1omNEs-4Vtug,40.764560,-73.975651,.jpg"
satellite_40.7378311871_-73.9831960422.png,"SUuhWdF3RSFrhZivrUlDXw,40.737951,-73.983108,.jpg"
satellite_40.7742472294_-73.9810309852.png,"QgxaUEfSqVdSmXdstKFbpA,40.774235,-73.981134,.jpg"
satellite_40.7758875917_-73.9624114948.png,"RhSrvOETQDIDsqMedtnkdQ,40.775971,-73.962392,.jpg"
satellite_40.7453768536_-73.9992174641.png,"Zye3Za_NMvdjgeHXqVRDsg,40.745540,-73.999041,.jpg"
satellite_40.7368469698_-74.0087437149.png,"UdxUEh_ckXiKYRIC4JL8wA,40.736971,-74.008685,.jpg"
satellite_40.7296293758_-74.0074446807.png,"9PYW8fnoj8KP-4tC_rMHww,40.729557,-74.007487,.jpg"
satellite_40.7394715494_-73.9784329167.png,"k8_HUnelS2DIF7ZicB97bQ,40.739420,-73.978639,.jpg"
satellite_40.7188029849_-73.9901242246.png,"5d4TwoViQK8AAAAGOwB85w,40.718826,-73.990020,.jpg"
satellite_40.7299574483_-74.0057126351.png,"BPYnox1-hlqnaGHLlucjGQ,40.730119,-74.005545,.jpg"
satellite_40.7270047962_-73.9966193957.png,"61IvwzST3IOcV4YJipyvag,40.726911,-73.996609,.jpg"
satellite_40.776871809_-73.9702057001.png,"PLCQfpw4Wwu2v5i5IJ-ehQ,40.776835,-73.970375,.jpg"
satellite_40.7342223902_-73.981897008.png,"w4D2BnE1mrrwvdOUt06dBg,40.734355,-73.981921,.jpg"
satellite_40.7361908249_-73.9879591676.png,"SLdwHjn6jxqK6Bb-QZbS7g,40.736151,-73.988038,.jpg"
satellite_40.7814648233_-73.9524522326.png,"oWBZxHhetCNvOOLyHBTSpQ,40.781483,-73.952336,.jpg"
satellite_40.7483295056_-73.9935883158.png,"vIBEWuJ1WY1OHNBISQjk7A,40.748234,-73.993801,.jpg"
satellite_40.7693261426_-73.9537512668.png,"M1DxvUJYmXfElDEXtNTq4A,40.769451,-73.953833,.jpg"
satellite_40.7686699977_-73.9663085975.png,"JxZreUUPNiPfE6pON4BM9Q,40.768737,-73.966164,.jpg"
satellite_40.7437364913_-73.9844950764.png,"Nqs5Gf8axuPVmmRtQgSXag,40.743575,-73.984664,.jpg"
satellite_40.724708289_-73.9996504755.png,"taz17I0RtgJw4-6XANa18Q,40.724745,-73.999592,.jpg"
satellite_40.7745753018_-73.9463900729.png,"h1__S1OrqMfEPxCb7vHUQQ,40.774710,-73.946330,.jpg"
satellite_40.7404557668_-73.9771338825.png,"9RrbxWX6Lz0MN8p5DA-bvg,40.740457,-73.977254,.jpg"
satellite_40.7443926362_-73.9961863842.png,"GzlhCmjA7_AN1Cuelddvzw,40.744312,-73.996121,.jpg"
satellite_40.7591558966_-73.9771338825.png,"YXrjOKIUYZoxZ8shv7OL7Q,40.759254,-73.976944,.jpg"
satellite_40.7256925064_-73.9879591676.png,"kdQkIC2h2x1yXonNL0QMTQ,40.725585,-73.987979,.jpg"
satellite_40.7115853909_-74.0148058746.png,"iy0XCFTP9QYbCgXRr3sGKg,40.711439,-74.014878,.jpg"
satellite_40.7371750422_-73.9853610992.png,"4Bjs7qRSbwR1PCtov2dLXg,40.737245,-73.985172,.jpg"
satellite_40.7614524037_-73.9719377457.png,"_S5cyMMXWtL7crrp33eVCw,40.761294,-73.972107,.jpg"
satellite_40.7197872023_-73.9909902474.png,"fq1vxd10zSpPeaSOg3vSLA,40.719898,-73.991079,.jpg"
satellite_40.7775279539_-73.9784329167.png,"dCYNZFXXhk76rk0svX4ywA,40.777686,-73.978616,.jpg"
satellite_40.7801525335_-73.9715047343.png,"xgTprp0ny2-3h3VcA7djNw,40.780200,-73.971390,.jpg"
satellite_40.7525944475_-73.9875261562.png,"weh9YE9YVa07_0Yj6_VuSg,40.752730,-73.987397,.jpg"
satellite_40.7427522739_-74.0039805895.png,"YKa5OI0mTMfRShXH0zN5Jg,40.742772,-74.004100,.jpg"
satellite_40.7302855207_-73.9857941106.png,"yLh3FnbJm3lM9Zfo7z-Jwg,40.730204,-73.985951,.jpg"
satellite_40.7322539555_-74.0057126351.png,"lfHHPQ2j04krVazoSLWndA,40.732392,-74.005707,.jpg"
satellite_40.7384873321_-73.9974854185.png,"zMrjT6XCNJYbSj7mQvZHSA,40.738461,-73.997326,.jpg"
satellite_40.7562032445_-73.9992174641.png,"3QdeG7kR0TiFr3uVTAYWdg,40.756327,-73.999311,.jpg"
satellite_40.7378311871_-73.9996504755.png,"wt-SjQJwkFdU0ZSfkTC4dA,40.737703,-73.999802,.jpg"
satellite_40.7411119117_-73.9875261562.png,"pMCMS34_TbzWMiu12ur8Rw,40.741250,-73.987714,.jpg"
satellite_40.7735910845_-73.9559163238.png,"6kGt9eq8h68_wK5FMBWzjg,40.773648,-73.955854,.jpg"
satellite_40.7801525335_-73.9494211527.png,"muOQ6tp8ymqro2SMpSuPHw,40.780226,-73.949378,.jpg"
satellite_40.7611243313_-73.9671746203.png,"XM_yfkK4NxWLDMeJASQ8KQ,40.760993,-73.967015,.jpg"
satellite_40.7634208385_-73.9671746203.png,"nhFOemd59lb9zJ6EtDymkw,40.763331,-73.967387,.jpg"
satellite_40.7617804762_-73.9619784834.png,"8t5aP7UHnM_yiQWPh_QeLw,40.761847,-73.962154,.jpg"
satellite_40.7771998815_-73.9710717229.png,"j0KsJs_BeOK6F31CnSu4xA,40.777339,-73.970868,.jpg"
satellite_40.7132257532_-73.9979184299.png,"IMZoGkNmVM2HeqlsjA14Ew,40.713142,-73.998113,.jpg"
satellite_40.7670296354_-73.9940213272.png,"DgjyT6rRKMma7xNVY3MyUw,40.767187,-73.993830,.jpg"
satellite_40.7315978105_-73.9931553044.png,"sLoIWgT794uMIRDKCQPcdA,40.731739,-73.993291,.jpg"
satellite_40.7302855207_-73.9935883158.png,"rTKurLygwA0C4-ChkmTZUg,40.730439,-73.993693,.jpg"
satellite_40.704367797_-74.0057126351.png,"9ReI8B0zIlFHrLQvlYCoOw,40.704369,-74.005719,.jpg"
satellite_40.7663734905_-73.9844950764.png,"qoUqrbx75VxmIJ4sFqW-jg,40.766532,-73.984492,.jpg"
satellite_40.7575155343_-73.9970524071.png,"n3ETGy-8UWfZH7AAmpee7A,40.757543,-73.997015,.jpg"
satellite_40.7256925064_-73.9922892816.png,"BxugyUnH4lNZ7reczw22RA,40.725736,-73.992109,.jpg"
satellite_40.755875172_-74.0018155325.png,"zsgtbtZghQxRPtf39goDGQ,40.755716,-74.001818,.jpg"
satellite_40.7151941879_-74.0165379202.png,"gOivkgghu0obAcYtIdyWjQ,40.715301,-74.016360,.jpg"
satellite_40.7132257532_-74.0143728632.png,"3E5VI9jeqYBag4ZQNlRtlw,40.713225,-74.014415,.jpg"
satellite_40.75292252_-73.9676076317.png,"ec41C31XTCU7FjTbZjF8eg,40.752898,-73.967687,.jpg"
satellite_40.7102731011_-74.0165379202.png,"2sPRk2K6URCfH1GfzrlbmA,40.710162,-74.016712,.jpg"
satellite_40.7739191569_-73.9857941106.png,"O4_MPfDch_wB9v0N_P4AFw,40.773810,-73.985970,.jpg"
satellite_40.7214275645_-73.9779999053.png,"VB78XnKrUiWpE-cMV0pGrQ,40.721438,-73.978154,.jpg"
satellite_40.763092766_-73.9953203614.png,"VcDjnksF2faBG8Aw_Sirqw,40.762941,-73.995423,.jpg"
satellite_40.7680138528_-73.9663085975.png,"HPpgdKrXUDDjbyuXvG5JYg,40.767889,-73.966290,.jpg"
satellite_40.7161784053_-73.9979184299.png,"u5s-9qftwicHcwQmo0e1Xw,40.716294,-73.998092,.jpg"
satellite_40.7122415358_-74.0109087719.png,"l8YdXzX333IorkGY6W848Q,40.712394,-74.010799,.jpg"
satellite_40.7243802166_-73.9779999053.png,"Di_e8_ZgoSEP1N5q9FCWXg,40.724531,-73.978005,.jpg"
satellite_40.7092888838_-74.0018155325.png,"4tzGlKsdmF91zINWFSMg8w,40.709339,-74.001862,.jpg"
satellite_40.7296293758_-73.9953203614.png,"1WhpgnQVhqN-SKO0n14ffQ,40.729700,-73.995392,.jpg"
satellite_40.7450487811_-73.9866601334.png,"Cu8u1AmCsjzq3C6MGn81Ug,40.745195,-73.986599,.jpg"
satellite_40.7696542151_-73.9775668939.png,"Oxes0nGCnVz7n7BQeh1nbA,40.769631,-73.977441,.jpg"
satellite_40.7201152747_-73.9909902474.png,"W9yjg4nreTHamWwNqBDQyg,40.719982,-73.991037,.jpg"
satellite_40.7601401139_-73.9788659281.png,"z-HxCcx1OA87U6nt-JCr5Q,40.760130,-73.979013,.jpg"
satellite_40.755875172_-74.0057126351.png,"2YrOgIpWUivlCYWkabZl2w,40.755967,-74.005830,.jpg"
satellite_40.7509540853_-74.0039805895.png,"hahyU_OPXg2QIzz9k_v5BQ,40.750888,-74.003925,.jpg"
satellite_40.7775279539_-73.9749688255.png,"T6ghQfS-aJwLmHLP-jF0Fw,40.777499,-73.975024,.jpg"
satellite_40.7624366211_-73.9658755861.png,"sBHDErusMpyvGEmueRHkWA,40.762576,-73.965840,.jpg"
satellite_40.7099450287_-74.0005164983.png,"bvsqkB69as0fR2nlJi6ldw,40.709867,-74.000660,.jpg"
satellite_40.7073204491_-74.0083107035.png,"-HN6kFxsjZ4z97AnpBLJog,40.707160,-74.008348,.jpg"
satellite_40.7752314467_-73.9715047343.png,"Rz6JlJnX-20UpSdnPWf3aA,40.775308,-73.971337,.jpg"
satellite_40.7817928958_-73.9567823466.png,"5Dpm6DxiXYxoquq1cOrDjg,40.781637,-73.956617,.jpg"
satellite_40.7545628822_-73.9918562702.png,"5a-8U3pdbL0OrSzCqp9bEQ,40.754408,-73.991850,.jpg"
satellite_40.7660454181_-73.9715047343.png,"n7I4qadZ5sBsZDxpBepN9Q,40.766083,-73.971483,.jpg"
satellite_40.7289732309_-73.9767008711.png,"GbST2K3pesaKwNWgJajSRQ,40.728858,-73.976665,.jpg"
satellite_40.7076485215_-74.013073829.png,"og1b-UH6Hreqr0i3GgVACA,40.707585,-74.013108,.jpg"
satellite_40.7742472294_-73.9909902474.png,"uBaS3alTDc3YbyXQj6uN4Q,40.774230,-73.990813,.jpg"
satellite_40.7699822875_-73.9628445062.png,"d4O87rbhHhpxXIasQFEb1A,40.769857,-73.962977,.jpg"
satellite_40.7621085486_-73.9931553044.png,"bSB4YXI-b-hGDAKzDYFsNg,40.762075,-73.993334,.jpg"
satellite_40.7352066075_-74.0048466123.png,"mAP77Twrs-66Df0EkO3aVQ,40.735211,-74.004910,.jpg"
satellite_40.7476733607_-74.0022485439.png,"yRv3QPBSzDKwcYAiozyMlQ,40.747787,-74.002322,.jpg"
satellite_40.7739191569_-73.992722293.png,"EvqqV18zvQ_BQgERqS2NqQ,40.774016,-73.992738,.jpg"
satellite_40.7598120415_-73.9611124606.png,"cDIaBmmYOGLSBGGjaq_AaA,40.759710,-73.960898,.jpg"
satellite_40.7778560264_-73.9875261562.png,"-xx8XFjb8HHmutRTXvoxYg,40.777907,-73.987731,.jpg"
satellite_40.7237240717_-73.9814639966.png,"8ZX8LIh1kqFuQUgoVSUNbQ,40.723570,-73.981320,.jpg"
satellite_40.7460329985_-73.9719377457.png,"qakCMlC7TQE3q3k4HKDaRg,40.745987,-73.971741,.jpg"
satellite_40.7023993623_-74.0126408176.png,"T60lRDGSm3J12Pgj8YylDA,40.702503,-74.012690,.jpg"
satellite_40.7174906951_-74.0035475781.png,"tFDBic6Su6Y6AfB5QIOLdA,40.717531,-74.003473,.jpg"
satellite_40.7827771132_-73.9667416089.png,"-IpTCt38UTdw_sCw16wxRA,40.782714,-73.966655,.jpg"
satellite_40.7384873321_-73.9784329167.png,"NQ6adhXSNjJ57ZXm4wxqTw,40.738487,-73.978338,.jpg"
satellite_40.7562032445_-73.9654425746.png,"NSeIuEI5cRu3AmfwumVERw,40.756105,-73.965591,.jpg"
satellite_40.7617804762_-73.9693396773.png,"3PmwZCEohILKKf8GSE_Nqw,40.761824,-73.969152,.jpg"
satellite_40.7617804762_-73.9866601334.png,"y0yLZh3eHbkqGyMNx0bwsg,40.761688,-73.986539,.jpg"
satellite_40.7824490407_-73.9827630308.png,"RKA91BkPsXqpndlNqF-6-w,40.782549,-73.982942,.jpg"
satellite_40.7814648233_-73.9606794492.png,"igetVEAmpXSbuudSraG_Og,40.781368,-73.960535,.jpg"
satellite_40.7214275645_-73.9992174641.png,"fz5joHqIf8vd2uJjW5moQw,40.721483,-73.999168,.jpg"
satellite_40.7148661155_-74.0009495097.png,"b99rwjhM_3L09jmV2Ol4EQ,40.714709,-74.001147,.jpg"
satellite_40.7233959992_-73.9974854185.png,"lmwEsbrVZzPuUuXh8mE0yQ,40.723437,-73.997328,.jpg"
satellite_40.7460329985_-73.9983514413.png,"PYG2FdCiOSMadT06i4FfAQ,40.746045,-73.998391,.jpg"
satellite_40.7670296354_-73.9896912132.png,"00wu1mWpwCCZ5lP4xNJ4yg,40.767023,-73.989553,.jpg"
satellite_40.73553468_-73.9797319509.png,"uMyb3iqgXDiZ3H_r-HBUwQ,40.735696,-73.979706,.jpg"
satellite_40.7699822875_-73.9576483694.png,"DGFAu81a-iNNWXIVHFjLQw,40.770025,-73.957488,.jpg"
satellite_40.7614524037_-73.9641435404.png,"Lc4xgM46LcBSJCJmXV7-wA,40.761324,-73.964079,.jpg"
satellite_40.7089608113_-74.0026815553.png,"Ze5FZr5nzQtUrHgHG8CERA,40.708850,-74.002495,.jpg"
satellite_40.7506260128_-74.0031145667.png,"uvfbsbIuOrLJRH14Xz8slw,40.750467,-74.002931,.jpg"
satellite_40.7460329985_-73.9784329167.png,"8vWowbX6X2diKbOrOwhG5Q,40.745883,-73.978486,.jpg"
satellite_40.7476733607_-74.0078776921.png,"-MBr8lBUN7iwc1EhXx5RfA,40.747831,-74.007685,.jpg"
satellite_40.7686699977_-73.9554833124.png,"iU3SPljQB86bUNT1Veibvw,40.768605,-73.955421,.jpg"
satellite_40.7568593894_-73.9641435404.png,"F95TO6vHwPMfaUkVt1Cc2A,40.756856,-73.963991,.jpg"
satellite_40.7312697381_-73.9888251904.png,"_UYuE7KYJtJCtCEK0s6xJQ,40.731323,-73.988616,.jpg"
satellite_40.7384873321_-73.9875261562.png,"uTRBV_c-dcBQg-eECYdGaA,40.738552,-73.987631,.jpg"
satellite_40.7250363615_-74.0065786579.png,"lbupqKLL6jnwJFs_BLnhBw,40.725101,-74.006573,.jpg"
satellite_40.7404557668_-73.9979184299.png,"uCkKTqTG70Bjr_bw2OTtOw,40.740302,-73.997852,.jpg"
satellite_40.7424242015_-73.9857941106.png,"_8IgD5eEqKYbsXBoQklFtw,40.742502,-73.985940,.jpg"
satellite_40.7808086784_-73.9844950764.png,"Ze5TntA2yGoXaUnLjrR1pw,40.780699,-73.984452,.jpg"
satellite_40.7250363615_-74.0078776921.png,"wJjfxD2vCUyLgaNNO5lDIg,40.724915,-74.007725,.jpg"
satellite_40.7279890136_-73.9805979737.png,"4WyT-UC0NWVq_MuryCmZoQ,40.727987,-73.980716,.jpg"
satellite_40.7578436068_-73.9953203614.png,"PJj6k1Jm0K41Wb8_3nMHkQ,40.757903,-73.995406,.jpg"
satellite_40.7112573185_-73.9792989395.png,"lR09MBopB-jpyNiFeXbkog,40.711216,-73.979353,.jpg"
satellite_40.763092766_-73.959380415.png,"AW5LiLm8Tqqir8Q3NaXZiQ,40.763162,-73.959390,.jpg"
satellite_40.7696542151_-73.9559163238.png,"evAHG3kcpfUK98iRDPH09g,40.769503,-73.955918,.jpg"
satellite_40.7650612007_-73.9792989395.png,"hAcIqCnqPrhMVCbUtU7PJw,40.765140,-73.979106,.jpg"
satellite_40.7470172158_-73.9689066659.png,"rSktvFNl6FHNz9ecoDaF_g,40.747170,-73.969067,.jpg"
satellite_40.7397996219_-73.9797319509.png,"nTV_kwqc6zUFqX7A0dSNGg,40.739686,-73.979618,.jpg"
satellite_40.7106011736_-74.0022485439.png,"8RyEnCqrf5pP7HmlUHW36A,40.710765,-74.002063,.jpg"
satellite_40.7611243313_-73.9771338825.png,"mCVcEVATbJAyk9WtQn4XkA,40.760965,-73.977127,.jpg"
satellite_40.7624366211_-73.9606794492.png,"AnbOz6_W_rb6F8Fmp-skOA,40.762346,-73.960676,.jpg"
satellite_40.7706384324_-73.9940213272.png,"46sNwJvb5tA23-ZwHd4GUg,40.770611,-73.994172,.jpg"
satellite_40.7309416656_-74.0070116693.png,"tnVJTuoxb8afvkULzPjs-g,40.730994,-74.007168,.jpg"
satellite_40.7545628822_-73.9836290536.png,"_r6yHPmolUSyZPRO_OPoog,40.754599,-73.983530,.jpg"
satellite_40.7709665049_-73.9533182554.png,"WW1B1UwOtSvOIwpZtCS8jA,40.770962,-73.953501,.jpg"
satellite_40.7617804762_-73.9844950764.png,"bXyZ8uzMlFCShjMc52UyKg,40.761691,-73.984683,.jpg"
satellite_40.7699822875_-73.9533182554.png,"TawzE3o_sIhutP3iBcGz4A,40.770127,-73.953474,.jpg"
satellite_40.7765437366_-73.9888251904.png,"iXzp4N3G-bKrBUDnQF6Yhw,40.776626,-73.988650,.jpg"
satellite_40.7552190271_-73.9715047343.png,"-iTpT7gdEg84t9rrqiteEg,40.755238,-73.971293,.jpg"
satellite_40.7496417954_-73.9892582018.png,"_-RmuaqIkhpC81CRThBh2Q,40.749515,-73.989200,.jpg"
satellite_40.7089608113_-74.0122078062.png,"9YTiQ0b7KPpiCCF385zGtQ,40.708931,-74.012195,.jpg"
satellite_40.7453768536_-73.9771338825.png,"1-ICCM3Df7nmVC3AxuW5nw,40.745287,-73.977011,.jpg"
satellite_40.7411119117_-74.0061456465.png,"FwWvorWuj8Mbn4ioDWqvzA,40.741194,-74.005961,.jpg"
satellite_40.7722787947_-73.9481221185.png,"VdvwV2JZvZze2vZDPHntGg,40.772232,-73.948329,.jpg"
satellite_40.739143477_-73.9728037685.png,"ziz6V-rEKp8DO2pxpN2gAw,40.739279,-73.973014,.jpg"
satellite_40.7201152747_-73.9771338825.png,"0WmicaKb5Gj-epk0XxoSdg,40.720151,-73.976987,.jpg"
satellite_40.7614524037_-73.9710717229.png,"sj7_TCJRXr7DqEnxlDqPJg,40.761608,-73.970877,.jpg"
satellite_40.7827771132_-73.955050301.png,"OZql2XCoRlyOFimdHNm8Dg,40.782614,-73.955018,.jpg"
satellite_40.7125696083_-73.9805979737.png,"NupJ_eohNynD_Tm0suTngg,40.712512,-73.980754,.jpg"
satellite_40.7788402437_-73.9585143922.png,"5HejE-lX-3O7jihYwXsi0Q,40.778982,-73.958428,.jpg"
satellite_40.7621085486_-73.9697726887.png,"H-u9QADsAq9xZ5aXbVq08g,40.762194,-73.969982,.jpg"
satellite_40.7102731011_-74.015238886.png,"PSO3oXXv_Sbyat4xtIqFng,40.710334,-74.015028,.jpg"
satellite_40.7584997517_-74.0005164983.png,"oTPfI4RRTz3jDXeeCGc4_g,40.758365,-74.000568,.jpg"
satellite_40.7604681864_-73.9676076317.png,"rJJLlPN07sV0fVAm4NK62g,40.760319,-73.967655,.jpg"
satellite_40.7785121713_-73.9792989395.png,"FZKcQZI52oWx5c9YouBjug,40.778591,-73.979449,.jpg"
satellite_40.7640769834_-73.9844950764.png,"UviqBjL79WlETvcgNKRI-Q,40.764103,-73.984575,.jpg"
satellite_40.7814648233_-73.9650095632.png,"8GEdYr7XXwzJEZ8pDa3SnA,40.781333,-73.964925,.jpg"
satellite_40.7401276943_-73.9992174641.png,"Orn3ANJ-n9dQOfCsnNcGcQ,40.740010,-73.999024,.jpg"
satellite_40.7699822875_-73.959380415.png,"Mc60uS8H9oRu8iSYA5zYRg,40.770040,-73.959188,.jpg"
satellite_40.7680138528_-73.9814639966.png,"zkuf05b_cpWNk9crdqYZ6Q,40.767927,-73.981314,.jpg"
satellite_40.7765437366_-73.9580813808.png,"e8s__tZw-Sq56x0vBIqYow,40.776408,-73.958251,.jpg"
satellite_40.7598120415_-73.9767008711.png,"DNiHgtoO2dWiho6srxouyw,40.759965,-73.976690,.jpg"
satellite_40.7542348098_-73.9996504755.png,"GjNOTqIhvOSaI6Yt7pOCzg,40.754115,-73.999480,.jpg"
satellite_40.7037116521_-74.0169709316.png,"AHxV1BUmL1g6x6wfYSJ9Vg,40.703799,-74.016766,.jpg"
satellite_40.7132257532_-73.9992174641.png,"ACrlG_DHWtn8SkVYDYAMig,40.713268,-73.999061,.jpg"
satellite_40.7335662453_-73.9931553044.png,"zicE9u-VyOugEtt5OIU1PQ,40.733591,-73.993079,.jpg"
satellite_40.7627646935_-73.9680406431.png,"Ptn4sgCtaCsehR2jzMpBVg,40.762664,-73.967858,.jpg"
satellite_40.7056800868_-73.9966193957.png,"5C_-lg8sp1xjcXoN9tBbTQ,40.705834,-73.996635,.jpg"
satellite_40.7745753018_-73.9775668939.png,"t5bijORJ1xJvIrPJis-7qw,40.774457,-73.977752,.jpg"
satellite_40.7562032445_-73.9797319509.png,"pQkwMwk1wrcEDlGkWmymCw,40.756297,-73.979646,.jpg"
satellite_40.7309416656_-73.9935883158.png,"hPo4asBNBQwXOIU0WJwYqA,40.731079,-73.993553,.jpg"
satellite_40.7581716792_-73.9970524071.png,"EXByvmyFJfSCM8MUDaJv1A,40.758014,-73.997030,.jpg"
satellite_40.7581716792_-73.9892582018.png,"Iaplw-7aYHnwUnt_lWdz1w,40.758164,-73.989113,.jpg"
satellite_40.7693261426_-73.959380415.png,"SGOJ73-5NS6HG8Hsewg6NQ,40.769188,-73.959274,.jpg"
satellite_40.7771998815_-73.9520192212.png,"zhiW5671XpcfLOzVDoUdQw,40.777285,-73.952208,.jpg"
satellite_40.7745753018_-73.9719377457.png,"yCZYtTHetSjjIGR5U1fEXA,40.774496,-73.972093,.jpg"
satellite_40.7132257532_-73.9901242246.png,"dXQkcLqb6JJTzbUdJHDYtw,40.713378,-73.990253,.jpg"
satellite_40.7178187675_-73.9922892816.png,"zSUIHyi3n5XjAaifbo54aQ,40.717664,-73.992228,.jpg"
satellite_40.7371750422_-73.9870931448.png,"AgiSSRv57rVF1Xuf8oQamg,40.737282,-73.987074,.jpg"
satellite_40.7604681864_-73.9909902474.png,"GxWQjOmeIOu7MCGtLEpLmg,40.760339,-73.991197,.jpg"
satellite_40.7306135932_-74.0091767263.png,"l21Ochb-DYk1aYUc-Ohwnw,40.730482,-74.009073,.jpg"
satellite_40.7791683162_-73.9689066659.png,"6najtMw90cLmokhCi-Bgjg,40.779045,-73.968816,.jpg"
satellite_40.7171626226_-73.9966193957.png,"fMCoe--q9Bq0M2NDKXWLnA,40.717189,-73.996586,.jpg"
satellite_40.7115853909_-73.9931553044.png,"gmPDI3L6Hrn-5nsvetDABw,40.711434,-73.993265,.jpg"
satellite_40.7680138528_-73.9559163238.png,"7-ZVm4l_8qtTyK-Ypk7uTA,40.767926,-73.955914,.jpg"
satellite_40.7066643041_-74.0078776921.png,"MSL2EALZ7j3GHidP_o3FWg,40.706756,-74.007706,.jpg"
satellite_40.7647331283_-73.9762678597.png,"GBY0_oPXGwwli2408mT9sw,40.764870,-73.976388,.jpg"
satellite_40.7397996219_-74.0026815553.png,"uU8O0PuntVOwxGMmGa4Ajw,40.739845,-74.002713,.jpg"
satellite_40.7781840988_-73.9762678597.png,"pR1n11o8wAevLO3CUgYW1g,40.778063,-73.976243,.jpg"
satellite_40.7430803464_-73.9775668939.png,"jUvPq0wTOJES3hN09_3QCQ,40.742945,-73.977446,.jpg"
satellite_40.7325820279_-73.9940213272.png,"ThgzL_yvVG0O0R1Ucpt1mw,40.732534,-73.993988,.jpg"
satellite_40.7539067373_-73.9771338825.png,"jhC04xQFhfUuLFlOxLoUIg,40.753916,-73.977110,.jpg"
satellite_40.7811367509_-73.9624114948.png,"hMFfdh6KsVL_x9Rrxge4_w,40.781048,-73.962212,.jpg"
satellite_40.7033835796_-74.0169709316.png,"YAM7jIDJOjSfoNy2RKDIjg,40.703462,-74.017145,.jpg"
satellite_40.7302855207_-73.9875261562.png,"GfjVM4hg4U3w8JYBYbvxtQ,40.730123,-73.987652,.jpg"
satellite_40.7253644339_-73.9866601334.png,"UYrV2S0VLbfSX0kaH3SqMQ,40.725526,-73.986812,.jpg"
satellite_40.7076485215_-74.017403943.png,"YPhoodpymaA56WycxSGgpw,40.707579,-74.017375,.jpg"
satellite_40.7358627524_-74.0022485439.png,"3tXaZ-SgTHArfN-6YqJfqA,40.735704,-74.002306,.jpg"
satellite_40.7286451585_-74.0052796237.png,"15PYrwSczOWvWlfETFK2aw,40.728608,-74.005377,.jpg"
satellite_40.7502979403_-73.9719377457.png,"pZ4CPOsf2a0wuB52ZdbW6Q,40.750189,-73.971933,.jpg"
satellite_40.7689980701_-73.9797319509.png,"d4CdTX2vqTCtWsnYXQlSCg,40.768886,-73.979795,.jpg"
satellite_40.7434084188_-73.9728037685.png,"iBUOUvjHvxfsCRf8Om65Lg,40.743539,-73.972928,.jpg"
satellite_40.7466891434_-73.9767008711.png,"CiIS99Yn9MVwiHowrfuS9w,40.746732,-73.976506,.jpg"
satellite_40.7473452883_-74.0057126351.png,"IrGg1r6lLM2oG41kniwINA,40.747500,-74.005738,.jpg"
satellite_40.7273328687_-73.9935883158.png,"gAX2Qc6qY4MQ4nU1r5PQXw,40.727314,-73.993687,.jpg"
satellite_40.724708289_-73.99488735.png,"mxW8XOHOxK37f0SQgMpA4w,40.724821,-73.994743,.jpg"
satellite_40.7443926362_-74.0070116693.png,"G2ADVH7bPYx_fMEYobGP7A,40.744431,-74.006988,.jpg"
satellite_40.7240521441_-74.0048466123.png,"m19rg6CFpJKWiyJ82DgEGg,40.723952,-74.004679,.jpg"
satellite_40.7194591298_-73.9836290536.png,"I-CrJBoqG_mQV7o_KaXOpQ,40.719607,-73.983826,.jpg"
satellite_40.7791683162_-73.9576483694.png,"t1BNJ1FGu4rW2WThshLKtg,40.779195,-73.957815,.jpg"
satellite_40.7794963886_-73.9875261562.png,"EA_zfpr5f8MKnASjXlvyPg,40.779420,-73.987670,.jpg"
satellite_40.7463610709_-74.0013825211.png,"OyNfqQiYra3VRenGQnP-mQ,40.746370,-74.001466,.jpg"
satellite_40.7729349396_-73.9576483694.png,"KtAgsTzZ2xXC7FYuQ1R2bg,40.772785,-73.957818,.jpg"
satellite_40.7220837094_-74.0087437149.png,"WLywNa_jJbJc3E8oSgpYzA,40.722033,-74.008704,.jpg"
satellite_40.7128976807_-73.9974854185.png,"PNLXp92hbU4ueTVT5eVKJA,40.712767,-73.997479,.jpg"
satellite_40.721755637_-73.9901242246.png,"2P5g3kTPt760ar6YM2e4uQ,40.721837,-73.990096,.jpg"
satellite_40.7046958694_-74.0169709316.png,"gFoQeokKtNpnEwQYLhDbEw,40.704554,-74.016843,.jpg"
satellite_40.7224117819_-73.9914232588.png,"lNWDyjLS2oMhMg3CxVvtxw,40.722411,-73.991623,.jpg"
satellite_40.7201152747_-73.9892582018.png,"UH1uVpOVBDNKf2VR4KlEsQ,40.720143,-73.989206,.jpg"
satellite_40.7161784053_-74.0156718974.png,"LXZwgKzkNTMLrbbI2JkZ_A,40.716030,-74.015809,.jpg"
satellite_40.77031036_-73.9598134264.png,"fAseedrVt4bPLln-4Aze4Q,40.770303,-73.959807,.jpg"
satellite_40.7296293758_-73.9844950764.png,"pCJjHlxLErKw2YaenUmc0Q,40.729579,-73.984470,.jpg"
satellite_40.7673577079_-73.9624114948.png,"fuXdOwBBMhe6VNGU4psnOw,40.767402,-73.962320,.jpg"
satellite_40.7627646935_-73.9814639966.png,"pZgAV7PJl61sPyD-zyf8rw,40.762785,-73.981460,.jpg"
satellite_40.7447207087_-73.9914232588.png,"dhAZ0K_VOJID3oTD-Z4PPA,40.744778,-73.991380,.jpg"
satellite_40.7329101004_-73.9775668939.png,"91qjWT7_kN0AX_oq6TnK8g,40.732858,-73.977712,.jpg"
satellite_40.7233959992_-74.0091767263.png,"78EPG9RWe3adP9_dcNHBWg,40.723423,-74.009340,.jpg"
satellite_40.7640769834_-73.9762678597.png,"nyotqXxJhBGIFrUgkUi-6Q,40.764008,-73.976424,.jpg"
satellite_40.7742472294_-73.9481221185.png,"oZHE4wPuFIjl4zkl1jdpMA,40.774360,-73.948278,.jpg"
satellite_40.7256925064_-73.9979184299.png,"lOrRRG1wl64fFKSmir5zmw,40.725789,-73.997750,.jpg"
satellite_40.7263486513_-73.9992174641.png,"4DAMVmC8PweNHsTtLY0TFw,40.726418,-73.999025,.jpg"
satellite_40.7699822875_-73.9901242246.png,"YNhWDgznh7n5obXXOtz5Uw,40.769853,-73.990309,.jpg"
satellite_40.7627646935_-73.9576483694.png,"If4gcys73Fs_teY9lUBcGA,40.762620,-73.957446,.jpg"
satellite_40.7637489109_-73.9896912132.png,"xV5fZD-6t2AyUkwpg0Xdmg,40.763876,-73.989821,.jpg"
satellite_40.7584997517_-73.9710717229.png,"8n92EOYViuREGXOymrIeEQ,40.758504,-73.971259,.jpg"
satellite_40.7522663751_-73.986227122.png,"N2ptixG_v59du2CisEr_qg,40.752209,-73.986027,.jpg"
satellite_40.7224117819_-74.0083107035.png,"e7A-2QBgMfCWq0_GfXKdhw,40.722499,-74.008156,.jpg"
satellite_40.7502979403_-73.9888251904.png,"ktVb8oPMvJkbcbqbOgeQvg,40.750290,-73.988928,.jpg"
satellite_40.7771998815_-73.990557236.png,"pkYCN7Y1iHDBkYV94qYvPw,40.777038,-73.990383,.jpg"
satellite_40.7745753018_-73.9697726887.png,"OEQSbeNicFToQlrsIJMpEA,40.774521,-73.969929,.jpg"
satellite_40.7289732309_-73.9792989395.png,"LsfktaLc33lEnGFOdk0ViQ,40.729051,-73.979254,.jpg"
satellite_40.7771998815_-73.9697726887.png,"qlthF-oM_YEPITnZLbcSLg,40.777148,-73.969594,.jpg"
satellite_40.7204433472_-74.0035475781.png,"txilFLfeIe_XC-Qkk2-p1Q,40.720535,-74.003453,.jpg"
satellite_40.7771998815_-73.9541842782.png,"ffx0WPvPni6s8to4qiIX1Q,40.777094,-73.953969,.jpg"
satellite_40.7814648233_-73.9706387115.png,"lOrniX2X28bcb7_pBIszrw,40.781317,-73.970742,.jpg"
satellite_40.7739191569_-73.9805979737.png,"d6m3LKRJbxRpjjo5BvACgQ,40.773920,-73.980387,.jpg"
satellite_40.7617804762_-73.9983514413.png,"IOOC34dkU6SGDYQh9X85MA,40.761813,-73.998549,.jpg"
satellite_40.7194591298_-74.0070116693.png,"q65NiYOtYLRtieFlyGnpKA,40.719312,-74.006905,.jpg"
satellite_40.7624366211_-73.9749688255.png,"fx6Nr1TDJk-Gg_5tb-VFZA,40.762432,-73.974772,.jpg"
satellite_40.7023993623_-74.0165379202.png,"WmHvn8aBbVwSk8rvm-gOAw,40.702408,-74.016724,.jpg"
satellite_40.7286451585_-74.0031145667.png,"eCKEDcCjCxtpJqJX3bmBEg,40.728587,-74.003044,.jpg"
satellite_40.7325820279_-74.0039805895.png,"aa9JHnSozQGQGkk-EV9Wvw,40.732667,-74.003833,.jpg"
satellite_40.7663734905_-73.9663085975.png,"IQ-ZfRGE3Fv1E8G7CGdUVA,40.766363,-73.966337,.jpg"
satellite_40.7384873321_-73.9836290536.png,"SzlS0yBPXoJzVXX42TSUJw,40.738341,-73.983526,.jpg"
satellite_40.7296293758_-74.0039805895.png,"k2hU1wX-GnmIvnAlpZTUCw,40.729759,-74.003911,.jpg"
satellite_40.7125696083_-73.9914232588.png,"lsKScP5AdhURx02wi_7O9w,40.712526,-73.991513,.jpg"
satellite_40.7624366211_-73.9827630308.png,"rP2rYA1iU2b7pTLvCsngoQ,40.762447,-73.982591,.jpg"
satellite_40.7516102302_-73.9844950764.png,"tL_WOkCff580ozmzQ7vsIQ,40.751694,-73.984459,.jpg"
satellite_40.7092888838_-74.0122078062.png,"cGUKKlkwyAcqo1YPXNHdOw,40.709162,-74.012046,.jpg"
satellite_40.7201152747_-74.0026815553.png,"rDrKsXceNFKTmt_zourpPg,40.720002,-74.002719,.jpg"
satellite_40.7719507222_-73.9870931448.png,"m_X0ID07sF9ygt-9NNffuw,40.771897,-73.987229,.jpg"
satellite_40.7496417954_-74.0044136009.png,"EtxOld2aJMXUo__O-5_1ow,40.749511,-74.004498,.jpg"
satellite_40.7358627524_-74.0057126351.png,"H28HSTHvm4W_OvjbLi9JlA,40.735894,-74.005710,.jpg"
satellite_40.739143477_-73.9992174641.png,"yjkuJzIpnnHVijWaB-ci3g,40.739008,-73.999359,.jpg"
satellite_40.7660454181_-73.9914232588.png,"IiPL7a2Y629bCsS7mTJQQw,40.766105,-73.991271,.jpg"
satellite_40.7778560264_-73.9901242246.png,"DG7K3dfKaOu4Mig7lGPrhQ,40.777711,-73.990057,.jpg"
satellite_40.7188029849_-73.9914232588.png,"fIlzRrmPBN0-jxzO9BpRAw,40.718947,-73.991568,.jpg"
satellite_40.7132257532_-73.9853610992.png,"6V9r5vPhQj4Z3FpT0hN_lw,40.713331,-73.985150,.jpg"
satellite_40.7230679268_-73.9896912132.png,"aV4zAuCxLLkszL9Utv9hWg,40.723177,-73.989638,.jpg"
satellite_40.7555470996_-73.9931553044.png,"LR9K8fptkejR0nqzBsfEow,40.755425,-73.993329,.jpg"
satellite_40.7640769834_-73.9844950764.png,"IaHckgbshfByFrJaPzE1ug,40.764006,-73.984347,.jpg"
satellite_40.7539067373_-73.9805979737.png,"8YsOuw9m55BSZZyR_2ZxIQ,40.753747,-73.980691,.jpg"
satellite_40.7440645637_-73.9931553044.png,"JRwgWX1MiN2OBi78prOTDg,40.743931,-73.993196,.jpg"
satellite_40.7509540853_-73.9689066659.png,"OUYnYZlv-j6knQkp1N0iXQ,40.751001,-73.969027,.jpg"
satellite_40.7647331283_-73.9684736545.png,"EAmdnvRpxL_ye0d0aGm3QQ,40.764812,-73.968489,.jpg"
satellite_40.7525944475_-73.9814639966.png,"3dV50Z_428KwQngLta6vqQ,40.752511,-73.981604,.jpg"
satellite_40.7588278241_-73.9797319509.png,"1-p8_mSK8wNqN9jmornRKA,40.758746,-73.979630,.jpg"
satellite_40.7781840988_-73.9879591676.png,"YbO00FjySI8IkbfQ9J5Tzw,40.778023,-73.988166,.jpg"
satellite_40.7266767238_-74.0096097377.png,"FViZvBSPXlRmRNQ_B8ed1A,40.726629,-74.009812,.jpg"
satellite_40.7624366211_-73.9619784834.png,"V16JEzehPWV-mogi1YqoCQ,40.762356,-73.961807,.jpg"
satellite_40.714538043_-73.9853610992.png,"EBDJnNcVYp8zcNf_puh1xA,40.714483,-73.985204,.jpg"
satellite_40.7089608113_-73.9974854185.png,"04xtghl5SBGKvF-3xQmv6Q,40.708912,-73.997575,.jpg"
satellite_40.7279890136_-74.0013825211.png,"KSsSKkEVoxaCQ-N8is9lCg,40.727883,-74.001217,.jpg"
satellite_40.7755595192_-73.9827630308.png,"G_S8xHAp37-zkX_fInn1gQ,40.775666,-73.982597,.jpg"
satellite_40.7470172158_-73.992722293.png,"Sx5QzhrZbWmxoJ1UNLEoIQ,40.746883,-73.992514,.jpg"
satellite_40.7742472294_-73.9771338825.png,"WIuuLl9vVXzkfyjGd6razA,40.774208,-73.977009,.jpg"
satellite_40.7276609411_-74.0005164983.png,"gucCffE1fCPaHkEH9krOlw,40.727517,-74.000468,.jpg"
satellite_40.7821209683_-73.9619784834.png,"xv4z0AA3kUFtkG1no_DLEA,40.781992,-73.961890,.jpg"
satellite_40.7155222604_-74.0018155325.png,"e9v-sEPQ_7dXJD1t3Ly1Sg,40.715505,-74.001871,.jpg"
satellite_40.7719507222_-73.9654425746.png,"_-ydcXlV7owlG3_Q5QXKHw,40.771984,-73.965302,.jpg"
satellite_40.7588278241_-73.9909902474.png,"N_j68-TQdb4IpHjFyJcvoA,40.758675,-73.991135,.jpg"
satellite_40.7132257532_-73.9805979737.png,"yraESxD9apok6nv3nKYnmg,40.713066,-73.980813,.jpg"
satellite_40.7706384324_-73.9624114948.png,"R6zri6E5GDRuS_LqQGd3Fg,40.770547,-73.962489,.jpg"
satellite_40.7601401139_-73.9866601334.png,"K2r23x7f_0IzMQ2aIEXfYA,40.760112,-73.986754,.jpg"
satellite_40.7096169562_-74.0100427491.png,"k2msmdbcRycWAjGKIThWYw,40.709505,-74.010247,.jpg"
satellite_40.7817928958_-73.9533182554.png,"2M3Gv5yj3h6NIRcY1jAOfg,40.781871,-73.953258,.jpg"
satellite_40.7158503328_-73.9922892816.png,"3nNSb1vtND6NplvIzLawHw,40.715804,-73.992272,.jpg"
satellite_40.7496417954_-73.9953203614.png,"CWgUSKLaMu-0mqmodRHw5w,40.749701,-73.995361,.jpg"
satellite_40.7545628822_-74.0070116693.png,"MpES5-RYQmhpLI0FxecZPQ,40.754401,-74.006978,.jpg"
satellite_40.7683419252_-73.9792989395.png,"a9DpXStvSIGnrbL5_7swTg,40.768493,-73.979445,.jpg"
satellite_40.7640769834_-73.992722293.png,"G-c5waOidgHSsgH4GOF9iQ,40.764240,-73.992674,.jpg"
satellite_40.7325820279_-73.9914232588.png,"QdJ2R04SVVN-p8-dYgY8Pw,40.732520,-73.991457,.jpg"
satellite_40.7296293758_-73.9901242246.png,"oeJFB2qAoZanJrr137U3pA,40.729653,-73.990081,.jpg"
satellite_40.7650612007_-73.992722293.png,"iVrMym8AXv7tVksu7l8Mtg,40.765003,-73.992518,.jpg"
satellite_40.7132257532_-74.0126408176.png,"P6HvKOETBicmva6KCQixfw,40.713242,-74.012686,.jpg"
satellite_40.7119134634_-73.9944543386.png,"rULDpRYAJaCG5c3u4BXQSw,40.712035,-73.994317,.jpg"
satellite_40.7788402437_-73.986227122.png,"vaVVxUwckL2K0EbomrtF5Q,40.778876,-73.986383,.jpg"
satellite_40.7470172158_-73.9732367799.png,"zOWrjGHx15nYT95zluwkwA,40.747169,-73.973028,.jpg"
satellite_40.763092766_-73.9719377457.png,"SgMrV2zDW3Ma16y5a1tjbg,40.763125,-73.971760,.jpg"
satellite_40.7207714196_-74.0070116693.png,"GsjTIgs-cg3Uto0kpquBNg,40.720887,-74.007175,.jpg"
satellite_40.7148661155_-73.9918562702.png,"K4cRAxlyJyyf1S-oVDWqbw,40.714878,-73.991896,.jpg"
satellite_40.776871809_-73.9853610992.png,"9WZr6dZdUb4rvWpA9MYbdQ,40.776946,-73.985421,.jpg"
satellite_40.7122415358_-73.9896912132.png,"VYobVL5yF6hSIZBzDnB2HA,40.712168,-73.989795,.jpg"
satellite_40.7437364913_-73.9953203614.png,"LTkHW-zxTPwOpw8gnio21A,40.743898,-73.995142,.jpg"
satellite_40.7345504626_-74.0031145667.png,"ocw2lxBhuteKdVJ--69sbw,40.734649,-74.003090,.jpg"
satellite_40.7660454181_-73.99488735.png,"by5yd50sr9FnyCtGOXFlSA,40.765908,-73.994707,.jpg"
satellite_40.7188029849_-73.9853610992.png,"5Jkrq13Ld1wmWfwqI7dBMQ,40.718941,-73.985149,.jpg"
satellite_40.7650612007_-73.9702057001.png,"XEB5KlIH2LUfdzB4_0j-jw,40.764955,-73.970414,.jpg"
satellite_40.7535786649_-73.9650095632.png,"qc9n71sCn0HapiOmJ4Plvw,40.753439,-73.965107,.jpg"
satellite_40.7037116521_-74.0083107035.png,"QmQgvaR1n0HECmjvyhMk5A,40.703682,-74.008518,.jpg"
satellite_40.7614524037_-73.9706387115.png,"Ij7ZYM_LkHvkoB8keLUm0A,40.761429,-73.970748,.jpg"
satellite_40.7512821577_-73.9892582018.png,"lCdNl85bmoK0yld6JxBYtw,40.751357,-73.989426,.jpg"
satellite_40.7673577079_-73.9533182554.png,"R4Lk-Qe5xZOyw6gST9XozA,40.767257,-73.953474,.jpg"
satellite_40.7712945773_-73.961545472.png,"mZ1qsIJfToQ7r1UZltbxPQ,40.771406,-73.961492,.jpg"
satellite_40.7591558966_-73.9723707571.png,"gVbwdy1Oa4tN7tGJRBAHWg,40.759303,-73.972293,.jpg"
satellite_40.7634208385_-73.9987844527.png,"ETEqu14wZTNdsZsD3vBQeA,40.763571,-73.998835,.jpg"
satellite_40.7650612007_-73.955050301.png,"wIZ7jZVNruFd4PbB4pmZPw,40.765070,-73.955046,.jpg"
satellite_40.724708289_-73.9728037685.png,"I4KNf96I_sA6Dv9C2iZxKw,40.724802,-73.972835,.jpg"
satellite_40.7174906951_-73.9836290536.png,"Xyionf2TQzQVDOTdrqBSdw,40.717333,-73.983711,.jpg"
satellite_40.7726068671_-73.9533182554.png,"fVJRGcvPNDE0lRCiNphdfA,40.772655,-73.953493,.jpg"
satellite_40.7716226498_-73.9719377457.png,"3mIWnLykoMurvcZ4ivZSvQ,40.771602,-73.971897,.jpg"
satellite_40.7607962588_-73.957215358.png,"tInORHsWmHXcwHtgOqU0Jw,40.760867,-73.957254,.jpg"
satellite_40.7552190271_-73.9987844527.png,"F-ACxJLwm8l1ZPeXoue1Sg,40.755284,-73.998638,.jpg"
satellite_40.7332381728_-73.9849280878.png,"GtyvTxq9cuHnownfB0CreA,40.733280,-73.984999,.jpg"
satellite_40.7073204491_-74.0161049088.png,"QKJhfBNpe8y0yUoFIhq0dw,40.707446,-74.015895,.jpg"
satellite_40.7023993623_-74.0135068404.png,"OADBqRXIqu7ud4jmV8lezA,40.702363,-74.013496,.jpg"
satellite_40.7440645637_-73.9996504755.png,"vuYGi0vpd-fdSELb4FZ7Fw,40.744029,-73.999455,.jpg"
satellite_40.7735910845_-73.9537512668.png,"Vn__wvasatRk_Q0RuwxIbA,40.773678,-73.953736,.jpg"
satellite_40.7801525335_-73.9853610992.png,"tYNadW3zV-eoyLCydLqrDQ,40.780268,-73.985577,.jpg"
satellite_40.7801525335_-73.9494211527.png,"SHh82rOG3gsbi-_cAMghBw,40.780269,-73.949482,.jpg"
satellite_40.7312697381_-73.988392179.png,"fQhnwTH5Gr7QrGbVLs8Jlw,40.731217,-73.988368,.jpg"
satellite_40.7519383026_-73.9754018369.png,"GuOTRAimOfLIZ7GQ8tOQMA,40.752064,-73.975412,.jpg"
satellite_40.7696542151_-73.952885244.png,"uooICtywlfKVdaW4SNBauA,40.769804,-73.952711,.jpg"
satellite_40.7742472294_-73.9437920045.png,"WuOctRDZTOwlNnI8sT3FzA,40.774091,-73.943688,.jpg"
satellite_40.7197872023_-73.9866601334.png,"Kg9QS7REdjcTwdCEjfD9Lw,40.719904,-73.986602,.jpg"
satellite_40.7607962588_-73.957215358.png,"MlyGlEmYydIpGvcuwZApDQ,40.760815,-73.957151,.jpg"
satellite_40.7791683162_-73.9732367799.png,"aB7SM7jBWv6PupLkyN0lkw,40.779095,-73.973321,.jpg"
satellite_40.7693261426_-73.9754018369.png,"Ocbq6bLMzbOY_0DXe_ZZZQ,40.769169,-73.975339,.jpg"
satellite_40.7752314467_-73.9918562702.png,"dc61oOK-8NVWexzLpoLOLA,40.775270,-73.991670,.jpg"
satellite_40.7571874619_-73.9974854185.png,"7VrwGXNifwODelY6FV3v5A,40.757163,-73.997437,.jpg"
satellite_40.7814648233_-73.9853610992.png,"HgrUk3Dhz02Tb7OddR2R2Q,40.781347,-73.985258,.jpg"
satellite_40.7273328687_-74.0035475781.png,"uOh7X05QOZkqvuWXi--Mpg,40.727265,-74.003339,.jpg"
satellite_40.7607962588_-73.9710717229.png,"YTHKbsylh-l-ZnMMAzJS3w,40.760952,-73.971281,.jpg"
satellite_40.7801525335_-73.959380415.png,"BhLqd_5yrz35DsX5j5gtEg,40.780138,-73.959347,.jpg"
satellite_40.7653892732_-73.9909902474.png,"dxTvMkjXyeS3sgUzg-GcTg,40.765531,-73.991180,.jpg"
satellite_40.7571874619_-73.9680406431.png,"PtHC8Ltoz7zBYjhlYyce2w,40.757124,-73.967994,.jpg"
satellite_40.7601401139_-73.9671746203.png,"sMhD_hlfMxOzuLkFvcFHxQ,40.760086,-73.967114,.jpg"
satellite_40.7443926362_-73.9957533728.png,"5VnhStOa0XffF4EjnNyt0Q,40.744241,-73.995578,.jpg"
satellite_40.7128976807_-73.9775668939.png,"xzFJfbYL0HAaXjm0ain7Lw,40.712915,-73.977398,.jpg"
satellite_40.7555470996_-73.9762678597.png,"kJQNKLb8svb1jpZV1CSI3g,40.755661,-73.976161,.jpg"
satellite_40.728317086_-73.9901242246.png,"w8rrSbpkx2fcNDX0BpjvOA,40.728248,-73.990155,.jpg"
satellite_40.7309416656_-73.9961863842.png,"P6pbo0_QCK8mFpjcPqYBrw,40.731100,-73.996349,.jpg"
satellite_40.773263012_-73.9645765518.png,"gihEXtV8fpyisSxmQc_IQw,40.773156,-73.964593,.jpg"
satellite_40.7306135932_-73.9801649623.png,"ROwTlo_h6aDr2De32maTfw,40.730571,-73.980341,.jpg"
satellite_40.7742472294_-73.9922892816.png,"Rdg3T_w0oRbcHZliUPlE5Q,40.774298,-73.992338,.jpg"
satellite_40.7522663751_-74.0083107035.png,"m1OB7DntOA7daztq1woS3A,40.752341,-74.008303,.jpg"
satellite_40.7237240717_-74.0113417833.png,"CV9-CyNJQwkQbhwkgacbMA,40.723610,-74.011380,.jpg"
satellite_40.7188029849_-73.9754018369.png,"QAAnOw35UIs2suHPa2LAHw,40.718779,-73.975554,.jpg"
satellite_40.7099450287_-73.99488735.png,"Q7Ctm7FYOYrWIyufE_8EZQ,40.709975,-73.994903,.jpg"
satellite_40.7565313169_-73.9767008711.png,"Bqg7yRHXBoUNQb4FsqtRsg,40.756560,-73.976540,.jpg"
satellite_40.7115853909_-74.0104757605.png,"WnX3IJIE_ZL9pxGEawB7cQ,40.711454,-74.010293,.jpg"
satellite_40.7621085486_-73.9680406431.png,"lK5vrstl9bXNi7wc_jTi5w,40.762093,-73.967869,.jpg"
satellite_40.7394715494_-73.9788659281.png,"EZ8UQcyTHbfZsx52MVSBHA,40.739464,-73.978743,.jpg"
satellite_40.7548909547_-74.0026815553.png,"kKC7RcEDqzUJDnP0myspHQ,40.754957,-74.002582,.jpg"
satellite_40.7293013034_-74.0109087719.png,"RTyyjnQFiT190O8NFqyVnw,40.729183,-74.010779,.jpg"
satellite_40.7539067373_-73.988392179.png,"fZEHbffsoH1bU_2UfpK9RQ,40.753779,-73.988599,.jpg"
satellite_40.77031036_-73.963710529.png,"ZTN93rQYp5eKcXlsnz2o-Q,40.770249,-73.963905,.jpg"
satellite_40.7706384324_-73.9524522326.png,"mwNjGC6N64pM4SUM1rIPMg,40.770605,-73.952649,.jpg"
satellite_40.7401276943_-73.9866601334.png,"RVBXFX_EbcT5gOooJTMQQQ,40.740095,-73.986502,.jpg"
satellite_40.7588278241_-73.9667416089.png,"cM-oPyfyTd6K-QN8foAgpQ,40.758988,-73.966612,.jpg"
satellite_40.755875172_-73.9767008711.png,"ry_9mYt83dgjea6xXKmLew,40.755810,-73.976513,.jpg"
satellite_40.7174906951_-73.988392179.png,"jJaBimgJv1F4MOJAyJ4oyA,40.717624,-73.988606,.jpg"
satellite_40.7755595192_-73.9857941106.png,"6iqeFvIfQscAebcYtuXyaQ,40.775498,-73.985980,.jpg"
satellite_40.7040397245_-74.0087437149.png,"udzaScCseB4KEs89bsxYYg,40.704052,-74.008916,.jpg"
satellite_40.7473452883_-74.0083107035.png,"sYJcXdr1cns4K8A5Y8Rizw,40.747352,-74.008178,.jpg"
satellite_40.7040397245_-74.0065786579.png,"EDfXl0gz8Z74UvbJAX_DBA,40.703902,-74.006663,.jpg"
satellite_40.7348785351_-73.9966193957.png,"f61JUwrEIXMkeAne9g5vVQ,40.734743,-73.996717,.jpg"
satellite_40.7660454181_-73.9771338825.png,"REHQrNlNAmy8aebnYHu55g,40.766095,-73.977091,.jpg"
satellite_40.7253644339_-73.9762678597.png,"DfHchovPg9oM2tKs8j0GSA,40.725445,-73.976138,.jpg"
satellite_40.7771998815_-73.9602464378.png,"ymwOvwD0-shVf0OELQpAhQ,40.777226,-73.960214,.jpg"
satellite_40.7020712898_-74.0113417833.png,"iOLDiJgrlOuJfS1AFL3rvg,40.702045,-74.011248,.jpg"
satellite_40.7588278241_-74.0039805895.png,"lDqb-Rk6e7x2LcagEFJvDw,40.758678,-74.004138,.jpg"
satellite_40.7607962588_-73.9611124606.png,"1tEDueK5zXz5ixi-DHwTKA,40.760730,-73.961159,.jpg"
satellite_40.7614524037_-73.9866601334.png,"fme-rhuSJZ3Dd0oNowksTA,40.761554,-73.986633,.jpg"
satellite_40.7581716792_-74.0000834869.png,"M8FrV9kn8AJRq_VABKe8pA,40.758278,-74.000080,.jpg"
satellite_40.780480606_-73.9658755861.png,"FLSStdVEs6Fs6LnanqT37w,40.780386,-73.965832,.jpg"
satellite_40.71814684_-74.0104757605.png,"WTiso82HHQSCAMduSV4lKA,40.718109,-74.010444,.jpg"
satellite_40.7680138528_-73.9567823466.png,"pbp5auANCSpde6ZXcZUNNQ,40.768082,-73.956647,.jpg"
satellite_40.7719507222_-73.9702057001.png,"iQv8R9JFGtfsHHdPLUqPkw,40.771797,-73.970312,.jpg"
satellite_40.7135538257_-73.9979184299.png,"WclYSNF_-AqD4tGTzSGPSw,40.713629,-73.997948,.jpg"
satellite_40.7165064777_-74.0035475781.png,"1fGOzxGOEhoOPmDbmXJ9mw,40.716667,-74.003618,.jpg"
satellite_40.7263486513_-73.9754018369.png,"Jj4XmqtL_9q31vMWLUrTYg,40.726405,-73.975445,.jpg"
satellite_40.7266767238_-74.0087437149.png,"9UudExBWMkfS1RkrISEBbQ,40.726740,-74.008748,.jpg"
satellite_40.7171626226_-73.9797319509.png,"QQNHMOJHOzM9iBV-OSzbEA,40.717303,-73.979774,.jpg"
satellite_40.7814648233_-73.9784329167.png,"wz2QPfntWll1eL9AQ_jPpA,40.781515,-73.978504,.jpg"
satellite_40.7716226498_-73.9844950764.png,"eR4vXO04bBLRONZc1hH9-w,40.771509,-73.984349,.jpg"
satellite_40.7765437366_-73.9563493352.png,"-prejQLPzUNtqinuH4Yreg,40.776495,-73.956480,.jpg"
satellite_40.7273328687_-73.9844950764.png,"lYMgHjcrZVK0jZQxE4LwFw,40.727289,-73.984567,.jpg"
satellite_40.780480606_-73.9702057001.png,"HbNiKVQ3Ap8A2c0eBhio0w,40.780607,-73.970398,.jpg"
satellite_40.7539067373_-73.9844950764.png,"5JVLmrbzwDG63JB6HCTdvw,40.754004,-73.984704,.jpg"
satellite_40.7794963886_-73.9814639966.png,"0K7i_iztWYUCYYFviAPyEg,40.779453,-73.981517,.jpg"
satellite_40.7394715494_-73.9901242246.png,"EAsNwAk9SgfmZZBdBw2ivg,40.739312,-73.990079,.jpg"
satellite_40.7443926362_-73.9940213272.png,"BiusUYiTMw3xo5qPy9dbUQ,40.744288,-73.994040,.jpg"
satellite_40.7499698679_-74.0022485439.png,"IKWkVcQTYeOnGL6O58dRaA,40.750126,-74.002406,.jpg"
satellite_40.7345504626_-73.9944543386.png,"wm8lHhtV7pOq7ZIm1FZYiw,40.734713,-73.994559,.jpg"
satellite_40.7168345502_-74.0018155325.png,"ceShuqvSS6npLXj1HyAIyA,40.716891,-74.001958,.jpg"
satellite_40.7460329985_-73.9767008711.png,"K8hN1Jqz01IfYZ9JLgHo6A,40.745938,-73.976544,.jpg"
satellite_40.7188029849_-74.0091767263.png,"YLEi7zb604NzylLE_7oOHQ,40.718702,-74.009341,.jpg"
satellite_40.7069923766_-74.0052796237.png,"hihRTd709mo7ATGEgMqHqQ,40.707055,-74.005130,.jpg"
satellite_40.7371750422_-73.9844950764.png,"lvBof8WSn5Q3EottGgBbuQ,40.737049,-73.984456,.jpg"
satellite_40.739143477_-73.9974854185.png,"5bQ9404HQ5duGzvNTfGPyg,40.739302,-73.997339,.jpg"
satellite_40.7060081592_-74.0061456465.png,"GFSrR90J90NiGbaTbJMCGQ,40.706098,-74.006106,.jpg"
satellite_40.7286451585_-74.0096097377.png,"Qcl5qfTWoO2dRJAVkUBq8Q,40.728666,-74.009431,.jpg"
satellite_40.7168345502_-73.9754018369.png,"gxNHEWVQRaRe0V5PngnIEQ,40.716992,-73.975335,.jpg"
satellite_40.7749033743_-73.9450910387.png,"UKlZ2oDodeEzl9Ee0cDs7w,40.775059,-73.945041,.jpg"
satellite_40.7502979403_-73.9810309852.png,"hxEZD_ZI02a8KmqMQuYV0A,40.750250,-73.980998,.jpg"
satellite_40.7607962588_-73.990557236.png,"STH89WRgK43Rze5ehpXx1Q,40.760956,-73.990719,.jpg"
satellite_40.7240521441_-73.9953203614.png,"uUZzGV_W3VBHNgeYwBCcmg,40.723959,-73.995420,.jpg"
satellite_40.71814684_-74.0000834869.png,"xh0qPknUVo2AurITpwbQiQ,40.718064,-74.000011,.jpg"
satellite_40.7726068671_-73.9667416089.png,"qYJW3NVJYxYmtJxQBLGvVA,40.772628,-73.966922,.jpg"
satellite_40.7578436068_-74.0048466123.png,"wFk4BMbryhMluKaqMtWpaQ,40.757934,-74.004658,.jpg"
satellite_40.7693261426_-73.9632775176.png,"LMoobp9X9J3WB56fEi6rZA,40.769226,-73.963429,.jpg"
satellite_40.7604681864_-73.9567823466.png,"1heaVOQK5pwfrSwQApJLXA,40.760353,-73.956926,.jpg"
satellite_40.7378311871_-74.0005164983.png,"olXZdUTI9rua-8HFVdlPWg,40.737922,-74.000326,.jpg"
satellite_40.71814684_-74.0048466123.png,"UGu9BWws7qdU8kOkM8itXQ,40.718093,-74.004921,.jpg"
satellite_40.7115853909_-73.9814639966.png,"46SvAiDzO88KyipwjE27VQ,40.711467,-73.981573,.jpg"
satellite_40.7378311871_-73.9771338825.png,"zg31kqD81AM8ouIPXBxsmw,40.737948,-73.977054,.jpg"
satellite_40.7414399841_-73.9875261562.png,"SrciL3qbk9iz6nydN0loXw,40.741415,-73.987594,.jpg"
satellite_40.7302855207_-73.9918562702.png,"eHNM-DUeVXL-2S6JGZgnZw,40.730290,-73.991671,.jpg"
satellite_40.7604681864_-73.9918562702.png,"bwiV-7g_1-pf3ZFKZyG6WA,40.760546,-73.991660,.jpg"
satellite_40.7102731011_-73.992722293.png,"87Og_2rmqlecwmRrgH0gRw,40.710310,-73.992603,.jpg"
satellite_40.7745753018_-73.9580813808.png,"qQfDSiw2ilcM8bAGYTNPBw,40.774630,-73.957985,.jpg"
satellite_40.7502979403_-73.9758348483.png,"HYfAna_n01cWYsvRYczGRQ,40.750441,-73.975697,.jpg"
satellite_40.7548909547_-73.9944543386.png,"WI0iOBsGrkP42gaj0NBKmw,40.755026,-73.994287,.jpg"
satellite_40.7243802166_-73.9762678597.png,"_QQTbGtycFlM73sJZeovog,40.724504,-73.976101,.jpg"
satellite_40.7338943177_-74.0074446807.png,"jM28t9rwPbEZQfT-efVskA,40.733869,-74.007292,.jpg"
satellite_40.7614524037_-73.9896912132.png,"QuHXdCxidg8mSr5cgqbWXw,40.761320,-73.989613,.jpg"
satellite_40.7046958694_-74.0057126351.png,"Ltzx-0Fj5uc2tXraTq0HqQ,40.704539,-74.005681,.jpg"
satellite_40.7499698679_-73.9987844527.png,"jAeC1dccS0rgyorYpz2D7A,40.749898,-73.998904,.jpg"
satellite_40.7358627524_-74.0096097377.png,"6ys5Zqko5KvH68FMjLlCCg,40.736008,-74.009739,.jpg"
satellite_40.7394715494_-73.990557236.png,"BPV8-sfRQtVgcoi-ymf_IQ,40.739441,-73.990391,.jpg"
satellite_40.7798244611_-73.9606794492.png,"njmu3LLH-Wc3ZtmUUaeATg,40.779909,-73.960653,.jpg"
satellite_40.7132257532_-73.9831960422.png,"MOq1tPyE3tGpUuiELqFZdg,40.713286,-73.983283,.jpg"
satellite_40.7302855207_-73.9844950764.png,"2PJlDFWAO9wkZqWwf-XG1w,40.730406,-73.984462,.jpg"
satellite_40.7322539555_-74.0078776921.png,"uzynVLKHLczITZWWPs7HBg,40.732239,-74.007694,.jpg"
satellite_40.776871809_-73.9463900729.png,"UFI1eMYPvotV9ceKgMqFCQ,40.776774,-73.946513,.jpg"
satellite_40.7138818981_-74.0122078062.png,"NYImm1pv9VFzKFREP7iztQ,40.713897,-74.012233,.jpg"
satellite_40.7394715494_-73.9779999053.png,"Rnilg_uAPDfg50wACLF6vg,40.739425,-73.978067,.jpg"
satellite_40.7516102302_-74.0078776921.png,"yZ3FEwQqLEn2B9oishUnKQ,40.751641,-74.008094,.jpg"
satellite_40.7260205789_-73.9779999053.png,"TAdjuUq0EL8XIENHviqOTQ,40.726045,-73.977949,.jpg"
satellite_40.7299574483_-73.9754018369.png,"HStybpB6O5fF1TY_weWtgg,40.730028,-73.975348,.jpg"
satellite_40.7142099706_-74.0113417833.png,"U9Rhc9-GZVFzhr5nLARo1w,40.714192,-74.011306,.jpg"
satellite_40.7168345502_-73.9901242246.png,"Sn-Mf2bUKIDk5P9mAnCaGw,40.716969,-73.989963,.jpg"
satellite_40.7345504626_-74.0104757605.png,"lxOsbCweJIwNDEFutlbPSg,40.734422,-74.010268,.jpg"
satellite_40.7188029849_-73.9754018369.png,"7v-skERq_yUN63l8V4lnDw,40.718815,-73.975235,.jpg"
satellite_40.7188029849_-73.9896912132.png,"SF453fb8FLUkNBoVUSG6IA,40.718901,-73.989610,.jpg"
satellite_40.7693261426_-73.9953203614.png,"avSTzTTJnapNmjyl5RTRPg,40.769215,-73.995173,.jpg"
satellite_40.7588278241_-73.9628445062.png,"SSrZU1A-tJxzJpilgCL4QA,40.758707,-73.962645,.jpg"
satellite_40.7752314467_-73.9554833124.png,"LupOMD_P_9IDFDIHOaXZzg,40.775221,-73.955428,.jpg"
satellite_40.7712945773_-73.9767008711.png,"pj02aFZ5QWQOpHZE2lakXA,40.771153,-73.976774,.jpg"
satellite_40.7188029849_-73.9957533728.png,"1vGwAMhKaPoHYSODUmVHYQ,40.718687,-73.995751,.jpg"
satellite_40.7368469698_-73.9992174641.png,"rXI8eakDA26hHiadjS5FBg,40.736712,-73.999421,.jpg"
satellite_40.7443926362_-73.9831960422.png,"J4oD5slmuim5oSe6dPg3MQ,40.744398,-73.983373,.jpg"
satellite_40.7191310573_-73.9996504755.png,"kC2LCM5OhugeQFOIv0uyOw,40.719026,-73.999455,.jpg"
satellite_40.7296293758_-73.9784329167.png,"2gZmucuoKDBi1vt1-US7cQ,40.729792,-73.978534,.jpg"
satellite_40.7184749124_-73.9879591676.png,"84uCALga7CyWfoZ8XUG-IA,40.718638,-73.988163,.jpg"
satellite_40.7640769834_-73.955050301.png,"Hpgu9OJfhx73WwHoTT2CAg,40.764011,-73.954916,.jpg"
satellite_40.7197872023_-74.0035475781.png,"kB6_8KxgMViK69_cfjpeng,40.719903,-74.003648,.jpg"
satellite_40.7653892732_-73.9624114948.png,"WwQQ8YQg55tHwVSHJPfrww,40.765359,-73.962626,.jpg"
satellite_40.7168345502_-74.0139398518.png,"saET5oMZxRu_kIs0wqBRoQ,40.716792,-74.013832,.jpg"
satellite_40.7404557668_-73.9831960422.png,"sgQ31JbghyFjm4pnQuDZuA,40.740595,-73.983386,.jpg"
satellite_40.7224117819_-73.9909902474.png,"XCVxqFK1auH5oAkQqwCLqQ,40.722276,-73.990845,.jpg"
satellite_40.7719507222_-73.9710717229.png,"8UfxWUWyPz6KOEVB1f_lag,40.771876,-73.971101,.jpg"
satellite_40.724708289_-73.9996504755.png,"8dwIP3s-TpE9iA5s9KNEyQ,40.724676,-73.999649,.jpg"
satellite_40.710929246_-74.0039805895.png,"BjcT65TCHSrPI9lqyJoaHA,40.710983,-74.004137,.jpg"
satellite_40.776871809_-73.9771338825.png,"_xWbAjBy3onV6NTFYRjSng,40.776720,-73.977173,.jpg"
satellite_40.7578436068_-73.963710529.png,"2TjtuWjdPZ0P22-DXdQnyQ,40.757687,-73.963511,.jpg"
satellite_40.7161784053_-73.9896912132.png,"BR3iUKWWFEUAgOEnEB17eA,40.716044,-73.989504,.jpg"
satellite_40.7735910845_-73.9702057001.png,"HYMbUC6B1ssFfNOquB01Ug,40.773592,-73.970376,.jpg"
satellite_40.7726068671_-73.9931553044.png,"TbK3B43OTBnPd1PlWX6c9w,40.772615,-73.993325,.jpg"
satellite_40.7591558966_-73.9693396773.png,"jb1Sw-jKQr2ezWHdjnccuw,40.759254,-73.969147,.jpg"
satellite_40.7401276943_-73.9996504755.png,"gdUWpA28cNEHvYehDPqxSA,40.740284,-73.999679,.jpg"
satellite_40.7325820279_-74.0052796237.png,"S3dtv8rWd5_SAo7DgDDDBg,40.732509,-74.005487,.jpg"
satellite_40.7470172158_-73.9736697913.png,"qtGDlr39K27B5fSyWgfnbw,40.747177,-73.973736,.jpg"
satellite_40.7726068671_-73.9805979737.png,"_ErNRyWArc2Ww1FMEj1PmQ,40.772468,-73.980800,.jpg"
satellite_40.7598120415_-73.9606794492.png,"1Ip5X8Ccf54Wz4edRyiLbw,40.759885,-73.960813,.jpg"
satellite_40.7450487811_-73.9827630308.png,"03GkQfYs2B7s8mWFK7YyCw,40.744978,-73.982804,.jpg"
satellite_40.7191310573_-74.0122078062.png,"C-D2VTNozc_cT--zUYfCSw,40.719261,-74.012275,.jpg"
satellite_40.7309416656_-73.981897008.png,"8TnBXUyPIDgF3d6rl8ZMJQ,40.731028,-73.981809,.jpg"
satellite_40.7102731011_-74.0074446807.png,"StL88o36zxwzwuBwzJIwcQ,40.710379,-74.007589,.jpg"
satellite_40.763092766_-73.9966193957.png,"-z8OphGqGxejf1dwA73Fjg,40.763075,-73.996693,.jpg"
satellite_40.7306135932_-73.9849280878.png,"YnCyAHxpmsbpSkvyWM0SOA,40.730669,-73.985091,.jpg"
satellite_40.7758875917_-73.9896912132.png,"XX8o9W7Y3WVWsqDe94_VMQ,40.776027,-73.989711,.jpg"
satellite_40.7601401139_-73.9771338825.png,"nG7aTJOvxI5QhTFA9Yg1ZQ,40.760148,-73.977119,.jpg"
satellite_40.7158503328_-73.9918562702.png,"ttTQMUz_zzIyOtJ4tNNcEA,40.715994,-73.991896,.jpg"
satellite_40.7066643041_-74.0139398518.png,"9JabkleL54Hh6Qq8uAKn_A,40.706778,-74.014118,.jpg"
satellite_40.7378311871_-73.9779999053.png,"BYhDc3cDWA-yWJttkCespg,40.737884,-73.977799,.jpg"
satellite_40.7650612007_-73.9831960422.png,"leUeAgDi3iw15koumy7Drw,40.765211,-73.983328,.jpg"
satellite_40.7706384324_-73.9641435404.png,"OUT-F38Td_McLl9zVkS3dA,40.770615,-73.964318,.jpg"
satellite_40.763092766_-73.9762678597.png,"AjXuptB5-N86rF98nyvc5A,40.763009,-73.976161,.jpg"
satellite_40.7099450287_-74.0078776921.png,"iQEJgM1M5HvcG4NVH1om6A,40.709928,-74.008040,.jpg"
satellite_40.7604681864_-73.961545472.png,"S3LRihYalB9hRO-_pECHSw,40.760393,-73.961403,.jpg"
satellite_40.7588278241_-73.9771338825.png,"nqmQYZoCmhBHaYTYn4xfNg,40.758754,-73.977036,.jpg"
satellite_40.7811367509_-73.9779999053.png,"fQ2wAhZdEG7Q8dTOe-Nyrg,40.781253,-73.977881,.jpg"
satellite_40.7519383026_-74.0018155325.png,"0nYHRkblT1I-fRGSc1QNNQ,40.751962,-74.001926,.jpg"
satellite_40.7155222604_-74.0061456465.png,"6dL-dYHS9YxtYMtIhz9qYw,40.715621,-74.006263,.jpg"
satellite_40.7220837094_-73.984062065.png,"WER1M5cCI4XLr4Rq19Bq4A,40.722220,-73.983901,.jpg"
satellite_40.7771998815_-73.959380415.png,"Gox6daks3vvPymXMlCqjyQ,40.777283,-73.959209,.jpg"
satellite_40.7653892732_-73.9693396773.png,"jS1u4IwNlDbEFOduzTnWFA,40.765235,-73.969465,.jpg"
satellite_40.7745753018_-73.959380415.png,"8iGa6LQpnR_3hZfSzZvcDg,40.774579,-73.959174,.jpg"
satellite_40.7650612007_-73.990557236.png,"4pUD16kOvHdOzO3uoBhuPQ,40.764961,-73.990479,.jpg"
satellite_40.7735910845_-73.9831960422.png,"08vsW4G0VKcMHzv6hiD29g,40.773492,-73.983298,.jpg"
satellite_40.7329101004_-73.984062065.png,"-k04tl3mLN42XNEtluTWdw,40.732880,-73.984042,.jpg"
satellite_40.731925883_-74.0096097377.png,"h3aTPdn3GyGliiRexoGI2A,40.731969,-74.009714,.jpg"
satellite_40.7466891434_-73.9844950764.png,"okGyX89DdMA8g9mNLC2Frw,40.746808,-73.984659,.jpg"
satellite_40.7299574483_-73.9866601334.png,"DfTRGSvx0j9VNPtejFLDlw,40.730007,-73.986637,.jpg"
satellite_40.7296293758_-73.9914232588.png,"heGrsol--JUCoYgdLrAltQ,40.729691,-73.991589,.jpg"
satellite_40.7368469698_-74.0078776921.png,"2WzGq2lJE550O4LCPW_HKA,40.736970,-74.007868,.jpg"
satellite_40.7210994921_-73.9914232588.png,"JYt5YlxRNxRBgnmCp_NGcA,40.721115,-73.991441,.jpg"
satellite_40.7719507222_-73.9853610992.png,"MMoNldgXiVHSBHSY3ToaaQ,40.771933,-73.985369,.jpg"
satellite_40.7562032445_-73.9680406431.png,"gz2lF3cWHXwD-kZ31Ue3og,40.756349,-73.968090,.jpg"
satellite_40.7539067373_-73.9693396773.png,"gzyLq1PSQvB0PIKIyBpBew,40.753779,-73.969320,.jpg"
satellite_40.704367797_-74.0100427491.png,"VyHvisKZ2OLui3wr1DehvA,40.704457,-74.010174,.jpg"
satellite_40.7276609411_-74.0000834869.png,"Mrez90bz9YrexDyAt9wA-Q,40.727795,-74.000227,.jpg"
satellite_40.7375031147_-73.9810309852.png,"Ba_NqgZI7wSFZ3ZX2v3xrA,40.737556,-73.981167,.jpg"
satellite_40.71814684_-73.9754018369.png,"o5WJfsPBHHGEvniMq1W3nA,40.718290,-73.975200,.jpg"
satellite_40.7188029849_-74.0048466123.png,"opoDb85od4mGA0xrkaxtbw,40.718949,-74.005047,.jpg"
satellite_40.7584997517_-73.9650095632.png,"-6HD-LX4tlDLIZUy02m8uA,40.758391,-73.965218,.jpg"
satellite_40.7627646935_-73.9758348483.png,"xMF3gUctY9K-k0jpZXKghQ,40.762884,-73.975861,.jpg"
satellite_40.7706384324_-73.9489881413.png,"sNnJvNkwK-mzHV-nfSw8gw,40.770748,-73.948897,.jpg"
satellite_40.7726068671_-73.9784329167.png,"xAfjdOzxJavmwXKsdtX9-Q,40.772765,-73.978496,.jpg"
satellite_40.7814648233_-73.9831960422.png,"Oe0V6DigVVN7RbkulNvWfA,40.781447,-73.983282,.jpg"
satellite_40.7230679268_-73.9853610992.png,"lTW6dWlicNasUnBxE5Brsg,40.722918,-73.985539,.jpg"
satellite_40.7624366211_-73.9598134264.png,"p--N4kZZjoSdO7r1Djt1AA,40.762421,-73.959924,.jpg"
satellite_40.7437364913_-73.9767008711.png,"Kw4yG6PV30yc95xmUymcPw,40.743759,-73.976652,.jpg"
satellite_40.75292252_-73.9658755861.png,"aQiUB3DrppBbkBJ7aLaIrg,40.752988,-73.965687,.jpg"
satellite_40.7788402437_-73.9844950764.png,"RVrCjo3Xj96oXVyinZJF1w,40.778956,-73.984549,.jpg"
satellite_40.7726068671_-73.9533182554.png,"ZH-LQzXo80hIOcN4Oxy-PA,40.772680,-73.953364,.jpg"
satellite_40.7424242015_-73.9935883158.png,"-6IbCxlvhB3fLrFRkUbwVg,40.742410,-73.993704,.jpg"
satellite_40.7401276943_-74.0074446807.png,"_G6p4fyDM7QUyg6J88H9gA,40.740061,-74.007371,.jpg"
satellite_40.7778560264_-73.9619784834.png,"fvBqscyMEQUNFlMZq71HNg,40.777946,-73.961880,.jpg"
satellite_40.7453768536_-73.9749688255.png,"SH9iAeUMfa1K783bnsEspQ,40.745238,-73.974874,.jpg"
satellite_40.7306135932_-73.9888251904.png,"GdctT0k53bcoPqHEkvDVxg,40.730573,-73.988719,.jpg"
satellite_40.7801525335_-73.9810309852.png,"tzkcMNJSi1vhzFXyROJZsQ,40.780005,-73.980859,.jpg"
satellite_40.7821209683_-73.9697726887.png,"u9L5Zz1Vk9wHcWlTz-JGCA,40.782123,-73.969909,.jpg"
satellite_40.7368469698_-74.0074446807.png,"xHzp5KyCW2PSMnqTzcBeGQ,40.736969,-74.007393,.jpg"
satellite_40.7716226498_-73.9463900729.png,"eK93D9HoyjaKfFU-E3Nx1Q,40.771490,-73.946505,.jpg"
satellite_40.7506260128_-74.0013825211.png,"8cjksEnHoVadcXzY-pq0XQ,40.750651,-74.001437,.jpg"
satellite_40.763092766_-73.9624114948.png,"LCWBwbmnG6_CCm9r9evb6w,40.763235,-73.962422,.jpg"
satellite_40.7778560264_-73.9585143922.png,"wHGnhRpcdsbUuJ20I5jamw,40.777956,-73.958704,.jpg"
satellite_40.7204433472_-73.9974854185.png,"VuK2LRfAhnT-oGH17_ujEg,40.720347,-73.997576,.jpg"
satellite_40.7345504626_-74.0083107035.png,"4MuJ725-gbgNwKIZ-SUuSw,40.734458,-74.008472,.jpg"
satellite_40.7539067373_-73.9922892816.png,"qEWqmBXaOF4iLFUKxPwAqA,40.753989,-73.992153,.jpg"
satellite_40.7096169562_-73.9931553044.png,"BojtnTA_xHe3D91sYc1qBQ,40.709620,-73.993181,.jpg"
satellite_40.7749033743_-73.9758348483.png,"_l-PmZhSJnf6evS-pEGWKQ,40.774976,-73.975695,.jpg"
satellite_40.7647331283_-73.9979184299.png,"xZDU-4JYqBKpFmbguNv92w,40.764761,-73.998118,.jpg"
satellite_40.7443926362_-73.9944543386.png,"rnF_7eyU_JJ8mXu89D0PSQ,40.744516,-73.994579,.jpg"
satellite_40.7719507222_-73.961545472.png,"bkPHnWl8hkjZ2W0AgQ_Erw,40.771789,-73.961364,.jpg"
satellite_40.7240521441_-74.0065786579.png,"OUJXyYDuucVbXN_ghi2AhA,40.724010,-74.006667,.jpg"
satellite_40.77031036_-73.9879591676.png,"-PCnQDH2A7MdEsjuUlT8cA,40.770153,-73.987800,.jpg"
satellite_40.7417680566_-73.9853610992.png,"0IiWvbaGSptAAafeViinjg,40.741647,-73.985234,.jpg"
satellite_40.7660454181_-73.9715047343.png,"qJmlCsFbyE_yvsmvWexrMg,40.766126,-73.971588,.jpg"
satellite_40.7765437366_-73.988392179.png,"kHb65EXin7vKa93zUZdLFw,40.776434,-73.988199,.jpg"
satellite_40.7637489109_-73.9797319509.png,"WpqX9EG-GyMtz-FsiydjvQ,40.763771,-73.979910,.jpg"
satellite_40.7440645637_-73.9892582018.png,"l_zonn7011C7uXf6dSitGQ,40.743905,-73.989305,.jpg"
satellite_40.7502979403_-73.9745358141.png,"fThxosinaXXWZcs71ilrNA,40.750460,-73.974682,.jpg"
satellite_40.7293013034_-73.9979184299.png,"DP4Gh4iHMD0K8GlZe_GULQ,40.729366,-73.997964,.jpg"
satellite_40.7361908249_-74.0031145667.png,"E62G9-CQYEcjb8FHWuyTHw,40.736261,-74.003097,.jpg"
satellite_40.7565313169_-73.990557236.png,"KOumji6cPHpz_03qcjmFmg,40.756661,-73.990492,.jpg"
satellite_40.714538043_-73.984062065.png,"-gBFXSm5AVCbCWEjQldEJg,40.714581,-73.983953,.jpg"
satellite_40.7801525335_-73.9511531984.png,"ZDTMDRoJYeM98Zo6N-XirA,40.780231,-73.951336,.jpg"
satellite_40.7243802166_-74.0022485439.png,"l96yTfVHE4H7x2s4MzgKkQ,40.724385,-74.002074,.jpg"
satellite_40.7161784053_-73.9918562702.png,"-CfS1P8bkQyV4Xyd12-AXQ,40.716211,-73.991775,.jpg"
satellite_40.7434084188_-74.0013825211.png,"GVxuSyr2YLvdC01Vbd7zmg,40.743286,-74.001346,.jpg"
satellite_40.7083046664_-73.9996504755.png,"8uKQNW0kh8jtHL2SxlKedA,40.708206,-73.999493,.jpg"
satellite_40.7417680566_-73.9767008711.png,"WvEd19Guw-lGDQzO4b32kg,40.741819,-73.976577,.jpg"
satellite_40.7621085486_-73.9827630308.png,"80GhNifYWhjTXUdanRBY-Q,40.762059,-73.982564,.jpg"
satellite_40.7220837094_-74.0091767263.png,"7iSShgqgUAdojyjQ6Ec0dw,40.722027,-74.009079,.jpg"
satellite_40.7565313169_-73.9918562702.png,"otsLVnxKrCUOG2Tk7xPq7w,40.756500,-73.992047,.jpg"
satellite_40.7407838392_-73.9745358141.png,"I0U2q4vUATIf_f301ByrDg,40.740854,-73.974405,.jpg"
satellite_40.7151941879_-74.0135068404.png,"MngcgScp00t5nusViCbMbQ,40.715190,-74.013561,.jpg"
satellite_40.7601401139_-73.9801649623.png,"We5vTmX9ObNfwQuATtJijg,40.760216,-73.980190,.jpg"
satellite_40.7762156641_-73.9537512668.png,"OUNSoLQjfWj0TsHRq7gWig,40.776219,-73.953877,.jpg"
satellite_40.7256925064_-73.992722293.png,"wrbb_LZGK9fb7iwoYdfoqw,40.725838,-73.992513,.jpg"
satellite_40.7653892732_-73.9663085975.png,"QWZa_FSi7X3-bRJJ5WzOhQ,40.765447,-73.966114,.jpg"
satellite_40.7083046664_-74.0083107035.png,"TTYmVaT8zi2roca0j_0H3A,40.708427,-74.008361,.jpg"
satellite_40.77031036_-73.9537512668.png,"6N-03oh2nFNRkTks6_u-mQ,40.770327,-73.953945,.jpg"
satellite_40.7552190271_-73.9844950764.png,"4UMdgMFSuY7qxwwmigXOAA,40.755057,-73.984660,.jpg"
satellite_40.7368469698_-73.9827630308.png,"r6VdD0Cw0KtjPJreL1snpg,40.736910,-73.982581,.jpg"
satellite_40.7814648233_-73.9546172896.png,"DV6ybpWW0UbqM6ouDJ_htg,40.781608,-73.954609,.jpg"
satellite_40.7584997517_-73.9689066659.png,"5IL0v4GJrc-7zsKgOr-0FA,40.758373,-73.969018,.jpg"
satellite_40.7424242015_-73.9888251904.png,"GH6MO3aSZO3rftZAJ78qOg,40.742300,-73.989030,.jpg"
satellite_40.7119134634_-73.9779999053.png,"5jLce0RTSATJAW24nbttxw,40.711989,-73.977981,.jpg"
satellite_40.7210994921_-74.0035475781.png,"Z4GZNtrbyd36ZnIP2o89Ew,40.721118,-74.003719,.jpg"
satellite_40.7365188973_-74.0035475781.png,"tITmcwH_f02PK8jRekTmRQ,40.736650,-74.003686,.jpg"
satellite_40.7299574483_-73.9914232588.png,"ZRYNt-JLlx2XqsladuPp1w,40.730117,-73.991260,.jpg"
satellite_40.7188029849_-73.990557236.png,"6lzlOxl8rp5IneS72ESVBA,40.718827,-73.990413,.jpg"
satellite_40.7617804762_-74.0013825211.png,"IkKeuRb7Zj_hmby1QIOi3Q,40.761934,-74.001460,.jpg"
satellite_40.7434084188_-73.9901242246.png,"oPew6iGhyup6KGJcueKxzw,40.743432,-73.990077,.jpg"
satellite_40.728317086_-74.0052796237.png,"sxdOFOaXxXFSmn0KKqmA_w,40.728418,-74.005352,.jpg"
satellite_40.7260205789_-73.9931553044.png,"n17DvVWsKjOLwPfOIHS6IA,40.726073,-73.992986,.jpg"
satellite_40.7378311871_-74.0100427491.png,"nqZMvidlBtm4vHpkzqRBgA,40.737913,-74.010046,.jpg"
satellite_40.7588278241_-73.9779999053.png,"zjVkCf1jPbyhENsLUJj3fw,40.758896,-73.978042,.jpg"
satellite_40.7197872023_-74.0022485439.png,"78lqIMibqhEf-xe89PWh0A,40.719730,-74.002345,.jpg"
satellite_40.707976594_-74.0087437149.png,"QNcN8UzoyiDyeyxp6fiuhA,40.708041,-74.008668,.jpg"
satellite_40.7598120415_-73.9602464378.png,"rgZLUROrEJme1XHaZ1gdqA,40.759731,-73.960307,.jpg"
satellite_40.7660454181_-73.9710717229.png,"M5FBnCEJO6yBh91nuT1P7w,40.765892,-73.971025,.jpg"
satellite_40.7512821577_-73.9970524071.png,"3YY31gfC2bpa-4J6iGfuIg,40.751134,-73.996889,.jpg"
satellite_40.7427522739_-73.9979184299.png,"oMrOQyE9kBDP4QbRlcAKIg,40.742675,-73.998064,.jpg"
satellite_40.728317086_-73.9992174641.png,"4xuGEFQ5PBaIVAHtxJphYw,40.728311,-73.999427,.jpg"
satellite_40.7604681864_-73.9684736545.png,"uFvqAsEBM5pEVlANOVLY1w,40.760629,-73.968410,.jpg"
satellite_40.7735910845_-73.981897008.png,"ni58ljmj-b4napA2zqp6FQ,40.773710,-73.981820,.jpg"
satellite_40.7191310573_-74.0117747947.png,"xvFNJMKVay230hwFJjjsPg,40.718969,-74.011751,.jpg"
satellite_40.7516102302_-74.0052796237.png,"FehcFgDemyfvHdurH_Hjbw,40.751505,-74.005385,.jpg"
satellite_40.7634208385_-73.9749688255.png,"3TcgRzkCE2e3uToxSmJXAA,40.763349,-73.974854,.jpg"
satellite_40.773263012_-73.9585143922.png,"dLrIeQ7DkaojPlAl6ZYaVg,40.773161,-73.958707,.jpg"
satellite_40.755875172_-73.9654425746.png,"uCMx7RGmE9Ptj8YLQQc1kg,40.755975,-73.965284,.jpg"
satellite_40.7719507222_-73.9455240501.png,"JZZBMatKWpNcFZgC3-Bhyw,40.772079,-73.945592,.jpg"
satellite_40.7483295056_-73.9702057001.png,"w6_sHk0fcES6ieXn81_y3g,40.748352,-73.970258,.jpg"
satellite_40.7794963886_-73.9849280878.png,"NU3be7fJk1ztSJ5mq91S9g,40.779438,-73.984751,.jpg"
satellite_40.7634208385_-73.961545472.png,"CeRfIeDveE_c1-_8GEOVcA,40.763519,-73.961532,.jpg"
satellite_40.7676857803_-73.9676076317.png,"MdxOJJJ1vCsbTTEwXD4q7Q,40.767774,-73.967730,.jpg"
satellite_40.7808086784_-73.9650095632.png,"Ztr1VJNU5uE-jGvvAs96Dw,40.780816,-73.965144,.jpg"
satellite_40.7250363615_-74.0061456465.png,"1Il1YT1N0dvI_b0UamMc5w,40.725149,-74.005936,.jpg"
satellite_40.7138818981_-73.9801649623.png,"YtmJZ49L9N7Dp-gF5437mQ,40.714015,-73.980174,.jpg"
satellite_40.7601401139_-73.9909902474.png,"o5RjQkA9VTdHltzRzjWjfA,40.760287,-73.991072,.jpg"
satellite_40.7699822875_-73.9632775176.png,"-ojdwp69JtYM6sx_oGDgaw,40.769947,-73.963190,.jpg"
satellite_40.7670296354_-73.9940213272.png,"Ve3lLmArJEhi34pVtCkuqQ,40.766929,-73.993859,.jpg"
satellite_40.7050239419_-74.0052796237.png,"XX-3diw6zWYJTQPJdcKlRw,40.705018,-74.005064,.jpg"
satellite_40.7138818981_-73.9771338825.png,"7InoIuq-hGkCm9M1PXCO5g,40.713759,-73.977227,.jpg"
satellite_40.7329101004_-73.9979184299.png,"KyVHOhYbjeZxxM5El6AcJg,40.732934,-73.997964,.jpg"
satellite_40.7801525335_-73.9489881413.png,"BMyXH6vVpK8afxrV_lY-5g,40.780138,-73.949170,.jpg"
satellite_40.7522663751_-73.9918562702.png,"qEv03-w_RhHYIvbNMNv61g,40.752365,-73.991811,.jpg"
satellite_40.728317086_-73.9792989395.png,"gT1T2IqdGPZRsASN-PiISA,40.728277,-73.979384,.jpg"
satellite_40.7762156641_-73.9814639966.png,"NEsNURZZJVGrUqvNuZkFzQ,40.776072,-73.981608,.jpg"
satellite_40.7427522739_-73.992722293.png,"xSMoVzcOxjqqmeJ5TuM8zQ,40.742903,-73.992798,.jpg"
satellite_40.7722787947_-73.9680406431.png,"fB01qlLQ2ZhCgLPe4PSqkA,40.772166,-73.968041,.jpg"
satellite_40.7680138528_-73.9892582018.png,"5b_hQ1r8kaxPbsQKQP_75w,40.768102,-73.989308,.jpg"
satellite_40.763092766_-73.9641435404.png,"5Fh3h8mc1hAxrVZWO_dnrA,40.763067,-73.964331,.jpg"
satellite_40.7227398543_-74.0035475781.png,"3zT1WEAqdN3zbIFuZ6-F6w,40.722778,-74.003441,.jpg"
satellite_40.7729349396_-73.9723707571.png,"uXB6m3TOYLR_MonaIt6x8A,40.772915,-73.972268,.jpg"
satellite_40.7571874619_-73.9979184299.png,"jAD6Jd3gGefz2WiwlCGBRA,40.757315,-73.997801,.jpg"
satellite_40.7424242015_-74.0052796237.png,"Yrf-5uTaUXberTK9CQ7tAQ,40.742573,-74.005125,.jpg"
satellite_40.7371750422_-74.0052796237.png,"GVEiEbcyR6uaJxq1-5Cx2Q,40.737073,-74.005337,.jpg"
satellite_40.7532505924_-73.9979184299.png,"QjzyYtICZ5MyTsLsHkDE0Q,40.753203,-73.997942,.jpg"
satellite_40.7460329985_-73.9736697913.png,"UwwHttvVCuBHt7JypdF_nw,40.745973,-73.973756,.jpg"
satellite_40.7657173456_-73.9870931448.png,"e7fwVeRMw9E6DJ4uw2qIUQ,40.765782,-73.987267,.jpg"
satellite_40.7434084188_-73.9857941106.png,"fzbE0uZTcAtvrd5qHkLXiw,40.743289,-73.985940,.jpg"
satellite_40.7686699977_-73.9870931448.png,"dG_alPvsey5Yq75hgYEMhw,40.768553,-73.987204,.jpg"
satellite_40.7342223902_-73.9987844527.png,"bPDI1KXuob73wszfcem2-g,40.734127,-73.998982,.jpg"
satellite_40.7486575781_-73.9702057001.png,"K6NFXnFZLQNPrvsY4W0uWQ,40.748708,-73.969991,.jpg"
satellite_40.7798244611_-73.950720187.png,"5kWShmZB6P9VcZ_ij4imeg,40.779923,-73.950609,.jpg"
satellite_40.7171626226_-73.9974854185.png,"qA1TewkLzgUOUS4hCPm4XQ,40.717148,-73.997559,.jpg"
satellite_40.7752314467_-73.959380415.png,"hrk-EzBsGkLSGSTgMOTfeg,40.775084,-73.959276,.jpg"
satellite_40.731925883_-73.988392179.png,"khPEavLepfOaCV92I7Wt2g,40.732087,-73.988420,.jpg"
satellite_40.745704926_-73.9914232588.png,"Vb30IPBS7wj7owFpwbzKug,40.745701,-73.991631,.jpg"
satellite_40.7798244611_-73.9459570615.png,"gE_V6ihPS0zqdmaSC0_HVw,40.779691,-73.946093,.jpg"
satellite_40.7220837094_-74.0018155325.png,"NL_z-JsadMYy-Hg4wOXy-Q,40.722087,-74.001821,.jpg"
satellite_40.7624366211_-73.9957533728.png,"YAmgVI8JPpchjxuv2emuOQ,40.762315,-73.995879,.jpg"
satellite_40.7056800868_-74.0035475781.png,"DXnOISIyb5RAK_LQ0H_wdg,40.705781,-74.003521,.jpg"
satellite_40.7607962588_-74.0031145667.png,"SrHp0fK1DLdzoCTAa0jN9A,40.760677,-74.002920,.jpg"
satellite_40.7112573185_-74.0087437149.png,"TQYDzvkeFtYEN4Ckn3dvHw,40.711404,-74.008641,.jpg"
satellite_40.7119134634_-74.0126408176.png,"rJ_XGCCN_ayDTxtVgSySKw,40.711812,-74.012457,.jpg"
satellite_40.7460329985_-73.9715047343.png,"Ay4Nk-HuUT7itjOH-EPhZQ,40.746072,-73.971666,.jpg"
satellite_40.7296293758_-73.9896912132.png,"-_7veQzI4x5o6GO6k7GHAg,40.729667,-73.989837,.jpg"
satellite_40.7174906951_-73.9992174641.png,"lX7o4DHQEJjQKpBwfC_KLw,40.717508,-73.999342,.jpg"
satellite_40.7660454181_-73.990557236.png,"xab75j2-HltIAs9DEEyzKw,40.766205,-73.990688,.jpg"
satellite_40.7611243313_-73.9836290536.png,"ZotlWRevNivKV4qngLNR6w,40.761159,-73.983420,.jpg"
satellite_40.7542348098_-74.0065786579.png,"R7GZALEgbgqcGn__KUDaQg,40.754273,-74.006748,.jpg"
satellite_40.7388154045_-73.9909902474.png,"v62U8znJvuEmuRBYJScUKw,40.738895,-73.990916,.jpg"
satellite_40.7742472294_-73.9533182554.png,"aHLYbPPk8BS8X-Nkh99W2w,40.774361,-73.953382,.jpg"
satellite_40.7686699977_-73.9853610992.png,"NeIV4OSFwLU7sxR1tin8jw,40.768592,-73.985169,.jpg"
satellite_40.77031036_-73.9481221185.png,"-EutcfNa9KzxsJbp0FqlLQ,40.770395,-73.947999,.jpg"
satellite_40.7673577079_-73.9663085975.png,"rV43_rZCl6kGiWx_Mwvgyg,40.767306,-73.966461,.jpg"
satellite_40.7066643041_-74.0026815553.png,"zgs8Mib2a56Y2AlX0vfMHA,40.706548,-74.002467,.jpg"
satellite_40.7726068671_-73.9589474036.png,"gJUEpBozfyhVoSbA5d4Eow,40.772482,-73.959062,.jpg"
satellite_40.7030555072_-74.0165379202.png,"OQLDwzt5h1eOipGtg1WIOw,40.702982,-74.016656,.jpg"
satellite_40.7808086784_-73.9567823466.png,"ZZAMzXGb1FdMQNnsBpD8wQ,40.780847,-73.956646,.jpg"
satellite_40.7250363615_-74.0065786579.png,"Cg0QYRUVSVZauyvbBNKmeA,40.725089,-74.006455,.jpg"
satellite_40.7286451585_-73.9940213272.png,"caw69VZsabFgWKe2msWqww,40.728545,-73.994157,.jpg"
satellite_40.7604681864_-73.9992174641.png,"VC_Pqf0g3rvRjKkpPRY0Vw,40.760377,-73.999317,.jpg"
satellite_40.7712945773_-73.9498541641.png,"igkMgdI9tF9B2IAYOsRwEw,40.771151,-73.949880,.jpg"
satellite_40.7735910845_-73.9888251904.png,"rOzMJZpn_zx03uZHUwykwQ,40.773733,-73.988917,.jpg"
satellite_40.7447207087_-74.0087437149.png,"Xdg00GFtJZvu9gxKAlPYqw,40.744802,-74.008542,.jpg"
satellite_40.7735910845_-73.9697726887.png,"Z-ZaWWu6gMJvkVbVD1zUPg,40.773520,-73.969758,.jpg"
satellite_40.7188029849_-74.0009495097.png,"QUD0uNGsHss3Y5H7gOW7xw,40.718652,-74.000845,.jpg"
satellite_40.7509540853_-73.9870931448.png,"jbNEl3RjvdqMOaxULRGWxg,40.751099,-73.986883,.jpg"
satellite_40.7480014332_-74.0044136009.png,"WXCLLTqtxki3Z-K1l0871g,40.748044,-74.004582,.jpg"
satellite_40.7322539555_-74.0039805895.png,"LoWTkQinLuqryNoM5Z1J_Q,40.732237,-74.003919,.jpg"
satellite_40.7785121713_-73.9563493352.png,"BRr-ZKsFQLkvtnMHMfGnzg,40.778577,-73.956253,.jpg"
satellite_40.7378311871_-73.9784329167.png,"ylTW-GvUeFlo9Puu5y_XyA,40.737685,-73.978349,.jpg"
satellite_40.7489856505_-73.9784329167.png,"FT4Zp7ycTfKEdyAXzNSksQ,40.749082,-73.978271,.jpg"
satellite_40.7499698679_-73.9745358141.png,"A1WQnq6JgRqymLuTutDIPg,40.750033,-73.974740,.jpg"
satellite_40.7640769834_-73.9728037685.png,"vhXCCl_TiF-kzAXD01rx1A,40.764134,-73.972666,.jpg"
satellite_40.7644050558_-73.9775668939.png,"jyoQXz9Tchv6JUke0TLAWg,40.764433,-73.977442,.jpg"
satellite_40.7188029849_-74.0044136009.png,"smsoAoJJRO4U6dPsHAwgJQ,40.718640,-74.004381,.jpg"
satellite_40.724708289_-74.0096097377.png,"kRhz_nEDHbROpg9fzTipcg,40.724772,-74.009461,.jpg"
satellite_40.7798244611_-73.9563493352.png,"W3rQ8W81SOwgS2vJdDg08w,40.779828,-73.956362,.jpg"
satellite_40.7785121713_-73.959380415.png,"R5p5FqftV4hNJkfyf7w2TQ,40.778543,-73.959398,.jpg"
satellite_40.7414399841_-73.9992174641.png,"jBY94D2Y_-o9Mxohparubw,40.741576,-73.999082,.jpg"
satellite_40.7571874619_-73.9658755861.png,"kcNlDLp1WdVAsGowaRrn1Q,40.757087,-73.965979,.jpg"
satellite_40.7256925064_-74.0083107035.png,"_MTQP3iq6aYDFIoIMR-m4Q,40.725605,-74.008410,.jpg"
satellite_40.7155222604_-73.9792989395.png,"GNToG0GxjHVgrzPoINl3KA,40.715481,-73.979190,.jpg"
satellite_40.77031036_-73.9554833124.png,"PTRk-V4XjM9V4gDqocjSUQ,40.770154,-73.955482,.jpg"
satellite_40.742096129_-73.9888251904.png,"-IRWDUNx0kxsasNuNMC5Ng,40.742115,-73.988947,.jpg"
satellite_40.7207714196_-73.992722293.png,"8QqIdimOCdPjoGPQXY4m7Q,40.720681,-73.992592,.jpg"
satellite_40.7614524037_-73.9732367799.png,"xUMxHcdCtu9_5kav7KMF5Q,40.761336,-73.973094,.jpg"
satellite_40.7099450287_-74.0117747947.png,"sRv1cmJExHYlZK3Vzj-fEw,40.709786,-74.011907,.jpg"
satellite_40.7781840988_-73.9810309852.png,"srPfewV3JEgTmHJm9SeSyQ,40.778262,-73.980817,.jpg"
satellite_40.7604681864_-73.9953203614.png,"EndjNKnXGQU2wo02EkBwvw,40.760398,-73.995191,.jpg"
satellite_40.766701563_-73.9576483694.png,"cu35Hqdwz-SaH8uxc5NwcQ,40.766770,-73.957594,.jpg"
satellite_40.7824490407_-73.9788659281.png,"Tfw8fpEqiUoEgltJmeRZcQ,40.782506,-73.978798,.jpg"
satellite_40.7647331283_-73.9979184299.png,"v1cN5LQZhlwnK6uje6h0yg,40.764835,-73.997986,.jpg"
satellite_40.7699822875_-73.9719377457.png,"sIIVmIMspPkAVk4rnU6DBA,40.770084,-73.971937,.jpg"
satellite_40.7210994921_-74.0057126351.png,"3P83EtB5ZiLkDmLazHLDdg,40.721037,-74.005848,.jpg"
satellite_40.7735910845_-73.984062065.png,"sC2WFF-zcro4ntH-rOf_rw,40.773751,-73.983908,.jpg"
satellite_40.7115853909_-73.9896912132.png,"CSgacxlHb8kUh0yNOck46w,40.711442,-73.989841,.jpg"
satellite_40.7325820279_-73.9901242246.png,"Grx5gcmg6VrBVGhOXuqS2A,40.732637,-73.990061,.jpg"
satellite_40.7824490407_-73.9585143922.png,"rWNxcHJdnzU7tor7wMvHmg,40.782380,-73.958381,.jpg"
satellite_40.7191310573_-74.0074446807.png,"N-OFF0vucJZobzlNOLrv6A,40.719202,-74.007635,.jpg"
satellite_40.7142099706_-74.017403943.png,"M1Fxfh5xcyJxWCn2C6M77g,40.714112,-74.017473,.jpg"
satellite_40.7712945773_-73.9520192212.png,"UT-GQwhR0E6jGJCqY7BHFg,40.771139,-73.951939,.jpg"
satellite_40.7548909547_-73.9957533728.png,"poDC49bPCeU3_SE1YRHuTw,40.754895,-73.995857,.jpg"
satellite_40.7794963886_-73.9857941106.png,"Cakv8pQVbm6zjKnd_Zup6w,40.779454,-73.985734,.jpg"
satellite_40.7227398543_-73.9879591676.png,"DpGbniRIAY9wvNghVHMHFw,40.722741,-73.987759,.jpg"
satellite_40.7148661155_-74.0074446807.png,"2aZiHJrsb29Q_IJ3v8pYEQ,40.714767,-74.007589,.jpg"
satellite_40.7680138528_-73.9762678597.png,"Qy-uVAL82gNfJo4dxwXrYQ,40.767940,-73.976117,.jpg"
satellite_40.7056800868_-74.0143728632.png,"OvX1EH9o2syoWX82bIReUA,40.705839,-74.014526,.jpg"
satellite_40.7191310573_-73.9792989395.png,"v2kEYpe2OWAQqX2HXENReA,40.719248,-73.979123,.jpg"
satellite_40.7397996219_-73.9797319509.png,"rh8ZJX6xwnWQXk_ncLLIXQ,40.739797,-73.979535,.jpg"
satellite_40.7621085486_-73.9953203614.png,"bNuEkZiik13xxaZKYQ2P_Q,40.762109,-73.995388,.jpg"
satellite_40.7096169562_-74.0048466123.png,"6aVhIBpWTwbjJi3H1jKWqg,40.709509,-74.005015,.jpg"
satellite_40.7227398543_-74.0078776921.png,"fjnALRk_5Li5apWPabju5g,40.722614,-74.007836,.jpg"
satellite_40.7683419252_-73.9554833124.png,"o4D1AWM6hkpIXbmUpZFPBg,40.768338,-73.955610,.jpg"
satellite_40.7171626226_-73.9749688255.png,"pjcv4OU9nvwK42g86_jhpQ,40.717189,-73.975167,.jpg"
satellite_40.7798244611_-73.9719377457.png,"QVywfozkvkRUUU-ycnbA7Q,40.779883,-73.971994,.jpg"
satellite_40.7437364913_-73.9758348483.png,"96LjKuEN3-58JARiW8-AJA,40.743860,-73.975815,.jpg"
satellite_40.7525944475_-73.9827630308.png,"ViG2I2dNE5P66vdYHoL7Zw,40.752548,-73.982646,.jpg"
satellite_40.7092888838_-74.0000834869.png,"gmIX8VEQKBx5utpdZWWo6g,40.709436,-74.000100,.jpg"
satellite_40.7388154045_-73.9944543386.png,"W_5Cd4_VZw23DGaAcmIr8g,40.738956,-73.994667,.jpg"
satellite_40.7765437366_-73.9485551299.png,"B-WKOScuMaoGiJfRGUryrg,40.776527,-73.948530,.jpg"
satellite_40.773263012_-73.9779999053.png,"v9xjqfym55hiVQ2MNXF-bg,40.773316,-73.978095,.jpg"
satellite_40.7230679268_-73.9914232588.png,"r7VoiS2EiD4gu8xxw1BU-w,40.722978,-73.991373,.jpg"
satellite_40.7276609411_-74.0005164983.png,"qQ-4vLuFw09re43xcsUmIQ,40.727577,-74.000416,.jpg"
satellite_40.7450487811_-74.0035475781.png,"GbR5dh7qIdPBZES2e97u4w,40.745050,-74.003706,.jpg"
satellite_40.7273328687_-73.9827630308.png,"YehY-wsdHP248HUc_E8WVw,40.727314,-73.982787,.jpg"
satellite_40.7427522739_-74.0070116693.png,"26hq4ko_oM_O4aOvfLq3Xw,40.742606,-74.007210,.jpg"
satellite_40.7683419252_-73.9680406431.png,"F-Ome4Ni5r6O1c05kVCBag,40.768195,-73.968048,.jpg"
satellite_40.7555470996_-73.9879591676.png,"-gzipm5CuGUDmrniYfFMuA,40.755502,-73.987744,.jpg"
satellite_40.7562032445_-73.9992174641.png,"xClFrnO0PwA54W8pzQSr0A,40.756225,-73.999068,.jpg"
satellite_40.7466891434_-73.9689066659.png,"aTj_rgBufyk1hUJQ4f6CUw,40.746815,-73.969092,.jpg"
satellite_40.7545628822_-73.9771338825.png,"UrtjfbHWSdvAe7jdqIiK4g,40.754461,-73.977227,.jpg"
satellite_40.7086327389_-74.0070116693.png,"mkptJhI__u76Kau1eWU2MA,40.708617,-74.007130,.jpg"
satellite_40.7106011736_-74.0070116693.png,"8-g5Oa7Fbb563qfk0OzAgw,40.710439,-74.007081,.jpg"
satellite_40.7342223902_-73.9775668939.png,"Pb01FOAtSICwsP39FGB3xg,40.734078,-73.977701,.jpg"
satellite_40.7535786649_-73.9849280878.png,"d5-sy-lQzmWSN4y8O6axJQ,40.753557,-73.985035,.jpg"
satellite_40.7312697381_-74.0091767263.png,"1RakeFtoDq9B_nlG-_U_VA,40.731205,-74.009391,.jpg"
satellite_40.7771998815_-73.9892582018.png,"1We7ajaGEPXh9Dkj2v_kMA,40.777055,-73.989052,.jpg"
satellite_40.7210994921_-74.0070116693.png,"MHdvYVpc7iOx5pw5H7hULA,40.721061,-74.006861,.jpg"
satellite_40.7142099706_-74.0052796237.png,"h5gvyIJ50Hubsigu5-q1PQ,40.714331,-74.005111,.jpg"
satellite_40.7204433472_-73.9974854185.png,"RHeZZDz03HHfGXMgdb6E9Q,40.720598,-73.997416,.jpg"
satellite_40.7653892732_-73.9520192212.png,"W1ioA26b8EcGw-9YKRcXsg,40.765505,-73.951918,.jpg"
satellite_40.7401276943_-73.9801649623.png,"tt5DanGD3L0f8Ujn4GzERw,40.739988,-73.979983,.jpg"
satellite_40.7253644339_-73.9767008711.png,"a75WgyGS7Tou1jFfVh5U7A,40.725507,-73.976630,.jpg"
satellite_40.7653892732_-73.9602464378.png,"LYyzAR52fE2dE9yTdLGGYQ,40.765446,-73.960295,.jpg"
satellite_40.7224117819_-73.9888251904.png,"0PA2IVsimma3VaTvAI0vLA,40.722469,-73.988984,.jpg"
satellite_40.7106011736_-73.984062065.png,"QbOA_7fC1XJpRVHQi6XBPg,40.710656,-73.984190,.jpg"
satellite_40.7509540853_-73.9831960422.png,"shECJ30a2aaQ8n_Tvp7sJw,40.751093,-73.983018,.jpg"
satellite_40.7168345502_-73.9914232588.png,"iYXtc8FwVW5O9G5xQIATNQ,40.716746,-73.991486,.jpg"
satellite_40.7161784053_-74.0135068404.png,"s1f-zetgnknTjWtFrdfyrw,40.716162,-74.013319,.jpg"
satellite_40.7545628822_-73.99488735.png,"W2zPXFY8mw-c_t9ShAIKmg,40.754467,-73.994879,.jpg"
satellite_40.7798244611_-73.9524522326.png,"4wZcjXE8oKd1fiSHbdLm8A,40.779934,-73.952569,.jpg"
satellite_40.7621085486_-73.9970524071.png,"bnA3TjmT-8Wc15DDy_l2Jg,40.761980,-73.997026,.jpg"
satellite_40.7506260128_-73.9736697913.png,"pM6abmkAuWCXHzi21HwaoQ,40.750482,-73.973763,.jpg"
satellite_40.7584997517_-73.992722293.png,"7oyoUZDDwkWMI30J2V7A9w,40.758413,-73.992555,.jpg"
satellite_40.773263012_-73.9827630308.png,"cKXg6FokaIKS0X2dRKN_OQ,40.773257,-73.982742,.jpg"
satellite_40.7443926362_-74.0018155325.png,"y1nERv4b_H3mY4UU1RvLqw,40.744306,-74.001938,.jpg"
satellite_40.7165064777_-73.9901242246.png,"7hCBrGUm9hLzdh8mLo33Xg,40.716515,-73.990189,.jpg"
satellite_40.7545628822_-73.9853610992.png,"fhDdPT_DKHcqmVdKCHkJoQ,40.754496,-73.985368,.jpg"
satellite_40.7496417954_-73.9831960422.png,"FoH89qcHKaJ8lnf9VVfqJA,40.749511,-73.983100,.jpg"
satellite_40.7624366211_-73.9650095632.png,"MM3O85uFlLFdoKGxYB3h3g,40.762516,-73.964988,.jpg"
satellite_40.7112573185_-74.0052796237.png,"oWY_tDEJtzeatS7icYCNcg,40.711182,-74.005317,.jpg"
satellite_40.7158503328_-73.9931553044.png,"MeWJvLach8Zry133Moi7sA,40.715958,-73.993090,.jpg"
satellite_40.7575155343_-73.9784329167.png,"pRXMQPz3zjrWgo9XQ-QeVw,40.757402,-73.978376,.jpg"
satellite_40.7037116521_-74.0100427491.png,"aFo4QMXeUN6zB6QZRew-lw,40.703861,-74.009929,.jpg"
satellite_40.7168345502_-73.9754018369.png,"an720jaNaC9FYWOJ2nJviA,40.716837,-73.975537,.jpg"
satellite_40.7552190271_-73.9888251904.png,"k9-CIhKYhEvd-3uSuKQ09w,40.755116,-73.988755,.jpg"
satellite_40.7184749124_-73.9901242246.png,"-ri5MC46siBj6ARnooO4jA,40.718439,-73.990078,.jpg"
satellite_40.7650612007_-73.9931553044.png,"uqYKPXONY0-7K339wxtuig,40.765166,-73.992951,.jpg"
satellite_40.7644050558_-73.9957533728.png,"VIwi4mf5iEiy7u9X3bh41g,40.764551,-73.995610,.jpg"
satellite_40.7194591298_-73.9970524071.png,"PuXdJA_zxwwMez4S2tI_NQ,40.719543,-73.997227,.jpg"
satellite_40.7660454181_-73.9931553044.png,"jXMb23RKYrUz3dd6L34_MQ,40.766046,-73.993082,.jpg"
satellite_40.7791683162_-73.9567823466.png,"xsWBaoYWkzrSRiq5qtFb8Q,40.779027,-73.956575,.jpg"
satellite_40.7214275645_-74.0096097377.png,"e6rv4haOWJ-TN6bhEZS3HQ,40.721450,-74.009583,.jpg"
satellite_40.7411119117_-73.9784329167.png,"XWlTVr78__FZKNv1OjobIw,40.741105,-73.978604,.jpg"
satellite_40.7375031147_-73.9857941106.png,"J3sq_dG1AkpxfCXBIcvYDA,40.737444,-73.985647,.jpg"
satellite_40.7178187675_-73.9970524071.png,"_0aW6bs7tXKIr_ab5R1tvQ,40.717812,-73.996924,.jpg"
satellite_40.7450487811_-73.9810309852.png,"ZkoJ6ebEyDR1Uaf_d9aVXA,40.745208,-73.980859,.jpg"
satellite_40.7680138528_-73.9624114948.png,"pYOAG-mhLtvNN77Z3PsFog,40.767988,-73.962430,.jpg"
satellite_40.7060081592_-74.0169709316.png,"XzOGEJ70bIBC7JKcc5ioVA,40.706138,-74.016873,.jpg"
satellite_40.7621085486_-73.9918562702.png,"9ptfmPdC9ktUVlVFmhoCMA,40.762231,-73.991770,.jpg"
satellite_40.7128976807_-73.9974854185.png,"w6MUnj_36gHGxmNq-e28jg,40.712778,-73.997361,.jpg"
satellite_40.77031036_-73.9831960422.png,"Up3ZesU5F6l7-VCZ6oF8Iw,40.770179,-73.983130,.jpg"
satellite_40.7158503328_-74.0074446807.png,"Z80RJWwv2ZTn46b6_zYsGA,40.715725,-74.007344,.jpg"
satellite_40.7368469698_-74.0057126351.png,"pU_TnI64NuFfWmGI3cIxxw,40.736962,-74.005610,.jpg"
satellite_40.7794963886_-73.9667416089.png,"Es4ldhAoTDpMr1EzbGGdWw,40.779528,-73.966873,.jpg"
satellite_40.7706384324_-73.9589474036.png,"g4mfcRyec_UdydDLtdKliQ,40.770778,-73.958938,.jpg"
satellite_40.7388154045_-73.990557236.png,"q33A4CmSNtPYNaks8dRXGw,40.738699,-73.990450,.jpg"
satellite_40.759483969_-73.9719377457.png,"zGsonkHahN4RYP6MR9DNGQ,40.759622,-73.972004,.jpg"
satellite_40.7053520143_-74.0048466123.png,"1tJZGLY00U1ZJnjX-PA3hA,40.705249,-74.004769,.jpg"
satellite_40.7647331283_-73.9987844527.png,"AJlo_WfaxwqYz0SQE1JP5w,40.764748,-73.998623,.jpg"
satellite_40.766701563_-73.9844950764.png,"LjoywH0ztWwa3eRzNgQ7Yg,40.766576,-73.984595,.jpg"
satellite_40.7273328687_-74.0078776921.png,"lDesqBGLJ0tcd3qMnnedSA,40.727396,-74.008092,.jpg"
satellite_40.7712945773_-73.9909902474.png,"KqT94iCF6XLD8MwppUEyug,40.771144,-73.990788,.jpg"
satellite_40.7565313169_-73.9719377457.png,"Nxj068GKDc_V-ynoHlrZ0g,40.756391,-73.972109,.jpg"
satellite_40.7040397245_-74.0104757605.png,"BEwfXFIAsPTaODzSncuIbA,40.703954,-74.010322,.jpg"
satellite_40.759483969_-73.981897008.png,"huJ_PJidcrE8-b5roPG9BQ,40.759642,-73.981756,.jpg"
satellite_40.7676857803_-73.9602464378.png,"33e0vbOnn82LHRJJoYQgbg,40.767844,-73.960138,.jpg"
satellite_40.7443926362_-73.9775668939.png,"PuknCubZHIGc3rop1OIIQg,40.744536,-73.977372,.jpg"
satellite_40.7778560264_-73.9754018369.png,"mpHH5lswmC0ZHYb0GAywLw,40.777713,-73.975411,.jpg"
satellite_40.7542348098_-73.9710717229.png,"fcAiubZLwOhbnPyrPVPYdQ,40.754391,-73.971210,.jpg"
satellite_40.7332381728_-74.0048466123.png,"DQfEOGPobOCWBx22tcj3sA,40.733304,-74.004829,.jpg"
satellite_40.7243802166_-74.0013825211.png,"U-nSLEVcRSH8WBHV8IafxA,40.724380,-74.001542,.jpg"
satellite_40.7644050558_-73.9896912132.png,"9IZv4SQZJQQRW4CpXI45XQ,40.764569,-73.989542,.jpg"
satellite_40.7794963886_-73.9741028027.png,"pJyDHhEndyCn5nVXOWQjBw,40.779623,-73.973913,.jpg"
satellite_40.7476733607_-73.9754018369.png,"26GYBMol1VR0OkpGyPXnDA,40.747802,-73.975215,.jpg"
satellite_40.7814648233_-73.9866601334.png,"2SetDM9B04NzIKnnCGMviw,40.781578,-73.986775,.jpg"
satellite_40.7726068671_-73.9732367799.png,"HN9ho0daHnDdJtBy-WZJCg,40.772731,-73.973419,.jpg"
satellite_40.7378311871_-74.0065786579.png,"HOBPnQdTlgvvJilrz4bswg,40.737688,-74.006488,.jpg"
satellite_40.7243802166_-74.0100427491.png,"ft5Yw2Eivqt8cotc_CYhQA,40.724221,-74.010221,.jpg"
satellite_40.7522663751_-73.9992174641.png,"mqh1d1qbI01N0aLwTMRi0A,40.752339,-73.999418,.jpg"
satellite_40.7578436068_-73.9693396773.png,"2h7fsIqJTvGjv3c6vsYJNQ,40.757951,-73.969246,.jpg"
satellite_40.7023993623_-74.0139398518.png,"qRGOsIIy5qeiO9hlu0YSuQ,40.702338,-74.013833,.jpg"
satellite_40.7706384324_-73.9857941106.png,"wn9tJNDX3eEBcV_i10wKBA,40.770505,-73.985790,.jpg"
satellite_40.7722787947_-73.9671746203.png,"NbWaXe8JvWDxtrBUsA7huQ,40.772192,-73.967243,.jpg"
satellite_40.7466891434_-73.9767008711.png,"X4eY9HfxVJsOorRhsP1epQ,40.746833,-73.976747,.jpg"
satellite_40.7388154045_-73.9732367799.png,"cWvaHKlDJpOzWHt05cwS7g,40.738899,-73.973284,.jpg"
satellite_40.7647331283_-73.9857941106.png,"6g0YuWf1li9hwKr2FG1UDw,40.764619,-73.985811,.jpg"
satellite_40.7348785351_-73.9836290536.png,"t0g-c-NpRI3FRx5ymWpX0Q,40.734979,-73.983413,.jpg"
satellite_40.763092766_-73.9844950764.png,"4UBKcadr33-nB0lv1sWhqg,40.763252,-73.984502,.jpg"
satellite_40.7312697381_-74.0026815553.png,"LNqCwNuMsxIukdhnyN2nsw,40.731258,-74.002660,.jpg"
satellite_40.7663734905_-73.9541842782.png,"NE044I3HPLxZ71MQREi9HQ,40.766508,-73.954006,.jpg"
satellite_40.7604681864_-73.9754018369.png,"5DhO1sGjBzsMijHhptxb8w,40.760325,-73.975601,.jpg"
satellite_40.7260205789_-74.0057126351.png,"myS7TkL8KFTaXF5JscoSPw,40.725909,-74.005811,.jpg"
satellite_40.7315978105_-73.988392179.png,"u3LWGpBJmhAc8StunqbP3A,40.731466,-73.988517,.jpg"
satellite_40.7562032445_-74.0057126351.png,"3291K4ZeSZiXp4JodmPfiw,40.756212,-74.005917,.jpg"
satellite_40.7791683162_-73.9723707571.png,"PYB4p-phQefkDz7TSWMkRg,40.779289,-73.972575,.jpg"
satellite_40.7693261426_-73.9693396773.png,"hI3TMK3mCMjbWmIQZ8q5pA,40.769388,-73.969283,.jpg"
satellite_40.7427522739_-73.9944543386.png,"KV_pieVlGhOt4EYVRGB2fw,40.742655,-73.994284,.jpg"
satellite_40.773263012_-73.9805979737.png,"-Ha8MScgsdqKeRhRvnGGwg,40.773125,-73.980418,.jpg"
satellite_40.7712945773_-73.9680406431.png,"9Yu5BYKQAh94scDfphsl9A,40.771349,-73.967854,.jpg"
satellite_40.7450487811_-74.0052796237.png,"vhwIf8DHq8pBpXsElMcRCg,40.745008,-74.005431,.jpg"
satellite_40.7332381728_-74.0039805895.png,"3nmPzn8nWZxgXSErHcNPaQ,40.733266,-74.004170,.jpg"
satellite_40.7430803464_-73.9767008711.png,"S0SFdnfY40iHWyo4jyrN1g,40.743075,-73.976873,.jpg"
satellite_40.7657173456_-73.9866601334.png,"POQY4GFZeYrFqle6i5sk4g,40.765863,-73.986823,.jpg"
satellite_40.7473452883_-73.9970524071.png,"oroCWBvccaOwMP44ejap2A,40.747385,-73.996966,.jpg"
satellite_40.7276609411_-73.9909902474.png,"bUhJmp2dS1gBd6n67G2nCA,40.727669,-73.991046,.jpg"
satellite_40.7591558966_-73.9732367799.png,"949sr44YeL97934pWvVu6g,40.759319,-73.973212,.jpg"
satellite_40.7010870725_-74.0139398518.png,"QGFb00P7DJ39XE35ISKz8Q,40.701115,-74.013904,.jpg"
satellite_40.7765437366_-73.9853610992.png,"KbxvU9QtawdOlAbc02u78g,40.776634,-73.985516,.jpg"
satellite_40.7358627524_-74.0065786579.png,"acPHb-1GzP8cQhniYtBt5A,40.735821,-74.006784,.jpg"
satellite_40.7607962588_-73.959380415.png,"xLt9OMQXBdRmzKFKCSB9WA,40.760935,-73.959297,.jpg"
satellite_40.7571874619_-73.9758348483.png,"SuZub21vwGc-FUtNVb2Rug,40.757159,-73.975876,.jpg"
satellite_40.7329101004_-74.0000834869.png,"U9koVm19ur_690U4OAgCUQ,40.732846,-73.999905,.jpg"
satellite_40.7660454181_-73.9836290536.png,"7bhL_ZJao8gUbqVxXrp43g,40.766139,-73.983573,.jpg"
satellite_40.731925883_-73.9992174641.png,"IGjBGOeoZjtB72db4jkjXg,40.731769,-73.999389,.jpg"
satellite_40.7404557668_-74.0044136009.png,"jPLGdyNKeGZw0MLgTNrMlw,40.740481,-74.004226,.jpg"
satellite_40.773263012_-73.950720187.png,"hMQdNtTYKn3E45huebIz0w,40.773178,-73.950579,.jpg"
satellite_40.7653892732_-73.9580813808.png,"__taRvZkgArqZN5mUhi9iQ,40.765354,-73.958126,.jpg"
satellite_40.728317086_-74.0026815553.png,"8JMmbVLZNh-DkFUUkKWw5g,40.728339,-74.002613,.jpg"
satellite_40.7384873321_-73.9836290536.png,"0Hj2HC5pgyRG3ltN59ZPqg,40.738422,-73.983465,.jpg"
satellite_40.780480606_-73.9723707571.png,"_wV69mfD9ChuXTjsgfgqLQ,40.780383,-73.972253,.jpg"
satellite_40.7115853909_-73.9953203614.png,"ZchIubuO84aTAMcujKDgVw,40.711491,-73.995473,.jpg"
satellite_40.714538043_-74.0113417833.png,"46YpxYQi7ody3JVh9Rb23A,40.714567,-74.011464,.jpg"
satellite_40.7683419252_-73.9849280878.png,"RfqzQGutZRHtCqnIfxOZuw,40.768442,-73.984802,.jpg"
satellite_40.7256925064_-73.990557236.png,"ar_ErIv1Ys6fRrp313uU9A,40.725847,-73.990504,.jpg"
satellite_40.7604681864_-73.9983514413.png,"iYPJCp1HHDqRep1jtxtDbQ,40.760514,-73.998549,.jpg"
satellite_40.7693261426_-73.9606794492.png,"05I-ou8l8igygZ3GsOWQCg,40.769372,-73.960872,.jpg"
satellite_40.7102731011_-74.0182699658.png,"QRU7r0_UmbhrJZNZKfbNcQ,40.710265,-74.018258,.jpg"
satellite_40.7325820279_-73.9775668939.png,"lRUbe_9e6Rp574CPqP8ZTA,40.732676,-73.977478,.jpg"
satellite_40.7722787947_-73.9541842782.png,"3JnzYoSZZlwptifJ7-axDA,40.772171,-73.954396,.jpg"
satellite_40.7437364913_-73.9788659281.png,"BP5v2f99M8gPgZxN8rrqyw,40.743622,-73.979034,.jpg"
satellite_40.7765437366_-73.9468230843.png,"xbUw2c6deNf_qfJ3E3dGww,40.776478,-73.946731,.jpg"
satellite_40.763092766_-73.9736697913.png,"qeN9QcYz626ClXUmfWJvNA,40.763081,-73.973874,.jpg"
satellite_40.71814684_-73.9992174641.png,"YbO1tFqFkw1EccSDwnbV6Q,40.718046,-73.999017,.jpg"
satellite_40.7621085486_-73.986227122.png,"Xdl_AV99dUSaDQ5PNKi37w,40.761973,-73.986340,.jpg"
satellite_40.7745753018_-73.9896912132.png,"irpG2lhtipWLTnGdG5Yb3Q,40.774533,-73.989585,.jpg"
satellite_40.7719507222_-73.9823300194.png,"dSWaCrkZnGQlj1gBLa4o3Q,40.771820,-73.982277,.jpg"
satellite_40.7453768536_-73.9909902474.png,"zPAORsfsl0l9DkTnFZBtYA,40.745513,-73.991187,.jpg"
satellite_40.7411119117_-73.9966193957.png,"VmKvk9tBcZRKYll5G5H5pQ,40.741236,-73.996454,.jpg"
satellite_40.7270047962_-74.0009495097.png,"tPQ_t-WPI8QJ8InSSsWnHg,40.727042,-74.000864,.jpg"
satellite_40.7214275645_-73.9987844527.png,"GrJ_OjdU6p3a6HCoVV7EXQ,40.721472,-73.998994,.jpg"
satellite_40.7102731011_-74.015238886.png,"EAtlZyHo2hPjzjUagr9MzA,40.710201,-74.015067,.jpg"
satellite_40.7286451585_-73.9896912132.png,"_l73r80sX6UtTAh2gdG8jw,40.728593,-73.989899,.jpg"
satellite_40.7791683162_-73.9849280878.png,"vtUCf3bqmiIoJOJkhE6FGA,40.779136,-73.984975,.jpg"
satellite_40.7338943177_-73.9836290536.png,"mdHhEIOztzjAJnKoHykuHQ,40.733995,-73.983737,.jpg"
satellite_40.7719507222_-73.9914232588.png,"jlU8E-3eZEIS6jJ6xYcbxg,40.772078,-73.991545,.jpg"
satellite_40.7050239419_-74.0122078062.png,"aXVz6wBGatFRGJWDzMFuNg,40.705003,-74.012379,.jpg"
satellite_40.728317086_-73.9879591676.png,"BYPIc9AuYxjaEWW51ztVDw,40.728190,-73.987967,.jpg"
satellite_40.7798244611_-73.9697726887.png,"Wf8IrENLXdYs6Uk-_HrHqw,40.779683,-73.969954,.jpg"
satellite_40.7634208385_-73.9827630308.png,"hBunaRoRv6FcHEZF5YjKUQ,40.763388,-73.982881,.jpg"
satellite_40.7489856505_-73.9914232588.png,"FQbTwcSrKLcKHod3i2HSoQ,40.748853,-73.991452,.jpg"
satellite_40.742096129_-73.9888251904.png,"_3P0HsUJFpUdOK56r9N9Ng,40.742226,-73.988955,.jpg"
satellite_40.7309416656_-73.9853610992.png,"pctON0aHtGvrkN4qBnEj2g,40.730797,-73.985396,.jpg"
satellite_40.7581716792_-73.9814639966.png,"vI3-_VoN7CYoWejsigV-zg,40.758264,-73.981621,.jpg"
satellite_40.7588278241_-73.9953203614.png,"lkGzy5Gxz0G4MUgN7TbDng,40.758746,-73.995353,.jpg"
satellite_40.7824490407_-73.9580813808.png,"Tnidm14pSiv7uLc7H1fzFg,40.782293,-73.958174,.jpg"
satellite_40.7453768536_-74.0061456465.png,"fibD1yOkJZRe3XBajOKBKg,40.745321,-74.006157,.jpg"
satellite_40.7568593894_-73.9619784834.png,"lN2sFmc35_5q4l4qNyAcJw,40.757012,-73.961914,.jpg"
satellite_40.7562032445_-74.0013825211.png,"1B_60VNm-rValppk0L0GTg,40.756326,-74.001214,.jpg"
satellite_40.7814648233_-73.9710717229.png,"GffuNE36t2PjyR6aUggZyQ,40.781497,-73.970876,.jpg"
satellite_40.7384873321_-73.9996504755.png,"0-rkGvehXDGKeffJ6PCL4Q,40.738568,-73.999684,.jpg"
satellite_40.7778560264_-73.9658755861.png,"CTHfD4Go4ZnO5kvqQGYLHg,40.777886,-73.966022,.jpg"
satellite_40.7250363615_-73.9983514413.png,"1Du3sJHDYPo_YxcPjnNLYA,40.724952,-73.998333,.jpg"
satellite_40.7499698679_-74.0074446807.png,"oA524rgi7H1PRDWyDafUOA,40.750004,-74.007656,.jpg"
satellite_40.7798244611_-73.9559163238.png,"JkSFVzwplbd82ui_FcSaNw,40.779674,-73.955994,.jpg"
satellite_40.724708289_-73.9749688255.png,"aBw9cDYWiu-5cnEoPAt3LA,40.724701,-73.974754,.jpg"
satellite_40.7375031147_-74.0078776921.png,"MZeGHHk8947N9C5N99euWg,40.737556,-74.008024,.jpg"
satellite_40.7171626226_-73.9827630308.png,"acxGgHLgfIaTbLHZ3J1ZUA,40.717129,-73.982837,.jpg"
satellite_40.7122415358_-74.0044136009.png,"lW8fCoXtz11o3PxJKaZn9Q,40.712112,-74.004548,.jpg"
satellite_40.7443926362_-74.0074446807.png,"pdHzSUnY2om1WPv1FZ1KbA,40.744259,-74.007273,.jpg"
satellite_40.7785121713_-73.9771338825.png,"voHuUirOl7G9td7_ymypXg,40.778452,-73.977167,.jpg"
satellite_40.7565313169_-73.9944543386.png,"6FRpQUn21M3G2fjHDwGjvA,40.756666,-73.994350,.jpg"
satellite_40.7722787947_-73.9567823466.png,"hRHWKnug5pJjRfZNZAca3Q,40.772405,-73.956916,.jpg"
satellite_40.7348785351_-74.0061456465.png,"YXFR3yZwcCxR94_NOdv4gQ,40.734788,-74.006137,.jpg"
satellite_40.7650612007_-73.959380415.png,"WTAWI9Yco-UOIfsuYPEoMg,40.765020,-73.959272,.jpg"
satellite_40.728317086_-74.0096097377.png,"Df9WBmKKLKevuEWxtvJ4bA,40.728382,-74.009487,.jpg"
satellite_40.7601401139_-73.9914232588.png,"4bkOMzOx5whVLf6aAvZJVw,40.760025,-73.991473,.jpg"
satellite_40.7778560264_-73.9879591676.png,"GPlqgvB9ADDmellWE7gl3w,40.777871,-73.987797,.jpg"
satellite_40.7755595192_-73.950720187.png,"aZHYtyii4QpgZ-fhmUerWg,40.775672,-73.950605,.jpg"
satellite_40.7125696083_-73.9922892816.png,"1vi-jvFwlnTgFrLFWcXs2g,40.712470,-73.992417,.jpg"
satellite_40.7696542151_-73.9728037685.png,"5ARIEFn2YHXTNac5d5-qwA,40.769757,-73.972704,.jpg"
satellite_40.7621085486_-73.9676076317.png,"1Q-Dr41SJQlDYZa2vPlEOQ,40.762049,-73.967765,.jpg"
satellite_40.7545628822_-73.9797319509.png,"Sn_dz98r6nR7IwRpmbQmyQ,40.754667,-73.979664,.jpg"
satellite_40.7473452883_-73.9797319509.png,"WQPvmxzpvAIGlSDymC6iZQ,40.747207,-73.979555,.jpg"
satellite_40.7352066075_-74.0031145667.png,"SopozKG6rL5uCp5nFtAWOg,40.735080,-74.003217,.jpg"
satellite_40.7453768536_-73.992722293.png,"Icr_AT6S13fdrFaQbm7jQg,40.745313,-73.992650,.jpg"
satellite_40.721755637_-74.0009495097.png,"VWMiFLdmeJEQvD5YX6R1FA,40.721794,-74.001000,.jpg"
satellite_40.7824490407_-73.9541842782.png,"QeMrHvGeViVp2lm-Uf6Qww,40.782325,-73.954334,.jpg"
satellite_40.77031036_-73.9498541641.png,"co-r7kQ_k5sGUMZwCZoxLA,40.770262,-73.949857,.jpg"
satellite_40.7184749124_-73.9944543386.png,"wfSy4ArXV7B0LG2ETO9t3g,40.718348,-73.994436,.jpg"
satellite_40.7539067373_-73.9831960422.png,"pfv5z0y-gvKa4LzOyLZ6wQ,40.753888,-73.983336,.jpg"
satellite_40.7453768536_-73.9728037685.png,"CTCpIy1egNjqbiSBfiZ1iA,40.745246,-73.972984,.jpg"
satellite_40.7306135932_-73.9853610992.png,"AIo6LmpPlkzXLgufTV5fAw,40.730713,-73.985196,.jpg"
satellite_40.7233959992_-74.0087437149.png,"gN0c-Ytt0dpVrvbV2W-U5g,40.723345,-74.008542,.jpg"
satellite_40.7486575781_-74.0065786579.png,"qqNBPjGqQLLmp0M9CrgXog,40.748749,-74.006671,.jpg"
satellite_40.7788402437_-73.9459570615.png,"sgP3Fsaqlhw9bsCW4dr8fQ,40.778817,-73.946029,.jpg"
satellite_40.7686699977_-73.9576483694.png,"aV1lBvBI_YrP4V05iNaKaw,40.768511,-73.957660,.jpg"
satellite_40.7148661155_-73.9987844527.png,"xhKASAIgNOY_zKT1dTLGAg,40.714816,-73.998853,.jpg"
satellite_40.742096129_-73.992722293.png,"z2AvaLNP08iwdRkwVVdZzA,40.742074,-73.992907,.jpg"
satellite_40.7273328687_-74.0096097377.png,"loHI9eb574rDImoJuW7sqA,40.727351,-74.009677,.jpg"
satellite_40.7716226498_-73.9650095632.png,"VF96eZftgiTjE5ghggIkjQ,40.771595,-73.964990,.jpg"
satellite_40.7683419252_-73.9953203614.png,"RH13xo1Lug1_Lg3DQenoVA,40.768391,-73.995486,.jpg"
satellite_40.7168345502_-74.0117747947.png,"2bswy8OHeMNNXucTs_Re8Q,40.716719,-74.011868,.jpg"
satellite_40.7440645637_-73.9857941106.png,"z5-MUwe7xhAUoD7PnfEMlw,40.743967,-73.985589,.jpg"
satellite_40.7266767238_-74.0057126351.png,"8nX7PapckWzsZ2HAZIjMKw,40.726637,-74.005640,.jpg"
satellite_40.7624366211_-74.0013825211.png,"EqZdKyXZeLXwkL70shf8rQ,40.762443,-74.001370,.jpg"
satellite_40.7161784053_-73.9797319509.png,"w20r8SxpJwROZol4tiBhcQ,40.716242,-73.979847,.jpg"
satellite_40.776871809_-73.9658755861.png,"YQrcmDVIyxIGeXlXbdgvtQ,40.776733,-73.965702,.jpg"
satellite_40.7739191569_-73.9719377457.png,"BBHMtxWAQZPsgTN_6UMSXg,40.773900,-73.972144,.jpg"
satellite_40.7483295056_-73.9745358141.png,"EGRhiFh62rcnVmQgJlYe6w,40.748298,-73.974481,.jpg"
satellite_40.7135538257_-73.9771338825.png,"VMAn6ZnxtlAzokjfKqIg0g,40.713481,-73.977257,.jpg"
satellite_40.7440645637_-74.0009495097.png,"z1L1Kc9nwT2n2b3bkzqcFA,40.743956,-74.001109,.jpg"
satellite_40.7739191569_-73.9844950764.png,"00G1Ys-Xzfag9A2yHR1d4Q,40.774071,-73.984656,.jpg"
satellite_40.7463610709_-74.0070116693.png,"hpmSkR8Y0D1mI1AdUauiPQ,40.746482,-74.007108,.jpg"
satellite_40.7125696083_-74.0044136009.png,"07XZElN4_plLFi3VUyCFsQ,40.712666,-74.004427,.jpg"
satellite_40.7233959992_-73.9741028027.png,"03Phkm-0lrZ--fR78UVTww,40.723352,-73.974018,.jpg"
satellite_40.7299574483_-73.9788659281.png,"VPzqZocE53ti_DnVmsdcGA,40.729859,-73.978689,.jpg"
satellite_40.7775279539_-73.9827630308.png,"MH83R1jcOVKJIAiXDQrt4Q,40.777438,-73.982912,.jpg"
satellite_40.7086327389_-74.0122078062.png,"xPhtx71PGnQ_1Uv9KlOOZg,40.708661,-74.012383,.jpg"
satellite_40.7279890136_-74.0022485439.png,"BGSQkWRFM38w47QDk9ftIw,40.728057,-74.002140,.jpg"
satellite_40.7644050558_-73.9632775176.png,"lUL18wUNBQvXF9JyvNM77A,40.764292,-73.963373,.jpg"
satellite_40.7735910845_-73.959380415.png,"YPDs4y-2D4SQORaf8BDvCQ,40.773516,-73.959546,.jpg"
satellite_40.7473452883_-73.9823300194.png,"7RCCnVi8SKyn4_VHR-aKKg,40.747431,-73.982158,.jpg"
satellite_40.7233959992_-73.9775668939.png,"YzqGQyHCm51rZzs0cSJlmw,40.723478,-73.977414,.jpg"
satellite_40.7755595192_-73.9641435404.png,"N-np2bmKJje0ipavVgmAVg,40.775471,-73.964175,.jpg"
satellite_40.7614524037_-73.9801649623.png,"LkMpsr-2hEkq68A9s1J6Ug,40.761335,-73.979962,.jpg"
satellite_40.7670296354_-73.9515862098.png,"Km6bi1tSyJ6sGSKnBANFlw,40.766922,-73.951795,.jpg"
satellite_40.7735910845_-73.9797319509.png,"K6r9MRQ3NJUxHK42AFZMIw,40.773609,-73.979646,.jpg"
satellite_40.7306135932_-73.992722293.png,"j_s-0eQYORMv4Mxoe-o_ow,40.730635,-73.992529,.jpg"
satellite_40.7581716792_-73.9728037685.png,"cZpBnXm7yiQO663C3gw5Zw,40.758243,-73.972614,.jpg"
satellite_40.7276609411_-73.990557236.png,"96uH7y4CDmGIwkv0EvyUqA,40.727536,-73.990732,.jpg"
satellite_40.7624366211_-73.9667416089.png,"I8Gc6t4ZpQb94qMHIFLNnA,40.762392,-73.966631,.jpg"
satellite_40.7801525335_-73.9706387115.png,"CZE6j0_QM6DklqUFL8y9xA,40.780178,-73.970508,.jpg"
satellite_40.731925883_-74.0000834869.png,"xQrKXvzu4xyM8mVOyl5BoQ,40.732005,-73.999871,.jpg"
satellite_40.7601401139_-73.9741028027.png,"GIPIXEz3HgYtSlKG47KdCQ,40.760013,-73.974017,.jpg"
satellite_40.7069923766_-74.0156718974.png,"_IyyQSaetfvNt_6N2dXqaQ,40.707106,-74.015625,.jpg"
satellite_40.7552190271_-73.990557236.png,"rB0olCrSH3ea-CGH172nUw,40.755103,-73.990638,.jpg"
satellite_40.7525944475_-73.9792989395.png,"LgUWduoapuRBbOIOo8_duA,40.752602,-73.979439,.jpg"
satellite_40.7824490407_-73.9559163238.png,"hpGzdC8cu5dhWkNpH5dxrQ,40.782392,-73.955724,.jpg"
satellite_40.7138818981_-73.990557236.png,"BNrxfpeWzTpTTXvcI5_8sw,40.714022,-73.990659,.jpg"
satellite_40.7237240717_-74.0074446807.png,"z1sjw9XrYN-AOLci-7QXMA,40.723743,-74.007610,.jpg"
satellite_40.7640769834_-73.957215358.png,"FSzSowWRGlobB7EjdDKRpg,40.764099,-73.957082,.jpg"
satellite_40.7519383026_-74.0005164983.png,"fFh_Pkyv_c1tZZuZdSc0AQ,40.752035,-74.000420,.jpg"
satellite_40.7604681864_-73.9836290536.png,"rPHgcVQB0qfjL4a2_4VVYg,40.760616,-73.983622,.jpg"
satellite_40.776871809_-73.9537512668.png,"JHUmAP9xZnDdg-yKbyEzSg,40.776963,-73.953657,.jpg"
satellite_40.7161784053_-74.0057126351.png,"pj341RzTgNr0pNs7cgPgvg,40.716103,-74.005716,.jpg"
satellite_40.7073204491_-74.013073829.png,"vXkMK4-uOcrmPiVBqflaMQ,40.707424,-74.013212,.jpg"
satellite_40.7378311871_-74.0018155325.png,"P6XoQzw-JpFd7Wb7OmeLlQ,40.737680,-74.001759,.jpg"
satellite_40.7758875917_-73.959380415.png,"4RVN-Y4qHadVl072K48JKA,40.776042,-73.959351,.jpg"
satellite_40.7365188973_-73.9771338825.png,"IUw_nlrNRiu1dDOxKVqRag,40.736539,-73.977087,.jpg"
satellite_40.7237240717_-73.9961863842.png,"bJkedC6QhMeZ_jDYY9Ncww,40.723806,-73.996368,.jpg"
satellite_40.7174906951_-74.0135068404.png,"EVdeif5Wp2oj5WxHoQeN9g,40.717501,-74.013580,.jpg"
satellite_40.7516102302_-73.9979184299.png,"ybxoOqi-8g6UjWltIdaQ4A,40.751504,-73.997802,.jpg"
satellite_40.7637489109_-73.9541842782.png,"8uVYiONTy4HSWAQAAd7D3A,40.763743,-73.954127,.jpg"
satellite_40.7315978105_-73.9857941106.png,"8IOhrcqnZT0E_4b8GfVYXw,40.731736,-73.985616,.jpg"
satellite_40.7791683162_-73.9870931448.png,"yIFaJ1jWHZRRC7Wdlhhbbw,40.779239,-73.987246,.jpg"
satellite_40.7689980701_-73.9723707571.png,"PP5OKA26kOcxOvW5toUg7w,40.768897,-73.972467,.jpg"
satellite_40.7279890136_-73.99488735.png,"0-ZmkAqDWJxr1cwA8itpcQ,40.727829,-73.994778,.jpg"
satellite_40.7201152747_-74.0113417833.png,"LwwpEFhuwDlVGtwnHPjjXA,40.720245,-74.011471,.jpg"
satellite_40.7811367509_-73.9771338825.png,"hbt283bR1dyfUureOJ4akg,40.780986,-73.977248,.jpg"
satellite_40.7532505924_-73.9966193957.png,"MGWAhbjgRZcRl1ib3GgvqQ,40.753231,-73.996441,.jpg"
satellite_40.7709665049_-73.9728037685.png,"JHmI-dSafWavQEur58Lcdw,40.770921,-73.972633,.jpg"
satellite_40.7509540853_-73.9767008711.png,"qwWl82L7lNdHh3fl9n5jyA,40.750928,-73.976881,.jpg"
satellite_40.7758875917_-73.9606794492.png,"d8rFoTHJN7M1WU_iwFAaWQ,40.775741,-73.960637,.jpg"
satellite_40.7686699977_-73.9875261562.png,"yigR5g9tI1mDUq-6THByhQ,40.768683,-73.987516,.jpg"
satellite_40.7394715494_-74.0022485439.png,"E1ZrZu_gLcTXcHj83OnseA,40.739564,-74.002041,.jpg"
satellite_40.7148661155_-73.9762678597.png,"YfI66g-L9lcDQ4izZdlrUg,40.715015,-73.976459,.jpg"
satellite_40.7683419252_-73.9779999053.png,"dL3Fvt6zBNFN4DVzDjEjqA,40.768255,-73.978143,.jpg"
satellite_40.7716226498_-73.9628445062.png,"Ap5FcaRQMuRuXzjlrKerbw,40.771519,-73.962703,.jpg"
satellite_40.73553468_-74.0048466123.png,"oNNDsqp06-o0nRdKYCU33g,40.735578,-74.005024,.jpg"
satellite_40.7476733607_-73.9940213272.png,"Q7nFwDfOGqOZt_cUDaMnVg,40.747517,-73.994024,.jpg"
satellite_40.7604681864_-73.9736697913.png,"QHvjT8mXJ8J9MdkvCaqErw,40.760368,-73.973763,.jpg"
satellite_40.7256925064_-74.0018155325.png,"KJaOdJChTn2xYx0vTj7zsA,40.725658,-74.001994,.jpg"
satellite_40.7102731011_-73.9866601334.png,"Skcb_3AVcV3LEEQJ0-ZmVg,40.710287,-73.986645,.jpg"
satellite_40.7194591298_-73.9849280878.png,"Nub477WKPWoZMvpvnP0Dfg,40.719430,-73.984914,.jpg"
satellite_40.7749033743_-73.9892582018.png,"qVn9_Ax2zA1gIDZyqIjKxA,40.775036,-73.989291,.jpg"
satellite_40.7076485215_-73.9987844527.png,"MklO2oz7XoofzefqIqey1g,40.707797,-73.998989,.jpg"
satellite_40.7243802166_-74.0022485439.png,"LAYLlDMFrEhvrhfRmcUtAg,40.724309,-74.002139,.jpg"
satellite_40.7358627524_-74.0052796237.png,"HLHi7b8cy66tHw_U07tTCw,40.735934,-74.005431,.jpg"
satellite_40.7270047962_-74.0052796237.png,"wTJKJHkKp2NqRYZ_flArBQ,40.727120,-74.005176,.jpg"
satellite_40.7030555072_-74.0113417833.png,"dwEtjQDHI8257BPfK_5h9A,40.702977,-74.011470,.jpg"
satellite_40.7171626226_-73.9953203614.png,"cmrmWuqeKia7t8LcOQpObA,40.717220,-73.995491,.jpg"
satellite_40.7450487811_-73.9723707571.png,"J_Nt18Xms-uSkvZxSdalNA,40.745115,-73.972551,.jpg"
satellite_40.7591558966_-73.9684736545.png,"ep_tiMjlslyBE2dyYpfYtw,40.759012,-73.968578,.jpg"
satellite_40.7378311871_-74.0039805895.png,"_JENRYk5bEWoxKM4sRFhCA,40.737719,-74.003891,.jpg"
satellite_40.7240521441_-74.0039805895.png,"SB3eCzahJVMfWeCbdJnC5Q,40.723908,-74.004086,.jpg"
satellite_40.7657173456_-73.9676076317.png,"3IrUHOgDqGwCMuMo_FCgaQ,40.765570,-73.967730,.jpg"
satellite_40.7502979403_-73.9831960422.png,"vMi6oznLo1zrBnJam9uBQA,40.750415,-73.983117,.jpg"
satellite_40.755875172_-73.9650095632.png,"pxoMPHMHfdlJubZ-ZpG86w,40.755903,-73.965112,.jpg"
satellite_40.77031036_-73.9758348483.png,"ucyPaZgJ7xFvtbEiTELvzw,40.770151,-73.976008,.jpg"
satellite_40.7653892732_-73.9758348483.png,"--wTtt97XIlRI6FDhnobNA,40.765495,-73.975664,.jpg"
satellite_40.7368469698_-73.9771338825.png,"CaNR8Jlm6GmDvNbxw3jkjQ,40.736762,-73.977183,.jpg"
satellite_40.7611243313_-73.9632775176.png,"aYl9C4pncIaxoh0fbcVPAg,40.761034,-73.963402,.jpg"
satellite_40.7056800868_-74.0057126351.png,"g9eBGpvVA-rAMck0BhLx6g,40.705650,-74.005712,.jpg"
satellite_40.7329101004_-74.0100427491.png,"QjRxwBSijWq7TpY1swzxqg,40.732844,-74.009851,.jpg"
satellite_40.759483969_-73.9814639966.png,"YThKZEur1U8zIrWbzw3AhQ,40.759505,-73.981436,.jpg"
satellite_40.7060081592_-74.015238886.png,"6toV01IluaHJLc810FWWZA,40.705976,-74.015267,.jpg"
satellite_40.7722787947_-73.9827630308.png,"sNZeNYVgHPgLrZMLN8MzxQ,40.772241,-73.982573,.jpg"
satellite_40.7584997517_-73.9805979737.png,"EHxbOM3gTu98_eRQbgQbIg,40.758415,-73.980789,.jpg"
satellite_40.7699822875_-73.9476891071.png,"cf8bnzzWKeaprs9hpC3Q-g,40.770128,-73.947831,.jpg"
satellite_40.7073204491_-74.0104757605.png,"YZxG7iDJxgeWoIsJKID6Cw,40.707276,-74.010591,.jpg"
satellite_40.7201152747_-73.9953203614.png,"ixTMU6MxYoIBleb5QRxJoA,40.719971,-73.995236,.jpg"
satellite_40.7476733607_-73.9697726887.png,"APpqHjXyfFl-7o29CgGbQQ,40.747731,-73.969680,.jpg"
satellite_40.724708289_-73.984062065.png,"SL_BCyvTb7jc-MGU3es02Q,40.724650,-73.983914,.jpg"
satellite_40.7627646935_-73.9619784834.png,"djwHLYuEVri6MDhuDtIz6g,40.762839,-73.961849,.jpg"
satellite_40.721755637_-73.9987844527.png,"Zfr_Q4DMwBWGtOMyTk2AYA,40.721807,-73.998709,.jpg"
satellite_40.7286451585_-73.9944543386.png,"TJ87kEIgfY3DiwT89eskfw,40.728595,-73.994668,.jpg"
satellite_40.7466891434_-74.0048466123.png,"GlzZzDcxsu3qsmqvLKyEaw,40.746632,-74.004957,.jpg"
satellite_40.7598120415_-73.9979184299.png,"rIbq3X0w6xQMEaCxYA73MA,40.759762,-73.997858,.jpg"
satellite_40.7066643041_-74.0057126351.png,"solJibs6cEw9baT1PYbxIg,40.706561,-74.005920,.jpg"
satellite_40.7233959992_-73.9805979737.png,"qySJkU3906yYzKcdkiGc3A,40.723353,-73.980808,.jpg"
satellite_40.7315978105_-74.0074446807.png,"UPIIi8cKPYyMa9fqEwd2Ww,40.731742,-74.007316,.jpg"
satellite_40.7240521441_-74.0078776921.png,"C47GFLIxTCgWRAyxPIgXPg,40.723941,-74.007893,.jpg"
satellite_40.7663734905_-73.9918562702.png,"o-LQ2YBepVniSyk_b1SaOQ,40.766277,-73.991681,.jpg"
satellite_40.7375031147_-74.0061456465.png,"W3w5XsG02BBSaOa58s55zg,40.737547,-74.005967,.jpg"
satellite_40.7781840988_-73.9541842782.png,"5hWCiY8aYsavybNLVNo5eg,40.778309,-73.954364,.jpg"
satellite_40.7434084188_-73.9784329167.png,"1qKjuuWIFgACCIryYaMMvA,40.743314,-73.978310,.jpg"
satellite_40.7473452883_-73.9788659281.png,"EKkAz1l0Glsdm9ffVKCK2w,40.747415,-73.978989,.jpg"
satellite_40.7683419252_-73.952885244.png,"HJ3IvSkeI3MA5MZPbYBYKA,40.768295,-73.953063,.jpg"
satellite_40.7197872023_-73.9857941106.png,"-YjWOUisnYyzlBLnnlHAuA,40.719646,-73.985764,.jpg"
satellite_40.7637489109_-73.9619784834.png,"J0cxX9nPYlCIont3BKa3Lw,40.763650,-73.961844,.jpg"
satellite_40.7411119117_-73.9922892816.png,"EkJkkRueEMeBMkXALL4Kog,40.741054,-73.992408,.jpg"
satellite_40.7135538257_-74.0113417833.png,"VwSGnVAPC5sCHAU_lY8PDw,40.713417,-74.011170,.jpg"
satellite_40.7650612007_-73.9879591676.png,"xCLaRuW1i8ifcg5C4LrLKA,40.764995,-73.987858,.jpg"
satellite_40.7381592596_-74.0096097377.png,"-JFcFqkjzlCnMHK6edFBfg,40.738160,-74.009632,.jpg"
satellite_40.7473452883_-73.9914232588.png,"xCiOfx8uu2DhudfrjoSS_g,40.747232,-73.991424,.jpg"
satellite_40.7191310573_-73.9966193957.png,"gtPP2pQCg5dYKgrJBKcybQ,40.719162,-73.996805,.jpg"
satellite_40.7243802166_-73.9935883158.png,"H9EjWa76jfEdKvGbI5AvqQ,40.724364,-73.993491,.jpg"
satellite_40.7539067373_-73.9987844527.png,"AFKKn4rpKBthyJclJp0t-A,40.753807,-73.998605,.jpg"
satellite_40.776871809_-73.9857941106.png,"rZiZTxBSH--yGsxMktZS4g,40.776745,-73.985836,.jpg"
satellite_40.763092766_-73.992722293.png,"9EFUHJ-Eyj6cpBS80qj3HA,40.763162,-73.992901,.jpg"
satellite_40.7604681864_-74.0031145667.png,"KZAMRHoBZ3wvFL8IQ-CE7g,40.760363,-74.003139,.jpg"
satellite_40.77031036_-73.9823300194.png,"SKn8deWGIRyUdUKVKjlPPw,40.770402,-73.982241,.jpg"
satellite_40.7644050558_-73.9875261562.png,"GVOSyrezO8flQ7YstwMXBA,40.764520,-73.987503,.jpg"
satellite_40.7440645637_-73.9767008711.png,"nJ6byi9Sc48McrAcpmGiGg,40.744221,-73.976625,.jpg"
satellite_40.7811367509_-73.9537512668.png,"NQ_tg0fpj7Gsf-jenV7a5A,40.781291,-73.953854,.jpg"
satellite_40.7522663751_-73.9892582018.png,"OKH9WN53LwTJ0527PMXADg,40.752119,-73.989305,.jpg"
satellite_40.7476733607_-73.9715047343.png,"E6IbNfMuhDmFV4mXsEHZjA,40.747777,-73.971328,.jpg"
satellite_40.7148661155_-74.0061456465.png,"WnQLChrN4cW994OwXY4dKg,40.714812,-74.006190,.jpg"
satellite_40.7598120415_-73.9745358141.png,"_92iuVaP3AGcwhBcbfxBlg,40.759898,-73.974585,.jpg"
satellite_40.7306135932_-74.0000834869.png,"Dr63ce6MeYkL7BA3kNzHVA,40.730469,-74.000185,.jpg"
satellite_40.7069923766_-74.0009495097.png,"NLMrkPBhFc2TAIIMha6u5Q,40.707113,-74.001013,.jpg"
satellite_40.7696542151_-73.9606794492.png,"ZhCqQzhADinxyZvbrtl4KA,40.769587,-73.960716,.jpg"
satellite_40.7312697381_-73.9996504755.png,"qHFgsqXA-bC7aqoKICoCvA,40.731206,-73.999485,.jpg"
satellite_40.7388154045_-73.9810309852.png,"VfXPu0msLBaP8qfNK-qajg,40.738799,-73.981007,.jpg"
satellite_40.7525944475_-74.0009495097.png,"yRACMlRC-kAYSuf4HwsROg,40.752448,-74.000750,.jpg"
satellite_40.7562032445_-73.9892582018.png,"T8Omoz5dVO7wI-yRtxg2fQ,40.756219,-73.989443,.jpg"
satellite_40.7827771132_-73.9511531984.png,"55VrKu4iQkGkj3o-JvhdNA,40.782629,-73.951204,.jpg"
satellite_40.7263486513_-74.0039805895.png,"GSPVIXR_iQglhLaDNzca-Q,40.726195,-74.003790,.jpg"
satellite_40.7621085486_-73.9875261562.png,"8D9DHeoBvoVXWaQF1Qn_rQ,40.762054,-73.987498,.jpg"
satellite_40.7260205789_-73.986227122.png,"CLV4YGvNFmcHJep7fJm8PQ,40.726096,-73.986380,.jpg"
satellite_40.71814684_-73.9987844527.png,"JRNtgMHkI9JPlHoTRsqKpQ,40.718201,-73.998923,.jpg"
satellite_40.7135538257_-73.9801649623.png,"SKLFSbIl5Mglg1F0s7Ahsg,40.713634,-73.980233,.jpg"
satellite_40.755875172_-73.9961863842.png,"NW9-63KRF4UgEKxef5u_mA,40.755907,-73.996389,.jpg"
satellite_40.7644050558_-73.9580813808.png,"_LweDZuD7-2DZokkEa8wxg,40.764533,-73.958109,.jpg"
satellite_40.7342223902_-73.9836290536.png,"LfJklI6Msip0vErZN0mNSg,40.734288,-73.983593,.jpg"
satellite_40.7404557668_-73.981897008.png,"_bPkic4Bt6IHmdz0PlALDg,40.740449,-73.981964,.jpg"
satellite_40.7650612007_-73.9576483694.png,"HCgQzQaemGNDX47zaYxEvA,40.765224,-73.957806,.jpg"
satellite_40.7499698679_-73.9831960422.png,"e7S9BCABjiC2qV9pUg5Ciw,40.750095,-73.983356,.jpg"
satellite_40.7650612007_-73.9792989395.png,"3H1mi3Td1CGNX6YXftVgcg,40.765183,-73.979206,.jpg"
satellite_40.7706384324_-73.990557236.png,"1Mo-gaNCThCYLA9ymM63fg,40.770772,-73.990390,.jpg"
satellite_40.7486575781_-73.9814639966.png,"80Hr5zIpVD1zTiM5Zswoiw,40.748762,-73.981315,.jpg"
satellite_40.745704926_-73.9914232588.png,"IIMvcskXcSOZYaFzkb__gA,40.745656,-73.991525,.jpg"
satellite_40.7076485215_-74.0182699658.png,"u3nJkICFFgTKd9jEuyO2fg,40.707752,-74.018068,.jpg"
satellite_40.7817928958_-73.9585143922.png,"54U3npv9kRwmZbWkRS5Sgw,40.781696,-73.958675,.jpg"
satellite_40.7184749124_-74.015238886.png,"LbOMiV3BWArMqGtpFM2eyw,40.718436,-74.015147,.jpg"
satellite_40.7794963886_-73.9476891071.png,"tR7dCIIVAUtuvUHbrSeZtw,40.779473,-73.947475,.jpg"
satellite_40.7073204491_-74.0087437149.png,"Pz9E76TlhQ4DEpQJW3l7BQ,40.707451,-74.008552,.jpg"
satellite_40.7378311871_-73.9775668939.png,"HhjhqTh1sSm3q2RRh_zWvg,40.737962,-73.977741,.jpg"
satellite_40.7253644339_-73.9896912132.png,"Z3gjcGcbhPuCfaLeLA7f0g,40.725451,-73.989564,.jpg"
satellite_40.707976594_-74.0143728632.png,"DLEg61V7VWE2mt-abXG-uw,40.708055,-74.014450,.jpg"
satellite_40.7378311871_-73.9961863842.png,"A0EES-Sl4frFi7NT91Rf2w,40.737903,-73.995986,.jpg"
satellite_40.7781840988_-73.9567823466.png,"uEtAPCVOjoPkVSPtRS4z6g,40.778224,-73.956649,.jpg"
satellite_40.7785121713_-73.955050301.png,"Xd4hz5RtErl9GO4-_yA0Nw,40.778427,-73.955163,.jpg"
satellite_40.7778560264_-73.9896912132.png,"UeYGVPFZ7S2KsrtGzVTnLA,40.777999,-73.989683,.jpg"
satellite_40.7207714196_-73.9953203614.png,"IIYt3oW35-K2e9RdNCRyug,40.720741,-73.995285,.jpg"
satellite_40.7178187675_-73.9762678597.png,"vQFcj7cpy3KaTWc2GFAs8Q,40.717887,-73.976159,.jpg"
satellite_40.7519383026_-73.9732367799.png,"SFFb5BlJTOt2NZj-sGuwqA,40.751921,-73.973169,.jpg"
satellite_40.7673577079_-73.9736697913.png,"Mhk1ba-FhJZTtjd5s1u22w,40.767298,-73.973506,.jpg"
satellite_40.7233959992_-73.9736697913.png,"93ejT5WhxxpagibL6vwHmQ,40.723487,-73.973810,.jpg"
satellite_40.7568593894_-73.9805979737.png,"2HBDKBRm4rqSfDNOdx9JIw,40.756703,-73.980610,.jpg"
satellite_40.73553468_-73.9849280878.png,"vqqe-V8eTHXnPJsFhUlBpw,40.735664,-73.985068,.jpg"
satellite_40.7821209683_-73.9784329167.png,"hpUEyask1HY4I8B9es3o-g,40.782270,-73.978359,.jpg"
satellite_40.7453768536_-73.9892582018.png,"aF_V1jFJpqAAhkGd4th3LA,40.745443,-73.989090,.jpg"
satellite_40.7430803464_-73.9857941106.png,"k54vV1RKTu38mTF4d-L1ig,40.743215,-73.985764,.jpg"
satellite_40.7601401139_-73.9732367799.png,"VohUzc8OdsJ7-UMmObKgvw,40.760105,-73.973142,.jpg"
satellite_40.7749033743_-73.9788659281.png,"18qORaezfnup9vq1ME1TLQ,40.774839,-73.978655,.jpg"
satellite_40.7296293758_-74.0048466123.png,"MWHwl-JhU-3uECckdRpH5g,40.729635,-74.004698,.jpg"
satellite_40.7607962588_-73.9650095632.png,"0A9MNXpNO_xm6H63cBZMbQ,40.760937,-73.965152,.jpg"
satellite_40.7788402437_-73.9844950764.png,"huoPhvMX4e01Nsd3u57jVA,40.778912,-73.984446,.jpg"
satellite_40.7335662453_-73.9741028027.png,"sBlqlYnCfUAWkYH-fzycLA,40.733431,-73.974226,.jpg"
satellite_40.7083046664_-74.0113417833.png,"kYJus9ONS49vNnYx3dPkXQ,40.708269,-74.011280,.jpg"
satellite_40.7483295056_-73.9918562702.png,"z6MwFMI5GBMj5StuKBjPoQ,40.748170,-73.991737,.jpg"
satellite_40.7617804762_-73.9892582018.png,"xqb2Yl2Xw1TV4eDZfY5mzg,40.761937,-73.989144,.jpg"
satellite_40.7486575781_-73.9762678597.png,"UgoOC84s9Oqk3fugEp0SNQ,40.748558,-73.976094,.jpg"
satellite_40.7220837094_-74.0117747947.png,"EJSQ3dZYvxGpyt6AJnc1Mw,40.722237,-74.011662,.jpg"
satellite_40.7729349396_-73.9537512668.png,"tSaMuZdLVmcCUweOifExPQ,40.772844,-73.953946,.jpg"
satellite_40.7791683162_-73.9645765518.png,"3Z25LWTugaTiHNgOH40f-w,40.779254,-73.964366,.jpg"
satellite_40.7762156641_-73.981897008.png,"hBKxrf9NmnAHAnqoFzTetQ,40.776112,-73.981704,.jpg"
satellite_40.7434084188_-73.9723707571.png,"rQM_I7qmA2UOysB8mQAU7w,40.743270,-73.972289,.jpg"
satellite_40.7296293758_-73.9909902474.png,"u1uNzER_DmpuBK5vOL-OFQ,40.729545,-73.990862,.jpg"
satellite_40.707976594_-74.0126408176.png,"XB1pzgzLXt6cZCk6An9sEw,40.708109,-74.012758,.jpg"
satellite_40.7611243313_-73.9849280878.png,"z-zZRSnK8Vya241lfzRzHQ,40.761000,-73.984997,.jpg"
satellite_40.766701563_-73.9719377457.png,"n3EeaLbsiAQ46q5ZxWvyfw,40.766803,-73.972139,.jpg"
satellite_40.7640769834_-73.9762678597.png,"wO3mFKeDqdpvjF143K6QUg,40.763919,-73.976213,.jpg"
satellite_40.7352066075_-73.9979184299.png,"kAhEPHCeZEmlcTwdqFKqDA,40.735189,-73.997776,.jpg"
satellite_40.77031036_-73.9788659281.png,"Az2s5pW7NDesZHgTbi_ebQ,40.770404,-73.979018,.jpg"
satellite_40.7817928958_-73.9693396773.png,"1-j2GH-0sGxoEtVXngiksw,40.781765,-73.969165,.jpg"
satellite_40.7155222604_-74.0143728632.png,"6sjSJ4cEPpVh00VYPfYP4g,40.715430,-74.014502,.jpg"
satellite_40.7716226498_-73.9485551299.png,"golkdSgRh6Pv9wUopbweQw,40.771519,-73.948623,.jpg"
satellite_40.7657173456_-73.9533182554.png,"PatSe_NblwlcbpqODKTs_w,40.765725,-73.953172,.jpg"
satellite_40.7670296354_-73.9970524071.png,"sQhnX6JTCDpwJOA8MVHtcw,40.766883,-73.997059,.jpg"
satellite_40.7151941879_-74.0031145667.png,"Kot3PpOUuTCMEDTiRCNcnw,40.715059,-74.003105,.jpg"
satellite_40.7604681864_-73.9875261562.png,"bu92_K6xRvgIF2dUlKwwTA,40.760502,-73.987681,.jpg"
satellite_40.7338943177_-73.9831960422.png,"EYToM97yCsjiJhbGyFpDSA,40.734030,-73.983012,.jpg"
satellite_40.7148661155_-74.0061456465.png,"QNmmDNbqDrz15kEaqsC3zw,40.714717,-74.005966,.jpg"
satellite_40.7755595192_-73.9502871756.png,"WhQ9AYuRllky89deEy5ELw,40.775557,-73.950336,.jpg"
satellite_40.7106011736_-74.0143728632.png,"F4HqMTyZgSkfFYcI3vMXBg,40.710696,-74.014490,.jpg"
satellite_40.780480606_-73.9693396773.png,"VsmltkKu30gOzHshefM1lA,40.780603,-73.969204,.jpg"
satellite_40.7115853909_-73.9935883158.png,"rQeGdDYiBVLHmKM4PMOWzQ,40.711648,-73.993709,.jpg"
satellite_40.7430803464_-73.9875261562.png,"KXNZAOXfHauUQTh-uDoEDA,40.743181,-73.987566,.jpg"
satellite_40.7165064777_-73.9879591676.png,"3Gq6qt1tay-tSpxZUpmEcQ,40.716350,-73.987911,.jpg"
satellite_40.7598120415_-73.981897008.png,"Vt9lTuKEAKbDRQIaHrHsfQ,40.759687,-73.981859,.jpg"
satellite_40.739143477_-73.9870931448.png,"WMr1eBalEqAbHLKYB3gxYA,40.739237,-73.986996,.jpg"
satellite_40.7411119117_-73.9767008711.png,"4bSqj1YOdYYCRAmkKD3kSA,40.740950,-73.976520,.jpg"
satellite_40.7430803464_-74.0065786579.png,"t22dCqBZl0sbR-AVBOUStw,40.743219,-74.006633,.jpg"
satellite_40.7814648233_-73.9446580273.png,"ua5mI-gLkrkrKJeV5f1l7Q,40.781624,-73.944493,.jpg"
satellite_40.7699822875_-73.9888251904.png,"PYRFAWfemKbGBcbq3fcliw,40.770096,-73.988779,.jpg"
satellite_40.7604681864_-74.0013825211.png,"YFEnLx7Eks77SN7Bd6xbqg,40.760496,-74.001516,.jpg"
satellite_40.7729349396_-73.9498541641.png,"boAneKPbTRYDMiCLJN32UQ,40.772959,-73.950057,.jpg"
satellite_40.7581716792_-73.9970524071.png,"bd_ixX8tsX7KkR99SYa3qQ,40.758122,-73.997220,.jpg"
satellite_40.7473452883_-74.0035475781.png,"5tkXXtr4uFOFx1w5cp_rJA,40.747458,-74.003606,.jpg"
satellite_40.7555470996_-73.981897008.png,"dkyem6QY6QsmaNbflsicsw,40.755617,-73.981937,.jpg"
satellite_40.7299574483_-73.9792989395.png,"TutaKXxtHDv8bPSDXD7s0A,40.730011,-73.979370,.jpg"
satellite_40.7365188973_-73.9814639966.png,"ZZMeFlp5J0KxiRuUBiVJiA,40.736406,-73.981393,.jpg"
satellite_40.7706384324_-73.988392179.png,"nbDdHg3hbdpDzS-pqMb_5w,40.770680,-73.988228,.jpg"
satellite_40.7483295056_-73.9823300194.png,"R9I_Do39EVUVH3Ci6Cut4Q,40.748411,-73.982415,.jpg"
satellite_40.7463610709_-73.981897008.png,"WlNtpx-gDMka1D0AViodZg,40.746438,-73.981732,.jpg"
satellite_40.7739191569_-73.9914232588.png,"rtWab57ubuhGCNwwCkbTzQ,40.773802,-73.991585,.jpg"
satellite_40.7289732309_-73.9992174641.png,"fe8Ax6X1f_SaUKLHtsZvpg,40.728955,-73.999239,.jpg"
satellite_40.7361908249_-73.9944543386.png,"_o4Eq_ukGScJ7vik9_fnFw,40.736350,-73.994413,.jpg"
satellite_40.7132257532_-73.9922892816.png,"dbDFctnTrAmrx_vwFT8jhw,40.713330,-73.992407,.jpg"
satellite_40.7604681864_-73.9702057001.png,"cMHjBDD6nDgEzstj1NuBCw,40.760425,-73.970036,.jpg"
satellite_40.7598120415_-73.9836290536.png,"ky_Dtdpz5o2A0zHGplOI6Q,40.759654,-73.983750,.jpg"
satellite_40.7568593894_-73.9892582018.png,"kgsPrU6sNuirzQx9uYqVxg,40.756985,-73.989164,.jpg"
satellite_40.7644050558_-73.9771338825.png,"5yOVR4n1RzaLxcsjG3Q3NA,40.764440,-73.977116,.jpg"
satellite_40.780480606_-73.9697726887.png,"l6IvqMhQpVJ_NOlDpY6P8w,40.780642,-73.969833,.jpg"
satellite_40.7657173456_-73.9758348483.png,"LVbxD7u_GnEWSlsbSIMZWQ,40.765748,-73.975903,.jpg"
satellite_40.7148661155_-73.9909902474.png,"jZi7dsPVhT1JqLvA9rEeCw,40.714793,-73.991079,.jpg"
satellite_40.7302855207_-73.9918562702.png,"Gqy0KZP_g9Bp30SLkdk9UA,40.730334,-73.991775,.jpg"
satellite_40.7483295056_-74.0018155325.png,"zFNM_qXStnQgnv63YF1-VQ,40.748356,-74.001748,.jpg"
satellite_40.7233959992_-73.9992174641.png,"KMEQkSch2t1InpScw1guKA,40.723313,-73.999378,.jpg"
satellite_40.7443926362_-73.9922892816.png,"ozO4gfkLB7FJP06fwN5r5g,40.744342,-73.992232,.jpg"
satellite_40.7604681864_-73.9719377457.png,"Ia-ApO46Z8VAh2iDzu5uXw,40.760488,-73.972096,.jpg"
satellite_40.749313723_-74.0031145667.png,"FYoi4N34ymUuV2tEtfiZlQ,40.749203,-74.003080,.jpg"
satellite_40.7102731011_-74.013073829.png,"RWFIagvNdBohAQTthVMvpw,40.710394,-74.013022,.jpg"
satellite_40.7148661155_-73.9996504755.png,"tVPshHcSzR8-YDr1X3lirw,40.714814,-73.999629,.jpg"
satellite_40.7401276943_-73.9940213272.png,"6p-it58JJ7NyqMcPjQ278A,40.740166,-73.993925,.jpg"
satellite_40.7466891434_-73.9745358141.png,"S8R_e_Ia-x63MJLD5VFUlw,40.746647,-73.974521,.jpg"
satellite_40.7824490407_-73.9663085975.png,"SfsMrtz5rpHplmivrZTFJw,40.782606,-73.966398,.jpg"
satellite_40.7794963886_-73.9879591676.png,"yk9MaJQ_StQnWOv7nMNsEw,40.779536,-73.987953,.jpg"
satellite_40.7397996219_-74.0070116693.png,"bUkHdyMqDTTt0Ss6vwvbqA,40.739863,-74.006899,.jpg"
satellite_40.7112573185_-74.0039805895.png,"nKo6rzcZJjLg0SHLSo1qWA,40.711122,-74.003867,.jpg"
satellite_40.7562032445_-73.9940213272.png,"ZwmcncFwN15Bhdiun3lhgg,40.756303,-73.994209,.jpg"
satellite_40.7539067373_-73.9663085975.png,"e3lpKMVcEv3rQ2zuJzoVjg,40.753807,-73.966210,.jpg"
satellite_40.7155222604_-74.0091767263.png,"F6fp0tGiMcE9O205lrSwmw,40.715442,-74.009072,.jpg"
satellite_40.7709665049_-73.9611124606.png,"d07WJnnTQ5reW7BWHbbqFw,40.770921,-73.961271,.jpg"
satellite_40.7516102302_-73.9775668939.png,"AwYuT50rTZJIncALsr5YKQ,40.751758,-73.977777,.jpg"
satellite_40.7611243313_-73.9667416089.png,"schQrH-oAIHXXe5HWHE3TQ,40.761148,-73.966899,.jpg"
satellite_40.7821209683_-73.9554833124.png,"vT0aitZvFz9gJgowRkbB-w,40.781989,-73.955512,.jpg"
satellite_40.7214275645_-73.9857941106.png,"_KS3hbBc-0dtp0j3m2w6lQ,40.721385,-73.985838,.jpg"
satellite_40.7555470996_-73.9628445062.png,"wjZO-U_P9BItY0TXg5vl0A,40.755689,-73.962674,.jpg"
satellite_40.7204433472_-73.9805979737.png,"it_GM7JxNEJB7_n32lHMGQ,40.720558,-73.980551,.jpg"
satellite_40.7778560264_-73.9632775176.png,"fFcdJWiYno0sMQhNUCaUYQ,40.777859,-73.963101,.jpg"
satellite_40.7053520143_-74.0091767263.png,"pJ5nI_uEmapDjfn6OE7Pfw,40.705292,-74.009220,.jpg"
satellite_40.7762156641_-73.9706387115.png,"yLNRpUQ7rgcvF63eeUcmXw,40.776347,-73.970838,.jpg"
satellite_40.7814648233_-73.9541842782.png,"d45uZVXLkPRY3oYN4dsIuA,40.781377,-73.954209,.jpg"
satellite_40.7060081592_-74.0096097377.png,"CjrYVJe-mOMCTub5OejfCg,40.706155,-74.009661,.jpg"
satellite_40.710929246_-73.9866601334.png,"mOMP4ftEGZHVnTmihWsADQ,40.710988,-73.986668,.jpg"
satellite_40.7519383026_-74.0078776921.png,"j2_JjduEsbGJwNJjFFOJ5Q,40.751895,-74.007996,.jpg"
satellite_40.7621085486_-73.9632775176.png,"xC4oyJlVARJMAPPDCxF8TQ,40.762132,-73.963227,.jpg"
satellite_40.7581716792_-73.9689066659.png,"T55A82fzflFr1Q9hC5RTvQ,40.758257,-73.968746,.jpg"
satellite_40.7739191569_-73.9645765518.png,"pdNhIXoKyMP9AQN0CiG_rA,40.773893,-73.964370,.jpg"
satellite_40.7755595192_-73.981897008.png,"nVzr_0-2GRU50zSW6w7u7g,40.775513,-73.982066,.jpg"
satellite_40.710929246_-73.9827630308.png,"q6-iAwVCenSKSjyCp7Ajpg,40.710853,-73.982605,.jpg"
satellite_40.7516102302_-73.9706387115.png,"CD-YY_xjcmuTmQUBM2YHdg,40.751642,-73.970553,.jpg"
satellite_40.7463610709_-73.9749688255.png,"83o3mBAYmFNJN6E6qdsGZg,40.746229,-73.974822,.jpg"
satellite_40.7653892732_-73.9853610992.png,"WyD4MvSYAnleLqS5pErZcg,40.765283,-73.985448,.jpg"
satellite_40.7545628822_-73.9775668939.png,"9Fb_h8b0YGLdZw91IWFpfw,40.754569,-73.977474,.jpg"
satellite_40.7506260128_-73.9983514413.png,"uGyRWmEkSOgyDMdIpNFH1w,40.750516,-73.998456,.jpg"
satellite_40.7634208385_-73.9814639966.png,"NoBW24sHwflJtxWlr9_yXw,40.763367,-73.981600,.jpg"
satellite_40.7480014332_-73.9715047343.png,"PipFeS3I4nB5qA0rRtJzuw,40.747908,-73.971639,.jpg"
satellite_40.7270047962_-74.0057126351.png,"3I5poErupKKzMihicJnEGQ,40.727013,-74.005575,.jpg"
satellite_40.7650612007_-73.9745358141.png,"PGqWbLgkb_ROjApodkI_Vg,40.764946,-73.974451,.jpg"
satellite_40.763092766_-73.9875261562.png,"fwSEid3pQ9xxSBGAmZkTHw,40.762946,-73.987665,.jpg"
satellite_40.7388154045_-74.0048466123.png,"qGO1P4V-T05CUY8gVxHVgw,40.738758,-74.004703,.jpg"
satellite_40.7230679268_-74.0109087719.png,"Vasw9BD85i_mAytIp5gSdA,40.722928,-74.011105,.jpg"
satellite_40.7706384324_-73.9801649623.png,"ibmgSd7fNl87mIYSWBlYsw,40.770615,-73.980063,.jpg"
satellite_40.710929246_-73.9827630308.png,"FfIeupXhFzXS9FH5Ye1nzw,40.710844,-73.982723,.jpg"
satellite_40.7010870725_-74.0143728632.png,"LVycpjbV6cmEg3M0zpY1jw,40.701202,-74.014217,.jpg"
satellite_40.7562032445_-73.9853610992.png,"j2-BVV_E7fG0bFlhav2Tug,40.756188,-73.985206,.jpg"
satellite_40.7532505924_-73.9979184299.png,"buL4x1mccncTSKnGHKH42A,40.753247,-73.998045,.jpg"
satellite_40.7752314467_-73.9741028027.png,"snubM_G_uoCjDUGLNQ5zrg,40.775085,-73.974101,.jpg"
satellite_40.7371750422_-73.9836290536.png,"I0OW7eQXtVwcU5m1ybkP1w,40.737300,-73.983503,.jpg"
satellite_40.7621085486_-73.9823300194.png,"GS3eQwL_6iUvBKertm8D5Q,40.762269,-73.982414,.jpg"
satellite_40.7489856505_-73.9779999053.png,"Yd5TiKjdEdBysUGkILsCsA,40.748897,-73.977902,.jpg"
satellite_40.7171626226_-73.9875261562.png,"UCrnyHsA7McrFmzQpHnMOQ,40.717306,-73.987532,.jpg"
satellite_40.7562032445_-73.9771338825.png,"KvlEkvBSrQd2m4DDebLxfQ,40.756078,-73.977177,.jpg"
satellite_40.745704926_-74.0061456465.png,"82HkizEp2-Oju6qRv5XpyA,40.745716,-74.006334,.jpg"
satellite_40.7696542151_-73.9723707571.png,"wtUps0Tl8gFzJ6-Kf16DWg,40.769514,-73.972251,.jpg"
satellite_40.745704926_-73.9754018369.png,"3oyXXN3glI_P6bD3yMeKiQ,40.745617,-73.975278,.jpg"
satellite_40.7545628822_-73.9953203614.png,"Cj_gwDwH8uDkI5r9NBJ43Q,40.754684,-73.995393,.jpg"
satellite_40.7119134634_-73.9866601334.png,"49thKd5-9RoR1jDyfbQZBg,40.712029,-73.986813,.jpg"
satellite_40.7253644339_-73.9758348483.png,"RqLoo_XAvawfOsx9dnCRhQ,40.725203,-73.975903,.jpg"
satellite_40.7309416656_-73.9827630308.png,"1xnbHgmtBtZlqLZco2XXTA,40.731053,-73.982778,.jpg"
satellite_40.7827771132_-73.9814639966.png,"t4jyisXpDNC91TmFL8Lv0Q,40.782684,-73.981281,.jpg"
satellite_40.7791683162_-73.9589474036.png,"K2ABnBgm6UV7GzCoXZc5PQ,40.779257,-73.959093,.jpg"
satellite_40.7555470996_-73.9996504755.png,"eEQlGGncSuOCoIfhpmJhVQ,40.755627,-73.999556,.jpg"
satellite_40.7315978105_-73.9909902474.png,"Ne2F0dmn0pNVXX8H5QW4jg,40.731456,-73.990862,.jpg"
satellite_40.7450487811_-74.0000834869.png,"zhFwC3dEn_Bduj1OF-dM_w,40.745132,-74.000159,.jpg"
satellite_40.7709665049_-73.959380415.png,"Dm_WUKfDCyGoP7X6rvCkFg,40.770906,-73.959238,.jpg"
satellite_40.7132257532_-73.9849280878.png,"M88I4WBysmSJvEhSm66WOw,40.713213,-73.985034,.jpg"
satellite_40.7539067373_-73.9771338825.png,"d9fXWb07IFoZyAlay0_Tzw,40.753949,-73.977277,.jpg"
satellite_40.7640769834_-73.986227122.png,"gIjQ1vSPPGepuDJxjJfT3w,40.763950,-73.986161,.jpg"
satellite_40.7256925064_-73.9758348483.png,"bp4sOXslKK0gTLyHR3bnUg,40.725656,-73.975985,.jpg"
satellite_40.7644050558_-73.9970524071.png,"fAVrB-5fibdSmrWFusQXqA,40.764513,-73.997217,.jpg"
satellite_40.7502979403_-73.9797319509.png,"xKK2a8RKk2l4J6i-PrYeyQ,40.750447,-73.979596,.jpg"
satellite_40.7289732309_-74.0091767263.png,"NHHSThqTO45eF6QN2qDk8A,40.728996,-74.009366,.jpg"
satellite_40.7552190271_-73.9671746203.png,"nBfYE6bhpnMWIuyt-PSGFw,40.755066,-73.967029,.jpg"
satellite_40.7309416656_-73.9918562702.png,"JDzjfaCa6HUA7o1WSJxxfg,40.731074,-73.991697,.jpg"
satellite_40.731925883_-74.0035475781.png,"vV1KOkcWFCBMCJDSoZyebg,40.732037,-74.003473,.jpg"
satellite_40.7286451585_-73.9857941106.png,"f7vTlHto6HIbKzCVjwZ7WA,40.728546,-73.985704,.jpg"
satellite_40.7722787947_-73.9645765518.png,"u12jWX70nPmTP3Mqt1F5QA,40.772303,-73.964528,.jpg"
satellite_40.707976594_-74.0178369544.png,"VVvz8JppwSNU3PaOeW9BOQ,40.708086,-74.017738,.jpg"
satellite_40.7785121713_-73.961545472.png,"D8L8CB5LdpRWW6lV57tJXw,40.778629,-73.961528,.jpg"
satellite_40.7430803464_-74.0091767263.png,"W2xRmq-ENA-gMc60qV3iGw,40.743062,-74.009002,.jpg"
satellite_40.7716226498_-73.990557236.png,"iL8iEz_alO9W-lgWUA6_PA,40.771609,-73.990419,.jpg"
satellite_40.7148661155_-73.9979184299.png,"3k_ecUvtPzA0SD89ZD8VTw,40.714756,-73.997719,.jpg"
satellite_40.710929246_-73.9940213272.png,"k-a3YZTbcEjNG7q9eKAsHQ,40.711042,-73.994177,.jpg"
satellite_40.7309416656_-73.9879591676.png,"ReVTYSoMKgO7h1rcd5tFBQ,40.731029,-73.987919,.jpg"
satellite_40.7174906951_-73.9788659281.png,"RJA7TltOgmUPHKo9OKWC8w,40.717650,-73.978781,.jpg"
satellite_40.7758875917_-73.9494211527.png,"-AomCp5m8buFJqBTKYmevw,40.776016,-73.949441,.jpg"
satellite_40.7384873321_-73.9940213272.png,"vBgclpc-hX5-mfOXeybn-w,40.738621,-73.993880,.jpg"
satellite_40.7037116521_-74.013073829.png,"90O1u6-du6T9dqa3Hp0QYQ,40.703707,-74.013154,.jpg"
satellite_40.7689980701_-73.9762678597.png,"3X8GltqAxrj4Hyc78D5jXA,40.769023,-73.976055,.jpg"
satellite_40.7155222604_-73.9779999053.png,"qgZb0_XJ60RPsFU4Lx-syg,40.715452,-73.977922,.jpg"
satellite_40.714538043_-74.0061456465.png,"NvgKKOyV8LBHsrVmBABj1A,40.714467,-74.006075,.jpg"
satellite_40.7621085486_-73.9870931448.png,"usA2E66saDiexrJf6tofJQ,40.761966,-73.987291,.jpg"
satellite_40.7575155343_-73.9896912132.png,"bqZs9oNpdyW4WOHyuaX0vQ,40.757495,-73.989608,.jpg"
satellite_40.7470172158_-73.9788659281.png,"hahIFO-_ry2Mm4-SUCYuIQ,40.746868,-73.978750,.jpg"
satellite_40.7112573185_-73.9974854185.png,"6k7AzeX2NIGcGxp5g4Jk7A,40.711241,-73.997594,.jpg"
satellite_40.7539067373_-73.9974854185.png,"Wh8lJ2OdE0Q9Tq-KSZ5ohQ,40.753974,-73.997536,.jpg"
satellite_40.7607962588_-73.9844950764.png,"DJmgL07nNepIV3OEwPOTzA,40.760725,-73.984324,.jpg"
satellite_40.7020712898_-74.0143728632.png,"vNkXYjpFwBBwCstyH3xsLg,40.702235,-74.014252,.jpg"
satellite_40.7358627524_-73.9836290536.png,"Bw78aLBZHuTbRK3qT2nPuA,40.735879,-73.983745,.jpg"
satellite_40.7276609411_-73.9849280878.png,"B5S76wSf7rQTeezQeMv_Yg,40.727822,-73.985130,.jpg"
satellite_40.7329101004_-74.0065786579.png,"4Mxn68VQu_6x4noIqFuMlA,40.733009,-74.006727,.jpg"
satellite_40.7706384324_-73.9619784834.png,"hA5A4P0Tuhy43xcGhEmGqQ,40.770640,-73.962045,.jpg"
satellite_40.7174906951_-73.9944543386.png,"ypBEJlEqwVPkjbPZXOLi7w,40.717357,-73.994260,.jpg"
satellite_40.7719507222_-73.9498541641.png,"0gUJDQKEN0gMmHAlS9rDxg,40.771966,-73.950026,.jpg"
satellite_40.763092766_-73.9931553044.png,"kee9OS_R56K-yo9s12PSSg,40.763082,-73.992960,.jpg"
satellite_40.7607962588_-73.9758348483.png,"hazRToP-YLMptV4CN5RJLw,40.760671,-73.975649,.jpg"
satellite_40.7821209683_-73.9671746203.png,"sG1tTvvDrt1xeA-SzfLnoA,40.782284,-73.967103,.jpg"
satellite_40.7545628822_-73.9914232588.png,"MLXwxuQ0_grw3yZUsz-P8Q,40.754550,-73.991258,.jpg"
satellite_40.742096129_-74.0083107035.png,"7G_SmuC0Dnl-BgrXXfJSMA,40.742080,-74.008256,.jpg"
satellite_40.7683419252_-73.9632775176.png,"-Vu7axGO6irH4IfE1nlQZA,40.768419,-73.963452,.jpg"
satellite_40.7342223902_-73.9996504755.png,"yRdqs1czcv2yQ-apm9Zbqg,40.734260,-73.999748,.jpg"
satellite_40.7742472294_-73.9710717229.png,"o4FrJpo-3Cga70hVLsie6A,40.774169,-73.970925,.jpg"
satellite_40.7171626226_-73.9953203614.png,"FzLYw2rbIGg0idGFGEyfpg,40.717214,-73.995196,.jpg"
satellite_40.721755637_-73.9961863842.png,"vZcyONO2hdAnsfzVVmYUjQ,40.721865,-73.996310,.jpg"
satellite_40.7302855207_-73.9741028027.png,"LmRb9JPHNOdk9EZHKudlYg,40.730360,-73.974300,.jpg"
satellite_40.75292252_-73.9935883158.png,"RlmvkeozCLCAioMC6cEymQ,40.753045,-73.993425,.jpg"
satellite_40.7794963886_-73.9498541641.png,"0fgwT0FxkrZoy8N81q53ng,40.779543,-73.949706,.jpg"
satellite_40.7542348098_-73.9762678597.png,"ZIl3KK2KN7ZyvyDRUsQcTQ,40.754317,-73.976376,.jpg"
satellite_40.7575155343_-73.9983514413.png,"xU9H788K80bUwEQOQBQLsQ,40.757533,-73.998321,.jpg"
satellite_40.7296293758_-74.0070116693.png,"Dow1-A9EBsJHajKGCnmYbQ,40.729685,-74.006931,.jpg"
satellite_40.7765437366_-73.9684736545.png,"_EC0-WXk2iasyNzofyuNtA,40.776580,-73.968570,.jpg"
satellite_40.7575155343_-73.9788659281.png,"LFinp2qgK3wjc32Wx-pdlw,40.757667,-73.979019,.jpg"
satellite_40.7676857803_-73.9823300194.png,"WoViTbyAePTPW8nAxoUIYA,40.767653,-73.982331,.jpg"
satellite_40.7037116521_-74.0135068404.png,"41fISO7qIIiLK0EAAPe50g,40.703607,-74.013671,.jpg"
satellite_40.7621085486_-73.9974854185.png,"bF0B3sCoYzojngD-fgzcRA,40.762237,-73.997634,.jpg"
satellite_40.714538043_-73.9857941106.png,"t3bl1dJag5-wn_Vel1BUEQ,40.714443,-73.985687,.jpg"
satellite_40.7676857803_-73.9641435404.png,"_Jp68oOQ0pF0cQkvUJyQmg,40.767838,-73.964093,.jpg"
satellite_40.7739191569_-73.9463900729.png,"vd5cLD9-igyC3oa1WZP4bg,40.773832,-73.946262,.jpg"
satellite_40.7197872023_-74.0074446807.png,"f-vfo2CYcZXYWS3CSeylQw,40.719833,-74.007296,.jpg"
satellite_40.7791683162_-73.9680406431.png,"-sJM_q0EXRk1v4F27jQCbw,40.779015,-73.968145,.jpg"
satellite_40.755875172_-73.992722293.png,"LRPLu3E206TiP6DoQlrIBg,40.755891,-73.992510,.jpg"
satellite_40.7689980701_-73.9827630308.png,"iR1UMZZuPjmpZrXP6Zn0aA,40.769104,-73.982601,.jpg"
satellite_40.7617804762_-73.9767008711.png,"610X6UEbpaP1XbiCd8n37A,40.761688,-73.976896,.jpg"
satellite_40.7191310573_-73.9935883158.png,"7txCXcxXmmvmh5HgcNt1WA,40.719228,-73.993783,.jpg"
satellite_40.7808086784_-73.9468230843.png,"lAoxTNFiJbPlIiTRKRqz9g,40.780819,-73.946855,.jpg"
satellite_40.7506260128_-73.9836290536.png,"fJUIO8eVg1lPYaMFbx_tVQ,40.750516,-73.983531,.jpg"
satellite_40.7434084188_-73.9896912132.png,"5NR5LAHMbb3CtgNnLWi1nA,40.743343,-73.989865,.jpg"
satellite_40.7315978105_-74.0044136009.png,"4SQHnW_IiEvZDUg2XY8I9A,40.731697,-74.004510,.jpg"
satellite_40.7050239419_-74.0083107035.png,"KzLM5hG5rEhLDQjkR1tIkw,40.705172,-74.008356,.jpg"
satellite_40.7414399841_-73.9953203614.png,"iD6oCVAzONqTT86rL9w_EA,40.741537,-73.995363,.jpg"
satellite_40.7407838392_-73.9918562702.png,"vb13HQLm4aPvB7cdE_BxfQ,40.740789,-73.991771,.jpg"
satellite_40.7237240717_-73.9784329167.png,"GGbnZ52sRRS4jTiqFg-rnw,40.723876,-73.978358,.jpg"
satellite_40.763092766_-73.9992174641.png,"U-AVv9FZN-rSUSXAAGeDXw,40.763221,-73.999401,.jpg"
satellite_40.7371750422_-73.9901242246.png,"1TXxTA9wM2JyCRCmEoSAAQ,40.737323,-73.990267,.jpg"
satellite_40.7368469698_-73.9957533728.png,"Cq721H2gzXH9zwBFubclCQ,40.736896,-73.995709,.jpg"
satellite_40.7142099706_-73.9979184299.png,"uHAd-OFWKln1zdV29ZVE4Q,40.714185,-73.997762,.jpg"
satellite_40.7657173456_-73.9680406431.png,"1sQWyyg8S-5bnpqvVLN8hQ,40.765652,-73.967934,.jpg"
satellite_40.7676857803_-73.9598134264.png,"Iv_LzI7mViMf1PHuARlp4Q,40.767757,-73.959931,.jpg"
satellite_40.7716226498_-73.9823300194.png,"UW506tM3w7yQY49lVKJGaA,40.771733,-73.982275,.jpg"
satellite_40.7289732309_-73.9935883158.png,"L9fAHeI6NF7wrRaMgsV8pQ,40.729045,-73.993738,.jpg"
satellite_40.7050239419_-74.015238886.png,"TfEd7wkypwd_ksfAq3Lt1Q,40.704861,-74.015112,.jpg"
satellite_40.7552190271_-73.9866601334.png,"6ttR3D-tpEvvSIOTjNEu5Q,40.755259,-73.986610,.jpg"
satellite_40.7201152747_-73.9749688255.png,"2sSzBLeukuvCd6UgDiGWqg,40.720008,-73.974958,.jpg"
satellite_40.739143477_-73.9957533728.png,"B135sWgGiLkVvzd8c3bITQ,40.738997,-73.995653,.jpg"
satellite_40.7624366211_-73.9983514413.png,"5qIkN4sCQRIFXrFTSTXHng,40.762501,-73.998259,.jpg"
satellite_40.7821209683_-73.9671746203.png,"wlQFIEoeUC0DNFkHlwP9GQ,40.782092,-73.967348,.jpg"
satellite_40.714538043_-73.9762678597.png,"uHy-oQmZRzwyWyyS7Q6Sng,40.714585,-73.976362,.jpg"
satellite_40.7676857803_-73.9693396773.png,"m68BG6RAsQp3hejl5XqjIA,40.767699,-73.969499,.jpg"
satellite_40.7368469698_-73.9814639966.png,"s3y-wxI8lQeMKzQ5PlxWyA,40.736939,-73.981615,.jpg"
satellite_40.7749033743_-73.9823300194.png,"V2rz7qmzuZHJ2BLTMtlOcg,40.774744,-73.982315,.jpg"
satellite_40.7132257532_-73.9827630308.png,"idNCZeJrBdKa_jQvlVSfww,40.713349,-73.982726,.jpg"
satellite_40.7817928958_-73.9689066659.png,"-eRQJclYCfWOpsCMvd3JlQ,40.781800,-73.968862,.jpg"
satellite_40.7699822875_-73.9511531984.png,"Ph9YVJDKZFlNh_sDtwMFRg,40.769989,-73.951184,.jpg"
satellite_40.7611243313_-73.9719377457.png,"eu2KTzTY7PVcmHmumX6UKQ,40.761201,-73.971889,.jpg"
satellite_40.7785121713_-73.9728037685.png,"z7rQAdkQvtpbEyY6mQ8alw,40.778435,-73.972667,.jpg"
satellite_40.773263012_-73.9442250159.png,"3lrOFPAEu0vYkLWKtQBo6A,40.773339,-73.944365,.jpg"
satellite_40.7522663751_-73.9961863842.png,"EMv6vXzWs3yQ_H9reDNvpQ,40.752392,-73.996024,.jpg"
satellite_40.755875172_-73.9723707571.png,"uhRjL--EsmqPI-VcxBtwXA,40.755720,-73.972452,.jpg"
satellite_40.7676857803_-73.9762678597.png,"e2EaKNiU1tYZ1aRamzKxoA,40.767556,-73.976355,.jpg"
satellite_40.7653892732_-73.9628445062.png,"NFMVKRC87wC3uIf21WX5LA,40.765544,-73.963059,.jpg"
satellite_40.7614524037_-73.963710529.png,"guts8hAqaWPeL-OOmantAw,40.761591,-73.963631,.jpg"
satellite_40.7670296354_-73.9792989395.png,"4lCAy0M17Ci2k1csTT47wA,40.766923,-73.979279,.jpg"
satellite_40.755875172_-73.9966193957.png,"IQeKqFSdlfhfqJdJprPV6g,40.755952,-73.996488,.jpg"
satellite_40.7706384324_-73.9827630308.png,"iW6HqQrGLrJ0qwKNnWStbg,40.770788,-73.982649,.jpg"
satellite_40.7699822875_-73.986227122.png,"kxRM0dmGohmNBnOpkTbFJg,40.769840,-73.986264,.jpg"
satellite_40.7060081592_-74.0052796237.png,"_2C5WAc9JCZxpjfXcrvBGg,40.705890,-74.005359,.jpg"
satellite_40.75292252_-73.9953203614.png,"iA-c-ivGJkeSpGr2831f1g,40.752940,-73.995246,.jpg"
satellite_40.7106011736_-73.992722293.png,"hGVM6V5B5d1uFlBjUvuTRQ,40.710506,-73.992705,.jpg"
satellite_40.7627646935_-73.9857941106.png,"o5n0UeDSO6furzDHCCPxXA,40.762628,-73.985858,.jpg"
satellite_40.7106011736_-73.9857941106.png,"fSY60-b7KJSbF3_dopr7Kg,40.710585,-73.986006,.jpg"
satellite_40.7801525335_-73.955050301.png,"Bm0x2EB3Cv8SWn7zuxi-5w,40.780155,-73.955103,.jpg"
satellite_40.7607962588_-73.9801649623.png,"kNFilCvDkQNVKtVLCo6czw,40.760650,-73.980269,.jpg"
satellite_40.7299574483_-74.0100427491.png,"6wGF1ZFdbhALT_GcFO1oXw,40.729799,-74.010066,.jpg"
satellite_40.7749033743_-73.9645765518.png,"CNhyCUnsyBGAoJILXqvygQ,40.774841,-73.964647,.jpg"
satellite_40.7634208385_-73.959380415.png,"rdM-DiUyM2Ny690zfwPzTw,40.763368,-73.959246,.jpg"
satellite_40.7522663751_-73.9823300194.png,"2FlsKNKrQ7KuwY9I-zdNzQ,40.752372,-73.982233,.jpg"
satellite_40.7178187675_-73.9979184299.png,"uf9RQANY0quddG46Hvl9vQ,40.717973,-73.998060,.jpg"
satellite_40.7135538257_-73.9784329167.png,"lxL4kdXY3ydZVjo9A3CndA,40.713516,-73.978542,.jpg"
satellite_40.7739191569_-73.9567823466.png,"iTDgaMnrwBdxbARzXW7c6Q,40.774056,-73.956667,.jpg"
satellite_40.7434084188_-73.9892582018.png,"VsBpsCqQL3q_yXh5eV6mEw,40.743427,-73.989105,.jpg"
satellite_40.7201152747_-74.0031145667.png,"hZBW-CuL84VFDUN893IHGg,40.720144,-74.002918,.jpg"
satellite_40.7568593894_-73.9788659281.png,"O2KMiqZJqgaa8F6VDfdPJw,40.756789,-73.978865,.jpg"
satellite_40.77031036_-73.9554833124.png,"liDa6ejVdJXAtCUZ7KTjAA,40.770239,-73.955691,.jpg"
satellite_40.7480014332_-73.9723707571.png,"drIwDjAya5FON2rlv7CSpQ,40.747960,-73.972450,.jpg"
satellite_40.7644050558_-73.9619784834.png,"qP85UG-vSkPuNLT9vAv44w,40.764508,-73.961930,.jpg"
satellite_40.7699822875_-73.9918562702.png,"lnaW_tbxLToX9gFhGQL1lw,40.769948,-73.991667,.jpg"
satellite_40.7686699977_-73.9814639966.png,"2w63ShmUsPVhWb_dGEZdVA,40.768798,-73.981402,.jpg"
satellite_40.7758875917_-73.9663085975.png,"zeLRuzYnLoz8O7rp7-iYHA,40.775877,-73.966140,.jpg"
satellite_40.7785121713_-73.9671746203.png,"xq4G1kPir22ZtkEUtsj5Rw,40.778349,-73.967130,.jpg"
satellite_40.7470172158_-73.9689066659.png,"fnBwy2oNATEHm9bIddQNtg,40.747157,-73.968806,.jpg"
satellite_40.7696542151_-73.9940213272.png,"20HinvvgqNZYFPBkGYp3XA,40.769678,-73.993906,.jpg"
satellite_40.7243802166_-73.9784329167.png,"9jZHOAw0gLvSuylOcgWXKg,40.724468,-73.978591,.jpg"
satellite_40.7299574483_-73.9857941106.png,"ZreraG1T-8uxX1E6qFNUqQ,40.730081,-73.985661,.jpg"
satellite_40.7463610709_-73.9896912132.png,"6lvdjCoOlAuULJ-RqltYIg,40.746430,-73.989512,.jpg"
satellite_40.7719507222_-73.9481221185.png,"qKXDvRND2mvwQ0OjI-BSmg,40.772061,-73.947924,.jpg"
satellite_40.7106011736_-74.0091767263.png,"Nan8K4kbQRNO1vyu42fUig,40.710566,-74.009346,.jpg"
satellite_40.7647331283_-73.9987844527.png,"FUkSQBvSRtp7PP8nlfBylA,40.764700,-73.998658,.jpg"
satellite_40.742096129_-73.9966193957.png,"L0aQHDWNGjrVyBXn5FRB3Q,40.742152,-73.996819,.jpg"
satellite_40.7158503328_-73.9896912132.png,"LNxva0PXju7Q4JwvsV_a0Q,40.715878,-73.989588,.jpg"
satellite_40.7693261426_-73.9650095632.png,"_QwluRcEhdHI9xf7bcw-XQ,40.769403,-73.964942,.jpg"
satellite_40.724708289_-74.0100427491.png,"bUWdX6tRIf60pElEIPEtjg,40.724781,-74.010128,.jpg"
satellite_40.7653892732_-73.9619784834.png,"rkjE8uPGvI2hMvCB9jwAjA,40.765285,-73.962177,.jpg"
satellite_40.7210994921_-74.0048466123.png,"LXzS_Kt6-oNDOUoO9LvIRQ,40.721218,-74.004769,.jpg"
satellite_40.7128976807_-73.9944543386.png,"EVr-lJfWl8gdp16fMav7Jw,40.713035,-73.994278,.jpg"
satellite_40.755875172_-74.0061456465.png,"vlrSpoI0XgUvl58rsADZ1g,40.755917,-74.006120,.jpg"
satellite_40.7063362317_-74.0143728632.png,"w1k3VI2vmoTijqPPPgtw5g,40.706217,-74.014347,.jpg"
satellite_40.7552190271_-73.990557236.png,"DrlUim46_XZvnJcQNTvaiA,40.755072,-73.990565,.jpg"
satellite_40.7791683162_-73.9888251904.png,"GbkxR8AaDS1R65EKxhXVag,40.779228,-73.988778,.jpg"
satellite_40.7525944475_-74.0061456465.png,"0JPVjG2MzU5z-C3MEhMByQ,40.752609,-74.006090,.jpg"
satellite_40.7204433472_-73.9810309852.png,"YTZDdFPsuKIiQGLsmKJClQ,40.720519,-73.980858,.jpg"
satellite_40.7381592596_-74.0078776921.png,"XJoZynPghuIDoOK0vAngdg,40.738155,-74.008009,.jpg"
satellite_40.7621085486_-73.9762678597.png,"_8lJYH5-i4O6XsEJpF1qvg,40.762163,-73.976082,.jpg"
satellite_40.7621085486_-73.9814639966.png,"mXm5jivjxWEt36X-bmJxvA,40.761963,-73.981424,.jpg"
satellite_40.7637489109_-73.9970524071.png,"_3YS2nXtqhpIDLFY6629gA,40.763688,-73.997193,.jpg"
satellite_40.7788402437_-73.9511531984.png,"KhhvECTV3EUEfqG_eAAH8A,40.778838,-73.951060,.jpg"
satellite_40.7489856505_-74.0031145667.png,"mej7dxKu8E0ivG24v_aKAw,40.748901,-74.003047,.jpg"
satellite_40.7598120415_-73.9940213272.png,"ATK_W4PcQu4UqrVi8g8SiQ,40.759876,-73.993944,.jpg"
satellite_40.7017432174_-74.0117747947.png,"yNZc3EwP-u7IsWLPXFQQTw,40.701628,-74.011940,.jpg"
satellite_40.7552190271_-73.9676076317.png,"htftxTvst9OXVkb6DEH6xA,40.755330,-73.967651,.jpg"
satellite_40.759483969_-73.9715047343.png,"YRA4gf9NfnQ_9Y12PYsrsg,40.759447,-73.971586,.jpg"
satellite_40.7765437366_-73.9563493352.png,"rmWFx1XgMDhA96cy02RODw,40.776452,-73.956378,.jpg"
satellite_40.7240521441_-74.0087437149.png,"rtJ9Ec8nacUnlJkVwbkDIg,40.724173,-74.008645,.jpg"
satellite_40.766701563_-73.9719377457.png,"cEz_9xv4mHpVpAxbD8DMSA,40.766849,-73.972110,.jpg"
satellite_40.7020712898_-74.0156718974.png,"pozG0aLU1Dba9h7WkMFM_A,40.702220,-74.015551,.jpg"
satellite_40.7775279539_-73.986227122.png,"P-bjoo_OfbqAQGnzr8SorA,40.777390,-73.986028,.jpg"
satellite_40.763092766_-73.9922892816.png,"I0aUyiIb3FUmtyXBy8YRJg,40.763210,-73.992171,.jpg"
satellite_40.7584997517_-73.9966193957.png,"OKA1UFHLxDezAtQphT3raQ,40.758386,-73.996549,.jpg"
satellite_40.7286451585_-73.9983514413.png,"dKjml-3Xs1CeZMy57gxH-Q,40.728708,-73.998433,.jpg"
satellite_40.7076485215_-74.0035475781.png,"b_uhguDikzrAgXsymTf77A,40.707761,-74.003726,.jpg"
satellite_40.7119134634_-73.9896912132.png,"1U2MhTpe94a7l5rGhIrECw,40.711983,-73.989771,.jpg"
satellite_40.7686699977_-73.9957533728.png,"zE2fk475z1bv-Of-qBiUww,40.768772,-73.995959,.jpg"
satellite_40.7165064777_-73.988392179.png,"9lLmMKXJo25VRKAUv6QRzQ,40.716504,-73.988418,.jpg"
satellite_40.7273328687_-73.9901242246.png,"dxVQM-PybJnmV-Tj6C6uGw,40.727247,-73.990048,.jpg"
satellite_40.7256925064_-73.99488735.png,"dXf8S1W6Fd5YFO6NXgANnA,40.725730,-73.994801,.jpg"
satellite_40.7827771132_-73.9671746203.png,"xaXxARpfgaqjEpYKBAG9GA,40.782762,-73.967109,.jpg"
satellite_40.7601401139_-73.9888251904.png,"ws3HNZozuDT57QvheGlrjQ,40.760256,-73.989032,.jpg"
satellite_40.7050239419_-74.0161049088.png,"xHp923guz3DaEQhFob2uDA,40.704923,-74.016129,.jpg"
satellite_40.710929246_-73.9805979737.png,"Z8Hp5UZqFeQQHS6o4QCMBA,40.710994,-73.980621,.jpg"
satellite_40.7076485215_-74.0061456465.png,"B-3AewDadN8x2O0gNzWbXw,40.707539,-74.006357,.jpg"
satellite_40.7299574483_-73.9728037685.png,"98FbRXqrMAuQMtse7dyVcQ,40.730082,-73.972710,.jpg"
satellite_40.7512821577_-73.9892582018.png,"iTiHwXnB4YoDU0veiflpXw,40.751227,-73.989119,.jpg"
satellite_40.7165064777_-74.0078776921.png,"gvtUcW3kT2oUzvfrQkk_NA,40.716371,-74.007910,.jpg"
satellite_40.7719507222_-73.9827630308.png,"zKbMM1hYFBZPTuqp2YQ5aQ,40.772090,-73.982694,.jpg"
satellite_40.714538043_-74.0139398518.png,"9dkZpK_aO4ic53jdiocg5A,40.714544,-74.013995,.jpg"
satellite_40.7227398543_-73.9970524071.png,"hAxa9_hLvORb0AWU8JqdIw,40.722831,-73.996903,.jpg"
satellite_40.7486575781_-73.9922892816.png,"4bPdERzIHZyr9FeF_cO4Pw,40.748785,-73.992240,.jpg"
satellite_40.7188029849_-74.0078776921.png,"AJLln5JUzY-U-Myo6TdMvg,40.718656,-74.007936,.jpg"
satellite_40.7293013034_-74.0061456465.png,"fyY3j_WHlGUJxjJOv3aviA,40.729419,-74.006135,.jpg"
satellite_40.7434084188_-73.9844950764.png,"iqXaM9X263g3Cs3MMnl5eQ,40.743493,-73.984467,.jpg"
satellite_40.7644050558_-73.9970524071.png,"0hFa1CbCEf1HA7ILjztoLw,40.764382,-73.996906,.jpg"
satellite_40.7532505924_-73.9645765518.png,"-6UZZtCBWhM-Nv6ZhSOOUQ,40.753238,-73.964630,.jpg"
satellite_40.7663734905_-73.9792989395.png,"CMY8NvFw23_oeetG13NRpw,40.766351,-73.979427,.jpg"
satellite_40.7191310573_-73.9992174641.png,"1A-ZtNDNogIl2c4QImjmPg,40.718984,-73.999363,.jpg"
satellite_40.7256925064_-73.9836290536.png,"BYcWrHBoXN446prHgJ8eog,40.725698,-73.983801,.jpg"
satellite_40.7440645637_-73.9741028027.png,"3irgnoifmsfkV0CMMCEJkw,40.744113,-73.974291,.jpg"
satellite_40.7299574483_-73.981897008.png,"_hju0PKniyMcbxz-riD0ww,40.730082,-73.981700,.jpg"
satellite_40.7447207087_-73.9710717229.png,"TmezJkk0g0gRrw9-41oO4g,40.744710,-73.971269,.jpg"
satellite_40.7329101004_-73.9844950764.png,"UMR_bENZzT0ztzjUeI2gmg,40.732874,-73.984546,.jpg"
satellite_40.7155222604_-74.0031145667.png,"734kj8xmQC4yKgMyMQuLLw,40.715674,-74.002984,.jpg"
satellite_40.7086327389_-74.0026815553.png,"lZSNLipmcS3fuKtRTiqQbA,40.708588,-74.002791,.jpg"
satellite_40.7125696083_-74.0091767263.png,"7QyHVrFfXld7OvzoMq18ag,40.712428,-74.009040,.jpg"
satellite_40.7325820279_-73.9879591676.png,"W2-Evxc-hKqGVnLYjZCd9A,40.732724,-73.987954,.jpg"
satellite_40.7535786649_-73.988392179.png,"qsehJsEj9Qgkolj3gZDKug,40.753438,-73.988596,.jpg"
satellite_40.7220837094_-73.9931553044.png,"ybpvmklpn93bDtI8eJvIdA,40.722177,-73.993251,.jpg"
satellite_40.7611243313_-73.9944543386.png,"XdyftaqLg94OBJNsTtpwWQ,40.761126,-73.994399,.jpg"
satellite_40.7509540853_-74.0022485439.png,"3GUQxL6HVtX7SZwFSyDBFw,40.751059,-74.002396,.jpg"
satellite_40.7755595192_-73.9641435404.png,"0C_D7TQQvh_qhIrcvL3YxA,40.775515,-73.964279,.jpg"
satellite_40.7237240717_-73.9801649623.png,"bNu9B8hj_io0moQYSSEJZA,40.723813,-73.980017,.jpg"
satellite_40.731925883_-73.9979184299.png,"Pm46NYJWpxYhNSK8vzJRYw,40.731957,-73.998090,.jpg"
satellite_40.7745753018_-73.9693396773.png,"mOd7oQqsYN8suVD-rj9cHQ,40.774710,-73.969292,.jpg"
satellite_40.7414399841_-73.9810309852.png,"ky5ifuGJusngh91gNfn7GA,40.741318,-73.981233,.jpg"
satellite_40.7309416656_-74.0013825211.png,"OypK1KrTq20AAgMGHZ-hqQ,40.730964,-74.001206,.jpg"
satellite_40.7440645637_-73.9957533728.png,"37sYKwil6LpTMCMAo4CNqw,40.744225,-73.995915,.jpg"
satellite_40.7745753018_-73.961545472.png,"POpI3R1UW1dE1c5myF2uXQ,40.774656,-73.961363,.jpg"
satellite_40.7348785351_-73.9844950764.png,"cPUKm0qarCzIMRXwiQZuBg,40.734758,-73.984700,.jpg"
satellite_40.745704926_-73.9979184299.png,"E78EWuIQmNb7ojBBLGetJg,40.745861,-73.997791,.jpg"
satellite_40.7092888838_-74.0057126351.png,"vDyndIejGxRgyhls0zLJhw,40.709166,-74.005659,.jpg"
satellite_40.7745753018_-73.981897008.png,"j8DfyZYu6JXMIJuA1W_8KA,40.774534,-73.981858,.jpg"
satellite_40.7575155343_-74.0000834869.png,"qp9ORmrlW8F3LNWgGh-FVw,40.757559,-74.000297,.jpg"
satellite_40.7650612007_-73.9801649623.png,"I5cvgj-AelBrZJXdpa0TJQ,40.765133,-73.980314,.jpg"
satellite_40.7394715494_-74.0000834869.png,"NproaVBU0RCFI25gwb7gyw,40.739584,-73.999990,.jpg"
satellite_40.7191310573_-74.0048466123.png,"rEqb1USt1vk7tOwAMKVU2g,40.718991,-74.004757,.jpg"
satellite_40.7755595192_-73.9875261562.png,"UOMZAlvR9VqfS9l75t0OvQ,40.775399,-73.987705,.jpg"
satellite_40.7332381728_-74.0044136009.png,"h2Un0Kwsz85Jwl8QiPmcpA,40.733373,-74.004392,.jpg"
satellite_40.7689980701_-73.990557236.png,"Lq6DwXjiEzD_4YToStOW3A,40.769020,-73.990424,.jpg"
satellite_40.7824490407_-73.9628445062.png,"yKdAMkIRELWGPDxBvFprzA,40.782355,-73.962854,.jpg"
satellite_40.7197872023_-73.99488735.png,"PcCghpxozO5I4ZwIFC8yAQ,40.719647,-73.994704,.jpg"
satellite_40.7069923766_-74.0083107035.png,"ynNhGk9YHYut-qJGEuRGNQ,40.707044,-74.008164,.jpg"
satellite_40.7525944475_-73.9966193957.png,"na4fPDikY-6Go7p2cGnfyA,40.752671,-73.996692,.jpg"
satellite_40.7299574483_-73.9931553044.png,"8sgOEsKCZBwemIuj7-cFtA,40.729845,-73.993026,.jpg"
satellite_40.7335662453_-73.9996504755.png,"cmG3wzWoT8QbSAbGhnD7iQ,40.733692,-73.999510,.jpg"
satellite_40.773263012_-73.9472560957.png,"Cp9dXQMbpPBR7DulA4R7_A,40.773422,-73.947218,.jpg"
satellite_40.728317086_-73.9866601334.png,"gCFv4D9Iy3nVeqDK1wkiFg,40.728244,-73.986833,.jpg"
satellite_40.7230679268_-74.0074446807.png,"rxV_6gbBbzryx44y0C26xQ,40.723174,-74.007267,.jpg"
satellite_40.7086327389_-74.0178369544.png,"DnnYyEEddoUsbqpCG72wZw,40.708598,-74.017713,.jpg"
satellite_40.7312697381_-73.984062065.png,"xtnxg5gN-m_l5UDUNQdZHg,40.731148,-73.984230,.jpg"
satellite_40.7660454181_-73.9697726887.png,"l1kpdk7PIZST5H9xwFZnDg,40.766204,-73.969847,.jpg"
satellite_40.704367797_-74.0074446807.png,"k9AbqnpC58vw0rV5RN0CAQ,40.704322,-74.007614,.jpg"
satellite_40.7798244611_-73.9576483694.png,"JrZV9eZyMtCrv81mTlBP9A,40.779942,-73.957506,.jpg"
satellite_40.7689980701_-73.9710717229.png,"X9EcqoVH0bcB2FBggBc_ig,40.769081,-73.970894,.jpg"
satellite_40.7706384324_-73.988392179.png,"7KDKUIBbfM1VLtvnzmlrMA,40.770723,-73.988332,.jpg"
satellite_40.7607962588_-73.9879591676.png,"GqoWigaujML1q6rsVpVvMw,40.760638,-73.988003,.jpg"
satellite_40.7286451585_-73.986227122.png,"Rt-K71IV10qGVhk_zo1WIQ,40.728809,-73.986322,.jpg"
satellite_40.7634208385_-73.9671746203.png,"2bLz7wdfjWMaWqzQWXUGDQ,40.763483,-73.967273,.jpg"
satellite_40.7634208385_-73.9866601334.png,"WxtZEl2JNYoazFblOBWu0g,40.763331,-73.986621,.jpg"
satellite_40.7653892732_-73.9546172896.png,"QbgHbAMmUv7ijkNywZUllg,40.765432,-73.954776,.jpg"
satellite_40.7598120415_-73.9849280878.png,"rQBmZtfNXAXYofSUjcho1g,40.759910,-73.984960,.jpg"
satellite_40.71814684_-74.0039805895.png,"qAgI1zO8jJGkh0ZK6US8uQ,40.718185,-74.003775,.jpg"
satellite_40.7361908249_-74.0078776921.png,"PMEJH24Gt4dtVy9PPx1uaQ,40.736267,-74.007910,.jpg"
satellite_40.759483969_-74.0031145667.png,"6cyd2ydTGoWkERSebadAcg,40.759370,-74.003071,.jpg"
satellite_40.7499698679_-73.9814639966.png,"EnmSCco6VfBH0lVIO5TSaA,40.749964,-73.981383,.jpg"
satellite_40.71814684_-73.992722293.png,"X2HnYUVEja-K699GZHv3Kg,40.718266,-73.992892,.jpg"
satellite_40.7158503328_-74.0113417833.png,"k8QjPceiMyvlKEmLtAfshA,40.715784,-74.011534,.jpg"
satellite_40.7749033743_-73.988392179.png,"tmmCnmd3gK5RDicUt26X9Q,40.774909,-73.988560,.jpg"
satellite_40.7348785351_-73.986227122.png,"EkgXjTdXYXb5dOTMWTUdGA,40.734740,-73.986127,.jpg"
satellite_40.7522663751_-73.9645765518.png,"ciF0iDQOR74PCFL7qqu3iQ,40.752274,-73.964628,.jpg"
satellite_40.7539067373_-73.9632775176.png,"dRlxRXK0a2pq0UPqLj02tQ,40.753920,-73.963086,.jpg"
satellite_40.7119134634_-73.9922892816.png,"dySwZYy8sATaQDk41GL_dQ,40.711888,-73.992484,.jpg"
satellite_40.7752314467_-73.9745358141.png,"HluYvXGesBZbmJg6cuYeIg,40.775392,-73.974697,.jpg"
satellite_40.780480606_-73.9437920045.png,"kx7aiYIsSx5VsxZSnHJjoQ,40.780386,-73.943883,.jpg"
satellite_40.7562032445_-73.9749688255.png,"OtuPQ0VZiss9cKTLPjBZIw,40.756069,-73.974923,.jpg"
satellite_40.7483295056_-74.0018155325.png,"YkUCUNL90PcnyMjQx8OJag,40.748311,-74.001645,.jpg"
satellite_40.7092888838_-74.0139398518.png,"-l-g2YbMWSRRV7HTQV6WOg,40.709381,-74.013947,.jpg"
satellite_40.759483969_-73.9602464378.png,"g_8bodFNQE4HTsi4My50Ow,40.759402,-73.960167,.jpg"
satellite_40.7375031147_-74.0078776921.png,"DIX3jEifgIX2WS3P-g0zGg,40.737555,-74.007665,.jpg"
satellite_40.7486575781_-73.9827630308.png,"rTSrXydwLgj1aQdlQIwhTQ,40.748545,-73.982730,.jpg"
satellite_40.7601401139_-74.0005164983.png,"G85K769MEsOMDwnEg-bEeA,40.760060,-74.000478,.jpg"
satellite_40.7096169562_-74.0061456465.png,"Uftni4Qn3MAw73WZah12jw,40.709648,-74.006362,.jpg"
satellite_40.7388154045_-73.988392179.png,"8seznuLWZCXPSGFWlg6YDA,40.738674,-73.988560,.jpg"
satellite_40.7680138528_-73.9931553044.png,"DtJO0DqQnf0bfc6sRJuCyA,40.767919,-73.993151,.jpg"
satellite_40.71814684_-74.0126408176.png,"CSCxZI5Cdu1mA5tm5h8_PQ,40.718026,-74.012556,.jpg"
satellite_40.7719507222_-73.9888251904.png,"z_NX-VGh66Ky_fsrvAstJw,40.771842,-73.989035,.jpg"
satellite_40.7722787947_-73.9779999053.png,"lY-EaD7Uq2hbgKhY9KiZaA,40.772327,-73.977906,.jpg"
satellite_40.7312697381_-74.0087437149.png,"kgQpwXvgndt_aCENTysHpA,40.731155,-74.008875,.jpg"
satellite_40.7201152747_-73.9979184299.png,"PT5kYoZ-j4hoVueSG9fDRg,40.720270,-73.998122,.jpg"
satellite_40.7548909547_-74.0070116693.png,"d5eA_p5qUPC8g4L9oVlKuw,40.754886,-74.006845,.jpg"
satellite_40.7565313169_-73.9667416089.png,"Llyzn7Q2zoQF5_mb842Tgg,40.756601,-73.966749,.jpg"
satellite_40.7486575781_-73.9870931448.png,"79GxWWmtEKbwsyRZCHP2Kg,40.748564,-73.986934,.jpg"
satellite_40.7447207087_-73.9788659281.png,"lNTYIZtDVaSArilBNCOWYA,40.744688,-73.978897,.jpg"
satellite_40.714538043_-74.0139398518.png,"YdRxMnHafHbDYBJD3d9sXQ,40.714632,-74.013972,.jpg"
satellite_40.7263486513_-74.0048466123.png,"R0i0DwPuBx4dvZAr0wpi9A,40.726356,-74.004765,.jpg"
satellite_40.7197872023_-74.0078776921.png,"_lJkUynPttyHWMNJ9uNtWw,40.719881,-74.007779,.jpg"
satellite_40.710929246_-73.9801649623.png,"PnpMbOonGnvkMgwHDvrZRg,40.710986,-73.980135,.jpg"
satellite_40.7539067373_-73.9784329167.png,"EEVodRrcl3w0EPzzVOm5nA,40.754050,-73.978369,.jpg"
satellite_40.7539067373_-73.9836290536.png,"0EZ-6YSFUyUPEPxOQ-hetA,40.754049,-73.983690,.jpg"
satellite_40.7765437366_-73.9585143922.png,"nxvD5X96izXWqR5v7vYraQ,40.776583,-73.958664,.jpg"
satellite_40.7548909547_-73.986227122.png,"Pvkhc6zw73pTD2U0aCZehw,40.754803,-73.986093,.jpg"
satellite_40.7604681864_-73.957215358.png,"L0vprqu328tpdrStKbXfoA,40.760539,-73.957194,.jpg"
satellite_40.7519383026_-73.9935883158.png,"FeMyQN1gKyJqlr3ndibVQA,40.751813,-73.993737,.jpg"
satellite_40.7611243313_-73.9628445062.png,"Yi_gL7R636MUFTBtCCoSsA,40.761203,-73.962646,.jpg"
satellite_40.7693261426_-73.99488735.png,"JPgGpzdNhpJrn4F25CGffA,40.769418,-73.994738,.jpg"
satellite_40.7699822875_-73.9489881413.png,"CBSdVhMLOKSBmidt7_729w,40.769950,-73.949125,.jpg"
satellite_40.73553468_-73.9940213272.png,"kUc5nW_1WyxNEylIk6ecdA,40.735448,-73.994042,.jpg"
satellite_40.7663734905_-73.9563493352.png,"KSrJrY_belOQgs9S5DSuTA,40.766240,-73.956341,.jpg"
satellite_40.7722787947_-73.9563493352.png,"BOu3x6MzhF_lifXbdvPgpg,40.772142,-73.956289,.jpg"
satellite_40.7056800868_-74.0113417833.png,"fv5GNlOZoc-X9SWoJuqq5Q,40.705539,-74.011436,.jpg"
satellite_40.7637489109_-73.9875261562.png,"TFK6S0CZ8oYKOvbSjoYydA,40.763710,-73.987509,.jpg"
satellite_40.7233959992_-74.0078776921.png,"Wtm1Gf-pYZ6LhBzKk_KYxA,40.723479,-74.007703,.jpg"
satellite_40.7286451585_-73.981897008.png,"LzHMLsqQrr0eX4AMiVzbKA,40.728565,-73.982076,.jpg"
satellite_40.7535786649_-73.9853610992.png,"rVDp_-ir3OYqrC5AsN0kOg,40.753628,-73.985201,.jpg"
satellite_40.7437364913_-73.9961863842.png,"krv413y3GIy8oGR63w5d5g,40.743654,-73.995997,.jpg"
satellite_40.7791683162_-73.9559163238.png,"GKYVv5waty3wA59XRf4szg,40.779055,-73.955911,.jpg"
satellite_40.7693261426_-73.9710717229.png,"r-Vhc0GFdipvDP4fLT_z7Q,40.769256,-73.971046,.jpg"
satellite_40.7683419252_-73.9758348483.png,"G1VZPDU3yspGrYXECQyJCw,40.768416,-73.975632,.jpg"
satellite_40.7073204491_-74.0031145667.png,"u3SvE4VYyNm_A-bb4xpDxg,40.707471,-74.002950,.jpg"
satellite_40.7227398543_-73.990557236.png,"zStpJlQyYe_KYU6m4kaFQw,40.722597,-73.990686,.jpg"
satellite_40.7735910845_-73.9914232588.png,"bqw6uCCijeyOutABUCJo5A,40.773705,-73.991380,.jpg"
satellite_40.7775279539_-73.9489881413.png,"s5i4_Ol7JH6jC3Jnal9t-w,40.777679,-73.949175,.jpg"
satellite_40.7233959992_-73.9888251904.png,"XG-5cnh9fjuyL7xDZQLwZQ,40.723393,-73.988679,.jpg"
satellite_40.7771998815_-73.9857941106.png,"6CIP4rwe0Ip6ZuVBuZHPEg,40.777351,-73.985932,.jpg"
satellite_40.7542348098_-73.992722293.png,"15HXddTwiskls6yuBkZyPw,40.754332,-73.992649,.jpg"
satellite_40.7758875917_-73.9511531984.png,"t7Y7vlRWnrvOxgr-0kHa6g,40.775812,-73.950937,.jpg"
satellite_40.7194591298_-73.9745358141.png,"o533BVyqykQrdNIOyr9U1A,40.719420,-73.974597,.jpg"
satellite_40.7106011736_-74.0009495097.png,"ovcLCw2qylssow1c-ZEGQg,40.710540,-74.000868,.jpg"
satellite_40.7401276943_-73.981897008.png,"uXeMdtdq-FFzw5QpJBdLbQ,40.740008,-73.981900,.jpg"
satellite_40.7591558966_-74.0031145667.png,"26NaNHR4qhGyE-5nY5Ejvw,40.759295,-74.003126,.jpg"
satellite_40.7194591298_-73.9823300194.png,"ZFfRHUqsZHFKGPfLuXIeJQ,40.719550,-73.982187,.jpg"
satellite_40.7263486513_-73.9857941106.png,"2eu0Rs_zEwsSLDdoHZGGpw,40.726302,-73.985943,.jpg"
satellite_40.7214275645_-73.9823300194.png,"U-uVjqA_gZ4fPoXZSe3dUQ,40.721490,-73.982170,.jpg"
satellite_40.7066643041_-74.0117747947.png,"Zk_lZeezp5DqXOd2qmAYBw,40.706554,-74.011877,.jpg"
satellite_40.7030555072_-74.0109087719.png,"BVtXo3ot9oEvnCPdHnM69w,40.703078,-74.011076,.jpg"
satellite_40.7765437366_-73.9442250159.png,"M6s610mbkxjtJ_ypQCW0dQ,40.776399,-73.944196,.jpg"
satellite_40.7286451585_-73.9844950764.png,"H_RLMIdp8OtlUcTXLBezYA,40.728529,-73.984613,.jpg"
satellite_40.7571874619_-73.9914232588.png,"R4p2VKOg639gGGEghavJnw,40.757049,-73.991408,.jpg"
satellite_40.7073204491_-74.0091767263.png,"05kqBcJDoUg4ApPXt1wV4g,40.707184,-74.009359,.jpg"
satellite_40.7302855207_-73.9983514413.png,"JZP_I_BcB2sOIaGWnXsUBA,40.730176,-73.998190,.jpg"
satellite_40.7729349396_-73.9515862098.png,"A3cdm2N602sLVT5eVzhe7Q,40.772859,-73.951802,.jpg"
satellite_40.7545628822_-73.9762678597.png,"Hq39Oj42W-m69vxj7aAKsA,40.754470,-73.976097,.jpg"
satellite_40.7135538257_-74.0143728632.png,"LoEEGBtLb-E6FbqDTCmqAA,40.713495,-74.014341,.jpg"
satellite_40.7394715494_-73.9728037685.png,"GfEbLruqY2GAE1fSGb-8VQ,40.739621,-73.972816,.jpg"
satellite_40.759483969_-73.9879591676.png,"LWJ1nxhOvpktn7kcqlcxzg,40.759552,-73.988100,.jpg"
satellite_40.7824490407_-73.9606794492.png,"5wi2c5UKHlHaAvJKioiGAA,40.782597,-73.960596,.jpg"
satellite_40.7584997517_-73.9970524071.png,"cO4orVJgIdAWgGXnCfCt_g,40.758519,-73.996864,.jpg"
satellite_40.7552190271_-73.9754018369.png,"Q4NFl2WBXrKmydrTLLpeRw,40.755238,-73.975526,.jpg"
satellite_40.7201152747_-73.9892582018.png,"ZhTpZ-_nF3wJsxtxpFWdDQ,40.720018,-73.989270,.jpg"
satellite_40.7755595192_-73.9875261562.png,"XcT-e0FR4uzJe_bNG0t4aA,40.775709,-73.987474,.jpg"
satellite_40.7135538257_-73.9879591676.png,"Wl7lQtaNBH1pWKVYktYAgg,40.713410,-73.988116,.jpg"
satellite_40.7256925064_-74.0065786579.png,"RVuq7jxlzOTIzN8-Mo7eXA,40.725757,-74.006583,.jpg"
satellite_40.7122415358_-74.0035475781.png,"khT0ehUeuaV28GIG8gHYNg,40.712374,-74.003603,.jpg"
satellite_40.7716226498_-73.9468230843.png,"jTejeeeiMOaoggcLbwfZKA,40.771680,-73.947023,.jpg"
satellite_40.7509540853_-73.9805979737.png,"pGigWJZi3vooQ77A-VWEfQ,40.750843,-73.980728,.jpg"
satellite_40.7663734905_-73.955050301.png,"vUuzxyMcAeAaZUJ3TsbQag,40.766477,-73.954956,.jpg"
satellite_40.780480606_-73.9676076317.png,"STDjYm8DYSFQOdVz3dt_lA,40.780317,-73.967723,.jpg"
satellite_40.7522663751_-73.9754018369.png,"ut5j4_rwdZNWunnVNQi9UA,40.752287,-73.975456,.jpg"
satellite_40.7542348098_-73.9827630308.png,"q4uwDdTX7aYhTIDbRtyszQ,40.754314,-73.982639,.jpg"
satellite_40.7552190271_-74.0009495097.png,"69mqkEgrjblaQ0an2mbhNQ,40.755292,-74.000828,.jpg"
satellite_40.7670296354_-73.9689066659.png,"Q6EinLHZz7i3uSuPa-hVjQ,40.766991,-73.968929,.jpg"
satellite_40.780480606_-73.9520192212.png,"E_hX9cDXRNgVRSHtYRqa9A,40.780536,-73.952056,.jpg"
satellite_40.7138818981_-73.990557236.png,"ZwyBEArVmwJcefBfH3xkOA,40.714042,-73.990424,.jpg"
satellite_40.7657173456_-73.9585143922.png,"H6iOS0RmsN8QS0zcX74hAQ,40.765558,-73.958610,.jpg"
satellite_40.7092888838_-74.0070116693.png,"zuuO1lVrkt8QiIPepzinbA,40.709148,-74.006861,.jpg"
satellite_40.7312697381_-73.9992174641.png,"kXZXkQflIlQxjnNaROURkg,40.731387,-73.999334,.jpg"
satellite_40.7286451585_-73.990557236.png,"MrG5h8NE0OnlKSSX-DieOA,40.728547,-73.990646,.jpg"
satellite_40.7742472294_-73.9823300194.png,"34AtA0V36QiEt4fqum1MwA,40.774306,-73.982328,.jpg"
satellite_40.7063362317_-74.0065786579.png,"z_nyHaxxvc7CaBjbr8bdHw,40.706459,-74.006414,.jpg"
satellite_40.7686699977_-73.9788659281.png,"ueS9D9chkypchBsQndxmWA,40.768789,-73.978870,.jpg"
satellite_40.7673577079_-73.9502871756.png,"Q5Tard2p9M5NzAXmSvnm-Q,40.767473,-73.950159,.jpg"
satellite_40.7171626226_-74.0018155325.png,"OL-lGTO1WCX2haQMVjABCQ,40.717212,-74.001674,.jpg"
satellite_40.7375031147_-73.9931553044.png,"wLXRAXN7eqGI4bphAKbxbA,40.737513,-73.993086,.jpg"
satellite_40.7119134634_-74.0031145667.png,"PWjqJS7tBncpyvNesSN-3w,40.711767,-74.003146,.jpg"
satellite_40.7414399841_-73.9784329167.png,"rdCzV2IR278hxrc3SnBywQ,40.741495,-73.978314,.jpg"
satellite_40.7742472294_-73.955050301.png,"rfEgaPhYA337d8TWA0psmw,40.774160,-73.954873,.jpg"
satellite_40.7253644339_-74.0000834869.png,"DjwPaNz99CQ_VLrTQLerIg,40.725302,-73.999959,.jpg"
satellite_40.7726068671_-73.961545472.png,"Kqdz8TpFSnrpO7d_XsSAJQ,40.772730,-73.961649,.jpg"
satellite_40.7148661155_-74.0135068404.png,"6kQ3tyobZ5YUjP0AyvV-Ow,40.715013,-74.013604,.jpg"
satellite_40.7522663751_-73.9732367799.png,"8nrZE5bSy67dbnekQMdfww,40.752230,-73.973391,.jpg"
satellite_40.7640769834_-73.9559163238.png,"uwR5e99AfWzOkC_vTL1Wvg,40.764043,-73.955801,.jpg"
satellite_40.7099450287_-73.99488735.png,"YFu9Mu0Ni5XfX2mzGe_PcQ,40.710012,-73.994671,.jpg"
satellite_40.7253644339_-73.9940213272.png,"YbG4E96PTm_ixARMb01fqQ,40.725522,-73.993833,.jpg"
satellite_40.773263012_-73.9567823466.png,"jVHPFAzDwrksztuW0ma8NQ,40.773127,-73.956660,.jpg"
satellite_40.7752314467_-73.9805979737.png,"0XnbdgzvMk9coTDQSgIegQ,40.775191,-73.980442,.jpg"
satellite_40.7683419252_-73.9957533728.png,"TRtLJ5aVlUExKIWTbMRMMA,40.768270,-73.995843,.jpg"
satellite_40.7525944475_-73.9866601334.png,"symjAZ2uLQ-ltRnjYL05ZQ,40.752551,-73.986495,.jpg"
satellite_40.7394715494_-73.9797319509.png,"6Yy7hbfHlVHuaohVacp82Q,40.739600,-73.979682,.jpg"
satellite_40.780480606_-73.957215358.png,"KNxuWUGWThCJGfuQK5qtFA,40.780475,-73.957112,.jpg"
satellite_40.7614524037_-73.9762678597.png,"qj5pJIkzoyi9-q1xlteEXg,40.761449,-73.976323,.jpg"
satellite_40.7371750422_-73.9831960422.png,"YfG4H2j7G0-9qnlb0U35Hg,40.737217,-73.983306,.jpg"
satellite_40.7194591298_-73.986227122.png,"xcMbEg4Me91QIFywiTYkLw,40.719461,-73.986290,.jpg"
satellite_40.7765437366_-73.9797319509.png,"gb4JMQ0ESNSr55VOWc9zUA,40.776463,-73.979516,.jpg"
satellite_40.7427522739_-74.0057126351.png,"RIKr7WnrjhDsjsU_ZgJbjQ,40.742771,-74.005571,.jpg"
satellite_40.7801525335_-73.9697726887.png,"t9xDwseY-DYtTpzdALd8ow,40.779990,-73.969967,.jpg"
satellite_40.7502979403_-73.9892582018.png,"JVAxzfKcLIyoUzbPDLwS3g,40.750378,-73.989142,.jpg"
satellite_40.7165064777_-74.015238886.png,"kFmrXQuEXwZ1e9_FlNjTAw,40.716480,-74.015033,.jpg"
satellite_40.755875172_-73.9632775176.png,"U7Za9EfrkPJExw6_TB3Dsw,40.755953,-73.963297,.jpg"
satellite_40.7821209683_-73.9654425746.png,"vRfO-rQ-UkguDxCgN_FydA,40.782230,-73.965259,.jpg"
satellite_40.7778560264_-73.9663085975.png,"3cvA7YgTormLf3HNhjC5aQ,40.777952,-73.966192,.jpg"
satellite_40.7073204491_-74.0096097377.png,"U-2ixPpyYBqwDrLvJrZsgg,40.707353,-74.009636,.jpg"
satellite_40.7197872023_-74.0087437149.png,"Ue15VEw-bbD1jqmtrDt48w,40.719926,-74.008592,.jpg"
satellite_40.7273328687_-73.9849280878.png,"wd4GtSXRo9yZr0bG9DZ6EA,40.727424,-73.984886,.jpg"
satellite_40.7676857803_-73.9632775176.png,"_26IV4CONBL-yJET4u8qdg,40.767543,-73.963306,.jpg"
satellite_40.7112573185_-73.988392179.png,"q3ot47J9JuJA4EDMpgjF3Q,40.711377,-73.988394,.jpg"
satellite_40.7742472294_-73.9892582018.png,"ht0U504Cy-sDsVfpFdaSMA,40.774315,-73.989082,.jpg"
satellite_40.7575155343_-73.984062065.png,"pXcwPYNBAkSyv5c3XG_4ag,40.757412,-73.984252,.jpg"
satellite_40.7315978105_-73.9944543386.png,"Ku7BnK4wtUYBOBQ4ngbHqw,40.731443,-73.994386,.jpg"
satellite_40.7598120415_-73.963710529.png,"rpcu8eRhdmU4l2Lbca3Gzw,40.759896,-73.963861,.jpg"
satellite_40.7480014332_-73.9771338825.png,"vYtSLcb0ZmXjtkJ_yDGmFg,40.747874,-73.977326,.jpg"
satellite_40.7299574483_-73.988392179.png,"FryXY3vTyX3C5cO5Sv-jtA,40.729952,-73.988198,.jpg"
satellite_40.7296293758_-74.0109087719.png,"0IKj6pYJ_3NyIVKCVkxboQ,40.729625,-74.010732,.jpg"
satellite_40.7542348098_-73.9771338825.png,"TF_xtcdbtiui8TjiFLOXVQ,40.754369,-73.977019,.jpg"
satellite_40.7224117819_-73.9961863842.png,"2c4MRRSLxOkArjTiym_Ibg,40.722376,-73.996109,.jpg"
satellite_40.7545628822_-73.9663085975.png,"IcdFT2v_4QPDgxN9Za-VLg,40.754692,-73.966148,.jpg"
satellite_40.7230679268_-73.9805979737.png,"J2WjDRWYrs6VIk7NVj93Cg,40.723196,-73.980439,.jpg"
satellite_40.7627646935_-73.992722293.png,"kQRbaxCFKsfihYIEtkrZbQ,40.762719,-73.992913,.jpg"
satellite_40.7142099706_-73.9827630308.png,"54yB-szLYtawlaS7zNpGmw,40.714046,-73.982767,.jpg"
satellite_40.724708289_-74.0113417833.png,"4DDSTa7PVpIzXwvk9Yu-8A,40.724553,-74.011186,.jpg"
satellite_40.7299574483_-74.0013825211.png,"zzs15QL5HZthASYFo85Xow,40.730077,-74.001175,.jpg"
satellite_40.7788402437_-73.9892582018.png,"vNsZzcAAHjSbm1BH0LwZTQ,40.778821,-73.989076,.jpg"
satellite_40.7361908249_-74.0013825211.png,"wOUPUOWsITaI-4DhMQGWpQ,40.736062,-74.001422,.jpg"
satellite_40.7588278241_-73.9987844527.png,"B1rUnb81YJF-bORoGui20A,40.758780,-73.998842,.jpg"
satellite_40.7243802166_-74.0087437149.png,"6umzFvhY2KEhQdLrkpMT_w,40.724337,-74.008720,.jpg"
satellite_40.7342223902_-74.0074446807.png,"2tSYnq7mQcypToACfq1Jyw,40.734117,-74.007232,.jpg"
satellite_40.7607962588_-73.9961863842.png,"T0qoWBbm9mc0OCL0DR2n7A,40.760849,-73.996262,.jpg"
satellite_40.7266767238_-73.9870931448.png,"7_hobyU6d9vhldZAqMaUwg,40.726724,-73.986899,.jpg"
satellite_40.7115853909_-73.9853610992.png,"pszrY8nPxf0U8Sw2MTdhGg,40.711656,-73.985523,.jpg"
satellite_40.7660454181_-73.9875261562.png,"zd04qGbkR2XobvfHXGZWNA,40.766086,-73.987346,.jpg"
satellite_40.7781840988_-73.9606794492.png,"WtnzlhthNymVxDO_KwYvUg,40.778023,-73.960882,.jpg"
satellite_40.7719507222_-73.9589474036.png,"KB5oCmuyCrrCdMsfSXSu0w,40.771946,-73.959003,.jpg"
satellite_40.77031036_-73.9762678597.png,"46c82jHIiaaZcI_Fb3xCKw,40.770225,-73.976112,.jpg"
satellite_40.7545628822_-73.9957533728.png,"0vm3tYVgDAY5uibJmaD8mg,40.754489,-73.995541,.jpg"
satellite_40.724708289_-73.9754018369.png,"BWka-xxBn5ctvHIxKwnMiQ,40.724653,-73.975336,.jpg"
satellite_40.7230679268_-73.9823300194.png,"XjUPYsHZ5oNk9xhPSADDqQ,40.723197,-73.982331,.jpg"
satellite_40.7207714196_-74.0083107035.png,"Oe5ShKdukgToENRlanLmzQ,40.720697,-74.008367,.jpg"
satellite_40.7171626226_-73.9784329167.png,"I3QNwmAY1bn0cQklK1gzXg,40.717028,-73.978293,.jpg"
satellite_40.7332381728_-73.9892582018.png,"shJWErn7fPEcBjSAjlJv8w,40.733329,-73.989383,.jpg"
satellite_40.7653892732_-73.9953203614.png,"4I6xTjaw0WTLpt_kXWV0ug,40.765280,-73.995143,.jpg"
satellite_40.7273328687_-74.0087437149.png,"rZfxUfkzad5Kdsk7qLoD3w,40.727461,-74.008763,.jpg"
satellite_40.7588278241_-73.9728037685.png,"cTXI3tZVXVXDK9UfgEbtRQ,40.758844,-73.972644,.jpg"
satellite_40.7653892732_-73.9901242246.png,"fzvn4-ixh1MBeAzQGkJJnQ,40.765534,-73.989914,.jpg"
satellite_40.7401276943_-74.0035475781.png,"uvEX56tfHT51fcJQpAITHQ,40.740179,-74.003511,.jpg"
satellite_40.7506260128_-74.0057126351.png,"Ol6A30mdCM_J9A48IRCezA,40.750743,-74.005504,.jpg"
satellite_40.763092766_-73.9723707571.png,"xepiROSSeZSI9l0D18_41A,40.763162,-73.972320,.jpg"
satellite_40.7112573185_-74.0122078062.png,"6KRtTr7rhA2OBhLZwxPF1w,40.711234,-74.012298,.jpg"
satellite_40.7739191569_-73.9658755861.png,"KMDtzDQudk7jZ0Y9ODdpBQ,40.773926,-73.965972,.jpg"
satellite_40.7627646935_-73.9567823466.png,"mj5FRpXW3qfXIkDUCk_rHg,40.762633,-73.956839,.jpg"
satellite_40.7243802166_-74.0109087719.png,"dhqo4W6qlieo02Oj94Ygtg,40.724236,-74.010805,.jpg"
satellite_40.7617804762_-73.9979184299.png,"V9Fzy0VBqqTJl6RWlzTv_A,40.761630,-73.998113,.jpg"
satellite_40.7060081592_-74.0161049088.png,"ZwjBKTZAGn9vDasdWFXJNw,40.705855,-74.016194,.jpg"
satellite_40.7361908249_-74.0104757605.png,"764mJiIHw4defMIivGrUXg,40.736201,-74.010418,.jpg"
satellite_40.776871809_-73.9771338825.png,"-AutAlA18g1RRTynT2gaEA,40.776764,-73.977276,.jpg"
satellite_40.7227398543_-73.9922892816.png,"P4H2_hU4K7ETk4zfncCvUw,40.722635,-73.992420,.jpg"
satellite_40.7473452883_-73.9992174641.png,"4GYse4rQqrDpEnmLJ5hpAQ,40.747299,-73.999279,.jpg"
satellite_40.7293013034_-73.9870931448.png,"mkPOatle6hPnPaKATdtvQw,40.729218,-73.987291,.jpg"
satellite_40.7463610709_-74.0031145667.png,"NG9KkPc-7pfDlr6JFupj4Q,40.746461,-74.003288,.jpg"
satellite_40.7791683162_-73.9680406431.png,"RMqhTV9ZjhME22_PVRT0ag,40.779031,-73.968209,.jpg"
satellite_40.7693261426_-73.9520192212.png,"2kOFHRqtboQRtYtcBDucBw,40.769488,-73.951833,.jpg"
satellite_40.7693261426_-73.9784329167.png,"Pzo7mZYTdb1Xmo-_iBv99w,40.769265,-73.978303,.jpg"
satellite_40.7365188973_-74.0061456465.png,"ucniBUyf-xTzApAZH0duMw,40.736494,-74.006153,.jpg"
satellite_40.7138818981_-74.0104757605.png,"7Au7r_vf45N6IPg2ey_IqQ,40.713824,-74.010513,.jpg"
satellite_40.7680138528_-73.9896912132.png,"0tTeSUPYSyJbVPKRQmLbTA,40.767918,-73.989719,.jpg"
satellite_40.7224117819_-73.9823300194.png,"QKrmQC65JU32puJgGgaDjA,40.722321,-73.982121,.jpg"
satellite_40.7719507222_-73.9823300194.png,"YEVODk3y5fBpp8_SoTv2HA,40.771994,-73.982282,.jpg"
satellite_40.7499698679_-74.0026815553.png,"dIpQpq1UtHnoTFdhFr-HeQ,40.749886,-74.002582,.jpg"
satellite_40.7509540853_-73.9767008711.png,"G9rzkDYPU3QQ6CpXfM9_2g,40.750892,-73.976799,.jpg"
satellite_40.7450487811_-73.9823300194.png,"lnOX_jJJzf37QNmoUZ0Gaw,40.745022,-73.982370,.jpg"
satellite_40.7506260128_-73.986227122.png,"MeEsxare_mWBaIDonB-LYA,40.750780,-73.986126,.jpg"
satellite_40.7273328687_-73.9940213272.png,"zCshywJ3qLPtQ41sWDP-Dg,40.727449,-73.993954,.jpg"
satellite_40.7066643041_-74.0135068404.png,"EPPwCJQqKHPJzAC_2aY4hQ,40.706746,-74.013662,.jpg"
satellite_40.7575155343_-73.992722293.png,"_wtwNMcM7S9Eu4Z4XIO7fQ,40.757582,-73.992656,.jpg"
satellite_40.7414399841_-74.0009495097.png,"MMqParJVPhF173qJX5Mpeg,40.741524,-74.000762,.jpg"
satellite_40.7673577079_-73.9628445062.png,"5VS4nABf3afCW-girDi3LA,40.767299,-73.962715,.jpg"
satellite_40.7237240717_-73.9736697913.png,"X5b7B6O7qLOVZbkaSEShYA,40.723840,-73.973713,.jpg"
satellite_40.7735910845_-73.9671746203.png,"nQpgpvvOo2bAfOk47oPhSw,40.773716,-73.967108,.jpg"
satellite_40.773263012_-73.9624114948.png,"2p0xrfY7TYvRIQP1lQVlow,40.773271,-73.962378,.jpg"
satellite_40.7348785351_-73.9901242246.png,"qB5T3OzEmn2fH9q7Tuag7A,40.734934,-73.989965,.jpg"
satellite_40.7516102302_-73.9741028027.png,"YkOEJGpWWyb8d8Ay5woE8w,40.751465,-73.973998,.jpg"
satellite_40.7450487811_-73.99488735.png,"h1IE1rMpwqSN4M1DQyXieQ,40.744968,-73.995021,.jpg"
satellite_40.7706384324_-73.9827630308.png,"0WbLyo4Cy9qRLbebB7JeCw,40.770748,-73.982556,.jpg"
satellite_40.7102731011_-73.9857941106.png,"yetXHaWUDktqdS6molpJtg,40.710382,-73.985816,.jpg"
satellite_40.7040397245_-74.0070116693.png,"82bwHsYaKYDsYJgyXUczYA,40.703892,-74.007218,.jpg"
satellite_40.7680138528_-73.9502871756.png,"_R_K9iMrkKKlzLX-R4tHnQ,40.768023,-73.950448,.jpg"
satellite_40.7555470996_-73.9814639966.png,"QtIpRcMjP3TKlOZJ91pCRg,40.755487,-73.981627,.jpg"
satellite_40.7706384324_-73.9792989395.png,"WZYVed1HrMbn_EebPPRfxw,40.770611,-73.979098,.jpg"
satellite_40.7411119117_-73.9857941106.png,"znDcg3FgSAh5SvFunSr1rA,40.741212,-73.985686,.jpg"
satellite_40.7624366211_-73.9844950764.png,"IJ0JJYAKf8HyUlrahrApow,40.762431,-73.984489,.jpg"
satellite_40.7050239419_-74.0087437149.png,"mI024iGeplgE2yaL1bBFpQ,40.704910,-74.008879,.jpg"
satellite_40.7532505924_-73.9879591676.png,"a0Llu1jZ5nlDPkg9XE7kXg,40.753174,-73.987973,.jpg"
satellite_40.7427522739_-73.9892582018.png,"KtroLZuN8PiKRcizfyY0yg,40.742908,-73.989192,.jpg"
satellite_40.7230679268_-73.9940213272.png,"YBBRHKSh8unO0Q2foMtnMQ,40.722956,-73.994062,.jpg"
satellite_40.7548909547_-73.9979184299.png,"MSLkilorI7qYICGnJeUAiw,40.754817,-73.997798,.jpg"
satellite_40.7657173456_-73.9844950764.png,"9TlI2SMgsizMOC5nQMzH0Q,40.765712,-73.984522,.jpg"
satellite_40.7450487811_-74.0083107035.png,"_nDoReGOCGyqrL5Z-8XPrA,40.745054,-74.008391,.jpg"
satellite_40.7414399841_-73.9896912132.png,"-am60Sbp5t1i78oO69Sxqw,40.741572,-73.989579,.jpg"
satellite_40.7397996219_-73.9792989395.png,"Jq0PuvlftC2mrAAupWROFQ,40.739639,-73.979163,.jpg"
satellite_40.7627646935_-74.0013825211.png,"Cb4LFk3AT67dOjE6RDsAhg,40.762687,-74.001348,.jpg"
satellite_40.742096129_-73.9792989395.png,"bz47zD-4lKcoL3ZPLZUk2Q,40.742089,-73.979215,.jpg"
satellite_40.7352066075_-73.9857941106.png,"j__5IDfIAAAHcqEpsnOeeg,40.735253,-73.985856,.jpg"
satellite_40.7601401139_-73.9632775176.png,"YtcQP1-Nm7RdZPhMooCe1Q,40.760229,-73.963418,.jpg"
satellite_40.773263012_-73.9762678597.png,"DDj_GmunTRiC6RbAchcIng,40.773376,-73.976473,.jpg"
satellite_40.7368469698_-73.9931553044.png,"lIsl6hEgmfx1UFMMH7qsJQ,40.736877,-73.993012,.jpg"
satellite_40.7338943177_-73.990557236.png,"DJMtqhTirCz26c34HEpxSQ,40.733807,-73.990525,.jpg"
satellite_40.7749033743_-73.9901242246.png,"gqvx4Kzs3DzZ5wV1jtg7Og,40.774792,-73.990200,.jpg"
satellite_40.7532505924_-73.9779999053.png,"ZmBIUtGUwLxX5ttQqpWRWQ,40.753188,-73.978039,.jpg"
satellite_40.7745753018_-73.957215358.png,"yoZ4uu9Rmc-arodlEehsPw,40.774622,-73.957044,.jpg"
satellite_40.7775279539_-73.9650095632.png,"2ciY3gQwXLOmMzjnrE87zQ,40.777667,-73.965097,.jpg"
satellite_40.7621085486_-74.0018155325.png,"9UkknRWVVQNynccBLd_e1A,40.762015,-74.001845,.jpg"
satellite_40.7168345502_-73.9966193957.png,"8tJZMGSGAsOFcMAH3ryZlA,40.716829,-73.996807,.jpg"
satellite_40.7191310573_-73.9879591676.png,"3yEIePgFs8dmx6sgz5ZF-w,40.719092,-73.987929,.jpg"
satellite_40.7128976807_-74.0083107035.png,"4bFapRACLSU28N8-U2PtwA,40.712934,-74.008505,.jpg"
satellite_40.7397996219_-73.9879591676.png,"5kzt00HGGaAmZne4_6mMUA,40.739926,-73.987814,.jpg"
satellite_40.7407838392_-73.9788659281.png,"FF-zgN9aUcHz-R9cm49YFg,40.740905,-73.978747,.jpg"
satellite_40.7207714196_-73.9879591676.png,"TEAkMND7obCdFmoJf6TWKA,40.720815,-73.987987,.jpg"
satellite_40.7188029849_-73.9879591676.png,"cALXRsqvxMvNlqri95w_WQ,40.718739,-73.988111,.jpg"
satellite_40.7516102302_-74.0013825211.png,"Di3Uf1DeaHC9SnPXz4e0zA,40.751476,-74.001480,.jpg"
satellite_40.7299574483_-73.9719377457.png,"KWw8Kx53mX8UacQj2FQOJg,40.729882,-73.971986,.jpg"
satellite_40.7499698679_-74.0074446807.png,"Kyi3EunaFM6FPNnbGV-SIg,40.749926,-74.007473,.jpg"
satellite_40.7765437366_-73.9745358141.png,"rV2T7LOkIxadl7g9nBLPHQ,40.776693,-73.974692,.jpg"
satellite_40.7607962588_-73.9870931448.png,"tYcUcdVC_I2Kb0BaPWx_Xg,40.760692,-73.987251,.jpg"
satellite_40.7778560264_-73.9455240501.png,"CoVvqxB5Ofr9fHYz23fa7A,40.778003,-73.945625,.jpg"
satellite_40.7151941879_-73.9987844527.png,"Ml_H-tMDH-OzI8A025zdYQ,40.715137,-73.998786,.jpg"
satellite_40.7578436068_-73.9957533728.png,"Iw5cZThoiyr4t5cK9D4C0Q,40.757964,-73.995553,.jpg"
satellite_40.7342223902_-74.0078776921.png,"ivAAYbdoHnBWIcyg4rtMYw,40.734179,-74.007998,.jpg"
satellite_40.7240521441_-73.9909902474.png,"3mRIKtWncG1v0WgIDryLdw,40.724183,-73.990918,.jpg"
satellite_40.7142099706_-73.992722293.png,"hSln4-QNRODiN8tP_b0ufA,40.714240,-73.992537,.jpg"
satellite_40.7706384324_-73.9823300194.png,"oqbhMWS8BAr4eM7ipF3e6A,40.770757,-73.982250,.jpg"
satellite_40.7627646935_-73.9715047343.png,"dbPqbh7CCkicYWnlpYKJ0Q,40.762839,-73.971553,.jpg"
satellite_40.776871809_-73.9494211527.png,"dQnksM0z1IcI7QpnlgnJjg,40.776960,-73.949575,.jpg"
satellite_40.7270047962_-73.9935883158.png,"jFjvV1aAKdWONHfQJAul0w,40.727140,-73.993745,.jpg"
satellite_40.7801525335_-73.9546172896.png,"yKmAbwyCWXeN6TGTEbNHCA,40.780034,-73.954717,.jpg"
satellite_40.7712945773_-73.9624114948.png,"RsJ508H_xUiGlecgT9wp2g,40.771393,-73.962402,.jpg"
satellite_40.7256925064_-74.0057126351.png,"BGGq53jb2_W6oTSl3rdWqA,40.725820,-74.005825,.jpg"
satellite_40.7548909547_-73.9918562702.png,"7BTTujv9P9ayaNUagTgzwA,40.754765,-73.991770,.jpg"
satellite_40.739143477_-73.9966193957.png,"JJqvul5ATezr95v9B81TOQ,40.739000,-73.996620,.jpg"
satellite_40.7168345502_-74.0087437149.png,"XhiE49XcB5_cNG-36ESDng,40.716784,-74.008804,.jpg"
satellite_40.7443926362_-73.9853610992.png,"Cx7zf2Q9-GMDdJIHHb5N-A,40.744429,-73.985390,.jpg"
satellite_40.7640769834_-73.9741028027.png,"5WRqNFGhT2EU5HU3CJi9pw,40.764047,-73.974032,.jpg"
satellite_40.7276609411_-73.9836290536.png,"OpTQzaHkQP2PFurhltjUxA,40.727752,-73.983837,.jpg"
satellite_40.749313723_-73.9922892816.png,"wAoRzStqpDOl4AuWv1ZuXQ,40.749309,-73.992487,.jpg"
satellite_40.7237240717_-74.0083107035.png,"fU0Ah31tMell8PsFyTe1uQ,40.723854,-74.008206,.jpg"
satellite_40.7762156641_-73.9823300194.png,"TG8v6WuPA9j97DrGOpI_Ww,40.776193,-73.982250,.jpg"
satellite_40.7765437366_-73.9654425746.png,"vjhEOD_KD2gKudSnZxxZiA,40.776495,-73.965582,.jpg"
satellite_40.7742472294_-73.963710529.png,"O9E0T7HMdw2yNngd8qO8sg,40.774381,-73.963558,.jpg"
satellite_40.7614524037_-73.9957533728.png,"G2trOG4g_o0N-EOSDcBmMw,40.761393,-73.995636,.jpg"
satellite_40.7785121713_-73.9797319509.png,"_9ELsphiu72ODVwcRG8A7w,40.778635,-73.979553,.jpg"
satellite_40.7453768536_-73.9775668939.png,"CrsgX1kmZD5EyVLVMvxqgg,40.745538,-73.977657,.jpg"
satellite_40.7522663751_-74.0022485439.png,"06Eo2cAkZx0AO1XsNtt10w,40.752415,-74.002046,.jpg"
satellite_40.7712945773_-73.9736697913.png,"YqG3bdMMN2X0mTNNjTaHfA,40.771436,-73.973480,.jpg"
satellite_40.7506260128_-73.9853610992.png,"K1Rjglljepk8beWOW5HYbQ,40.750475,-73.985399,.jpg"
satellite_40.7102731011_-74.0091767263.png,"BzVH_Zlt0hDZj_Rj7dfn5g,40.710157,-74.009272,.jpg"
satellite_40.7325820279_-73.9814639966.png,"LZ0TfQoare3lPoVP28wuaQ,40.732454,-73.981544,.jpg"
satellite_40.7073204491_-74.0083107035.png,"bDIE5iGqbEBwtGjItc1oeA,40.707217,-74.008439,.jpg"
satellite_40.7463610709_-73.986227122.png,"uwKL9yP6hd9EnNdGFixdQw,40.746383,-73.986077,.jpg"
satellite_40.7785121713_-73.9481221185.png,"BR3R_LwhlvALjHDByolUOA,40.778495,-73.948200,.jpg"
satellite_40.7627646935_-73.9875261562.png,"TubcXJ2gQWyxajaqDoYe8g,40.762814,-73.987353,.jpg"
satellite_40.7542348098_-73.9944543386.png,"KZxNeQ45ifP0KGnMcr4syw,40.754312,-73.994512,.jpg"
satellite_40.7460329985_-74.0022485439.png,"8Olnsu3z5lDeF_E6cF1DAw,40.746034,-74.002280,.jpg"
satellite_40.7729349396_-73.9520192212.png,"369JPPd_gAhNGYMyE2TLog,40.772903,-73.951906,.jpg"
satellite_40.7824490407_-73.9546172896.png,"jgo4ZI4edymWzq3d8_VBEA,40.782399,-73.954510,.jpg"
satellite_40.7365188973_-73.9909902474.png,"TJi4MH1rw-Cyor3Kh9mUCQ,40.736556,-73.990805,.jpg"
satellite_40.7483295056_-73.992722293.png,"olYKSOIdwWrQ2R2wqazj3A,40.748392,-73.992525,.jpg"
satellite_40.7414399841_-74.0000834869.png,"uytf7CJ3LCEWjNDLDFiiOg,40.741318,-74.000270,.jpg"
satellite_40.7660454181_-73.9931553044.png,"M4Q1yQKOhNJ40Egb94mJaQ,40.766131,-73.993292,.jpg"
satellite_40.7729349396_-73.9823300194.png,"RNYsaA06yZqm2YyMeuuYVQ,40.772888,-73.982121,.jpg"
satellite_40.7598120415_-73.9702057001.png,"XbkEhaDVOQ1vzaDIbjUESA,40.759768,-73.970379,.jpg"
satellite_40.773263012_-73.959380415.png,"STbbYC_Zv64pTE_aReP3iQ,40.773419,-73.959318,.jpg"
satellite_40.7578436068_-74.0039805895.png,"HqbkJwPi24JTU_taNAMObA,40.757974,-74.004079,.jpg"
satellite_40.7739191569_-73.9693396773.png,"Y7myd50DJgiHalzvypzg4A,40.773865,-73.969350,.jpg"
satellite_40.7696542151_-73.9671746203.png,"hEkHabzZ_Y-lYbxtjreRSw,40.769595,-73.967031,.jpg"
satellite_40.7178187675_-74.013073829.png,"5L_lpF3VRhJRDWq_P2J7hQ,40.717712,-74.012918,.jpg"
satellite_40.7322539555_-73.9961863842.png,"bNEIPtRJP6LOOPiFARVXTw,40.732339,-73.996317,.jpg"
satellite_40.7791683162_-73.9576483694.png,"3Jn-xM7lJk1I7RC4eiY2ug,40.779274,-73.957758,.jpg"
satellite_40.755875172_-73.9827630308.png,"Gr9VJMXMcba6ghaNpiX3Tw,40.755882,-73.982569,.jpg"
satellite_40.7798244611_-73.9784329167.png,"JLLZH6V45k4ZvSdIHnIbVQ,40.779870,-73.978549,.jpg"
satellite_40.7375031147_-73.9762678597.png,"l3nolLYOsDmZkoxkKHLZ7w,40.737544,-73.976081,.jpg"
satellite_40.7214275645_-74.0104757605.png,"Zkpi_mfvnxKG5ZpA5XyelA,40.721527,-74.010629,.jpg"
satellite_40.7417680566_-74.0031145667.png,"e5ii8_Ss6uYbLbH0V4icNQ,40.741779,-74.003217,.jpg"
satellite_40.7089608113_-74.0169709316.png,"qZjxZEJThJ7ZWVPFkb-A7g,40.709094,-74.016874,.jpg"
satellite_40.7644050558_-73.9810309852.png,"yvlhXRSnK1LNnDYnD9dymA,40.764335,-73.980896,.jpg"
satellite_40.7716226498_-73.981897008.png,"1yOeMXtQXHEbdd0FVO1rOg,40.771469,-73.982054,.jpg"
satellite_40.755875172_-73.984062065.png,"dO9pLFRC1YgmtEb1GZ_8GA,40.755793,-73.984273,.jpg"
satellite_40.7775279539_-73.9754018369.png,"Gg3wWuEFQq_ZE5Y_bgKQ3Q,40.777673,-73.975318,.jpg"
satellite_40.7401276943_-74.0083107035.png,"Trhf-4iU_ja-L0iMo1Ygtw,40.740136,-74.008186,.jpg"
satellite_40.7424242015_-73.9801649623.png,"bIJAjEuf0pyWJuTtbcZJ6g,40.742416,-73.979975,.jpg"
satellite_40.7361908249_-74.0048466123.png,"-8kDlxmrsuF4YZThTyF5Kg,40.736042,-74.004701,.jpg"
satellite_40.773263012_-73.9684736545.png,"3ZwZiVEw5E4wSQC18lEMJQ,40.773110,-73.968659,.jpg"
satellite_40.7371750422_-74.0100427491.png,"7x_jYTOkVYOUw7nMRb89hw,40.737152,-74.010048,.jpg"
satellite_40.7588278241_-73.9957533728.png,"dRACdpVAIAbbhmnuWkQzxA,40.758955,-73.995906,.jpg"
satellite_40.7161784053_-73.9961863842.png,"KQnMaJedtGSDF-WMvEu2CQ,40.716267,-73.996010,.jpg"
satellite_40.7624366211_-73.9567823466.png,"TqaqPfA668S_8r2FlOR-jw,40.762428,-73.956988,.jpg"
satellite_40.7286451585_-73.9805979737.png,"6PjzyzvglSVwAP0saocn3Q,40.728710,-73.980410,.jpg"
satellite_40.7427522739_-74.0074446807.png,"V_oXag_LhNNWq75Hh-ye9g,40.742659,-74.007335,.jpg"
satellite_40.7266767238_-73.9801649623.png,"Ct1zLnJFzJjayWIQGvFL3g,40.726680,-73.980048,.jpg"
satellite_40.7542348098_-73.9624114948.png,"kw1TowwYezA6nrZ0u9yO9Q,40.754387,-73.962506,.jpg"
satellite_40.7388154045_-74.0074446807.png,"a9i4wf9bGAzfxlL6cekaPw,40.738759,-74.007332,.jpg"
satellite_40.7535786649_-73.9866601334.png,"j09vCR9KWz0afQRIOLdFkQ,40.753496,-73.986829,.jpg"
satellite_40.7726068671_-73.9888251904.png,"794Npvo8aQek00Lw_LQEJw,40.772517,-73.988710,.jpg"
satellite_40.7197872023_-73.981897008.png,"SqqohX6lQbARjX029mCHgw,40.719933,-73.981729,.jpg"
satellite_40.7151941879_-73.9836290536.png,"8vCGMG3hMvcwuiY_p9YENA,40.715109,-73.983764,.jpg"
satellite_40.7191310573_-73.9771338825.png,"P3zKjYW-NYg85NZf579wJg,40.718997,-73.977339,.jpg"
satellite_40.7046958694_-74.0148058746.png,"XpusbW2R-04g5l35bMYYNQ,40.704697,-74.014822,.jpg"
satellite_40.7260205789_-73.9974854185.png,"T9ZzGOikqw6adWwxTPn4bA,40.725985,-73.997479,.jpg"
satellite_40.7644050558_-73.990557236.png,"RleBBWXaIN9_d3K6938CZw,40.764259,-73.990737,.jpg"
satellite_40.7591558966_-73.9996504755.png,"NJus3-gcZHiDYFkxCTysgw,40.759219,-73.999464,.jpg"
satellite_40.7693261426_-73.9606794492.png,"NGd9ujlPX45Q6eMtWGzzbA,40.769437,-73.960824,.jpg"
satellite_40.7502979403_-73.9689066659.png,"8C0Km3Dd4gfbQ_z5Uf_YQQ,40.750155,-73.968934,.jpg"
satellite_40.7640769834_-73.9663085975.png,"d2IFGTFj0g8PJPoOlGTgmw,40.763929,-73.966386,.jpg"
satellite_40.7660454181_-73.9814639966.png,"AjCpv8F7w65-AOmYjDu8sg,40.766102,-73.981378,.jpg"
satellite_40.7381592596_-74.0026815553.png,"C1EjDrby9cJ7jIfoZd4rOg,40.738129,-74.002557,.jpg"
satellite_40.7437364913_-74.0026815553.png,"q_uvJPTeQPkhUBn9LFHVyw,40.743794,-74.002562,.jpg"
satellite_40.7197872023_-74.0061456465.png,"8r03X3u55L3WicY5p9OjjA,40.719734,-74.006292,.jpg"
satellite_40.7617804762_-73.9710717229.png,"CllWobyRuU56AO6aa_2Yaw,40.761816,-73.971223,.jpg"
satellite_40.7522663751_-73.9663085975.png,"4my50jGKZjMiIu8gTG8v3A,40.752260,-73.966443,.jpg"
satellite_40.7562032445_-73.9767008711.png,"nN3pGE2l1ymmn1QA6NjzwQ,40.756113,-73.976877,.jpg"
satellite_40.7092888838_-73.9974854185.png,"KTjB6i0azIe-4O08L7MiQg,40.709424,-73.997629,.jpg"
satellite_40.7243802166_-73.9728037685.png,"bQaBRUd1pWhT1EnqbmTt5Q,40.724484,-73.972896,.jpg"
satellite_40.7178187675_-74.0061456465.png,"3ZUxkEB863yMIqQk0vcmzQ,40.717897,-74.006237,.jpg"
satellite_40.7771998815_-73.990557236.png,"83ei714jWMMmK5yPpqDlXQ,40.777257,-73.990389,.jpg"
satellite_40.7706384324_-73.9732367799.png,"YJKi09EZqc5Hd6-2HtVUxg,40.770679,-73.973150,.jpg"
satellite_40.7778560264_-73.9823300194.png,"S8eP0pfLTdetUHbbmHWU4Q,40.777976,-73.982264,.jpg"
satellite_40.7191310573_-73.9970524071.png,"TZ-8aRJzeUksOgfrZqW6Sw,40.719240,-73.997043,.jpg"
satellite_40.7256925064_-73.988392179.png,"3RSNB7jgGBJJzpTUxE164w,40.725759,-73.988395,.jpg"
satellite_40.7397996219_-74.0065786579.png,"Hr6f4A5N9mSX6RripVSh5A,40.739771,-74.006681,.jpg"
satellite_40.7158503328_-73.990557236.png,"7f0b6lm0Y-pkrr0_C3ePSQ,40.715830,-73.990660,.jpg"
satellite_40.7742472294_-73.9437920045.png,"FAEn8vq2gOhp2FI4-0b24A,40.774160,-73.943627,.jpg"
satellite_40.7440645637_-74.0065786579.png,"83OlkpG4r4qlxpE_F4F1lA,40.743954,-74.006556,.jpg"
satellite_40.77031036_-73.9520192212.png,"hVcS9x-HyYPMcibhfw062A,40.770393,-73.952142,.jpg"
satellite_40.7801525335_-73.9857941106.png,"S3jjAD14WQZvoFQieZaY5Q,40.780312,-73.985680,.jpg"
satellite_40.7427522739_-73.99488735.png,"S77LkfdSEx_i_q4eUPOLFQ,40.742830,-73.994699,.jpg"
satellite_40.7581716792_-73.9663085975.png,"LRHuMZKS0rTTt4XzIkZiTg,40.758254,-73.966112,.jpg"
satellite_40.7778560264_-73.9736697913.png,"yVFlPU2Bu4Lgj-Q-CJL7hg,40.777914,-73.973871,.jpg"
satellite_40.731925883_-73.9853610992.png,"iaOAurem-xuygwo-vzQx2A,40.731800,-73.985335,.jpg"
satellite_40.7427522739_-73.9922892816.png,"FVtP81xQ2N6kslKnGvtpPA,40.742660,-73.992238,.jpg"
satellite_40.7375031147_-73.984062065.png,"mb0PZnulPtcZmW4U6YdasA,40.737608,-73.984042,.jpg"
satellite_40.7460329985_-73.9788659281.png,"yFMiThNjkDO_zbyVap6RFQ,40.746102,-73.978984,.jpg"
satellite_40.7522663751_-73.9775668939.png,"B1jD997nLIauXfOnNGAa9w,40.752119,-73.977634,.jpg"
satellite_40.7752314467_-73.9836290536.png,"eoVBOMb6GbJWMM5XldyiPg,40.775357,-73.983782,.jpg"
satellite_40.7729349396_-73.9663085975.png,"HO2Nk0Twq9SSUYjHhxYJ6g,40.773000,-73.966190,.jpg"
satellite_40.7568593894_-73.9732367799.png,"ZupgE3r9q3tQPMnWWQZnpQ,40.756930,-73.973377,.jpg"
satellite_40.714538043_-74.0026815553.png,"migFc8sXfFR7X-Jni_7Ogg,40.714532,-74.002469,.jpg"
satellite_40.7224117819_-74.0013825211.png,"oHhYAV8kHrBp5BqPUMAuDA,40.722414,-74.001543,.jpg"
satellite_40.7788402437_-73.9520192212.png,"G7acF6o6CRNC86NF4FhAUw,40.778855,-73.951970,.jpg"
satellite_40.7516102302_-73.9702057001.png,"zPDpe69UL_Fl0NOlSzQ45w,40.751555,-73.970345,.jpg"
satellite_40.7112573185_-73.9896912132.png,"fC7If4VCF45cVm9wNGVO_Q,40.711238,-73.989733,.jpg"
satellite_40.7719507222_-73.9775668939.png,"wdzW8WBRu5zvvymu0Oqf0w,40.771853,-73.977397,.jpg"
satellite_40.7197872023_-74.0052796237.png,"t1dwE7Ia3Cco5Bnkomu16w,40.719900,-74.005191,.jpg"
satellite_40.7519383026_-73.9801649623.png,"QkjIHkr35Cn1yzvhKCkk8g,40.751881,-73.979971,.jpg"
satellite_40.7135538257_-73.9797319509.png,"uqt8-sOIxKs7cOUOj1T7gA,40.713682,-73.979628,.jpg"
satellite_40.75292252_-73.9792989395.png,"wYvFyVfMoxcxlVUFkuAArw,40.752842,-73.979339,.jpg"
satellite_40.7814648233_-73.9831960422.png,"BHahrX51t599bBayxcH5JQ,40.781526,-73.983225,.jpg"
satellite_40.7791683162_-73.955050301.png,"sUN6mYsTojy-InCX6_Z_aA,40.779290,-73.955067,.jpg"
satellite_40.7375031147_-74.0039805895.png,"lI21UMXzEn932yqkafrFzA,40.737538,-74.003899,.jpg"
satellite_40.7325820279_-73.9918562702.png,"wNUmxYcoAkUEDwPE3U_BKg,40.732612,-73.991675,.jpg"
satellite_40.7689980701_-73.9940213272.png,"FJKRnY_XNBOx7nmu6i61Jg,40.768876,-73.993991,.jpg"
satellite_40.7128976807_-74.0122078062.png,"GKL5jaJy835f6YIqbWr5Ew,40.713052,-74.012121,.jpg"
satellite_40.7480014332_-73.9715047343.png,"eM5IrGl_fnEsBplxvvA3BQ,40.747864,-73.971535,.jpg"
satellite_40.7476733607_-73.9844950764.png,"_EvIaAKBt3pv2tbVHAdEYA,40.747569,-73.984590,.jpg"
satellite_40.7470172158_-73.9775668939.png,"ovI1E6gLeoBAtMKSNGxBnA,40.747174,-73.977529,.jpg"
satellite_40.745704926_-73.9732367799.png,"GBWphBemSXoPYWkxIslQhA,40.745671,-73.973354,.jpg"
satellite_40.7814648233_-73.9442250159.png,"LZKkkjj5sXrvOVeLUnRIGA,40.781447,-73.944129,.jpg"
satellite_40.7207714196_-74.0026815553.png,"T4C2Deoo6IxCfsXzKkVgsQ,40.720886,-74.002845,.jpg"
satellite_40.7276609411_-74.0013825211.png,"ZVwSPvffRrRvN_vf56hobg,40.727748,-74.001402,.jpg"
satellite_40.7719507222_-73.9732367799.png,"-n5YdDH0yr-ydCcy2TlrRg,40.771910,-73.973290,.jpg"
satellite_40.7548909547_-73.9801649623.png,"Hf4Aiv7uYGGlajNkXFQltQ,40.754878,-73.980153,.jpg"
satellite_40.7489856505_-74.0052796237.png,"KOqHoMWqYOdUrBuKMHqqTQ,40.749012,-74.005237,.jpg"
satellite_40.7676857803_-73.9801649623.png,"4AOmYKcl7kJp9fZFvdBn5Q,40.767648,-73.980037,.jpg"
satellite_40.731925883_-74.0083107035.png,"HROll3298IdSPKBGxW9w4w,40.731840,-74.008355,.jpg"
satellite_40.766701563_-73.963710529.png,"gXj1ca8_JpCB6ZeDsHb5Fg,40.766855,-73.963633,.jpg"
satellite_40.7765437366_-73.9771338825.png,"LiEzbiJ5YR8tLAw7q7zxfA,40.776675,-73.977070,.jpg"
satellite_40.7096169562_-74.0122078062.png,"JrZ9Jt7nOVVlN4-MzNyZCA,40.709513,-74.012372,.jpg"
satellite_40.7817928958_-73.9602464378.png,"9zLEJXyxWwXfzXbFywpY9A,40.781634,-73.960343,.jpg"
satellite_40.7060081592_-74.0109087719.png,"sGuHQWalQS1OF6j7FBTQGQ,40.706123,-74.010742,.jpg"
satellite_40.7279890136_-73.9992174641.png,"ey7XqQ9OcRXbGFsj2yMhrA,40.727880,-73.999134,.jpg"
satellite_40.745704926_-74.0035475781.png,"dXmlrvxzGQ4ik8gLAD5GrQ,40.745754,-74.003547,.jpg"
satellite_40.7266767238_-73.9732367799.png,"njc2TY7kklJPDUYDbReuEg,40.726525,-73.973292,.jpg"
satellite_40.7591558966_-73.9728037685.png,"ugUutZk2lBp85HsxuhbpSA,40.759219,-73.972632,.jpg"
satellite_40.776871809_-73.9650095632.png,"VgDHrgInfjyMxpBwn1BKkw,40.776803,-73.964838,.jpg"
satellite_40.7729349396_-73.9563493352.png,"IbM-Is8jVW6pW8Wpxz3mlQ,40.773039,-73.956453,.jpg"
satellite_40.7112573185_-73.9866601334.png,"TTouOd2taYGDgVopR29ciw,40.711109,-73.986692,.jpg"
satellite_40.7752314467_-73.9736697913.png,"V5uKLv_Mxzj9qGN4RzX2cQ,40.775220,-73.973835,.jpg"
satellite_40.7571874619_-73.9814639966.png,"r2XWlj5RCqvu79HDno_enA,40.757132,-73.981630,.jpg"
satellite_40.7437364913_-74.0074446807.png,"Sx2DG7-tSUyKgRtRiJpzgQ,40.743578,-74.007480,.jpg"
satellite_40.7581716792_-73.9974854185.png,"ZA5qrs4q97Jn2Ls9tHuA4A,40.758062,-73.997611,.jpg"
satellite_40.7365188973_-73.9974854185.png,"RhKgVISvc0D-fBYWS6XH8w,40.736495,-73.997472,.jpg"
satellite_40.7653892732_-73.9892582018.png,"mEKnmZgn0mhZ2f5sd-fHmQ,40.765231,-73.989198,.jpg"
satellite_40.7696542151_-73.9667416089.png,"D0u2R3hG6vp0M-bsZAKcvw,40.769752,-73.966916,.jpg"
satellite_40.7440645637_-73.9758348483.png,"4LKAay_14aBFRn9B7piJmw,40.743956,-73.976043,.jpg"
satellite_40.7539067373_-73.9827630308.png,"58eIPSZWddiJ1eTTvcMwVw,40.753980,-73.982935,.jpg"
satellite_40.766701563_-73.9589474036.png,"D2I_iMm5ZiSQ1Okdcie5jQ,40.766543,-73.959010,.jpg"
satellite_40.7716226498_-73.9940213272.png,"dI3qlaeZi-0TSRdhl0eIZA,40.771515,-73.994167,.jpg"
satellite_40.745704926_-73.9944543386.png,"u1yq4Jrsv0cCnu_yeyfrrQ,40.745596,-73.994563,.jpg"
satellite_40.77031036_-73.9684736545.png,"0wEXdo19cM0Lq0eiKRA98Q,40.770271,-73.968640,.jpg"
satellite_40.7312697381_-73.9953203614.png,"3YD03mmP49i6KJKjibfPTw,40.731212,-73.995114,.jpg"
satellite_40.7637489109_-73.9736697913.png,"F5Sw_DHIQLXNJ-LojxQZHA,40.763669,-73.973507,.jpg"
satellite_40.7253644339_-74.0083107035.png,"-uZdMOif2AhfY3dy_fNddg,40.725418,-74.008442,.jpg"
satellite_40.7407838392_-73.9831960422.png,"ww2wYWk7suKYi8mlAQqzOw,40.740627,-73.983393,.jpg"
satellite_40.7092888838_-73.9979184299.png,"rHK31HeHkmqU6q0z1Uv0XA,40.709405,-73.997761,.jpg"
satellite_40.7683419252_-73.9676076317.png,"c_mVZBrgY_kVTUJ-YHHy0A,40.768483,-73.967470,.jpg"
satellite_40.7401276943_-73.9767008711.png,"NgIfzykJCLpgcr4R7AdP0A,40.740214,-73.976686,.jpg"
satellite_40.7699822875_-73.9866601334.png,"RnPjB1CjIbGCj01MuA-0Qg,40.770064,-73.986792,.jpg"
satellite_40.7394715494_-73.9940213272.png,"KN6I0dQKxPAbkiwVPbQlOA,40.739447,-73.994066,.jpg"
satellite_40.7670296354_-73.9853610992.png,"Y05WVAQF66pWIefzyfajqQ,40.766920,-73.985422,.jpg"
satellite_40.7765437366_-73.9606794492.png,"TVZBSgoYX5ycw5Mr8NTxAg,40.776688,-73.960880,.jpg"
satellite_40.7735910845_-73.990557236.png,"hjiEFWaCbeK-iwA1MfL5bg,40.773735,-73.990348,.jpg"
satellite_40.7716226498_-73.961545472.png,"k9HUtst92_xtj9_N9xehzw,40.771469,-73.961445,.jpg"
satellite_40.7778560264_-73.9589474036.png,"EC9YfH5jhNHy22lW5Ij1bg,40.777917,-73.958983,.jpg"
satellite_40.7798244611_-73.9723707571.png,"Lret4UQxIdcmtyAuA3zbAg,40.779891,-73.972234,.jpg"
satellite_40.7827771132_-73.9702057001.png,"FQohJWNjoeOJHGdGZ6wobA,40.782704,-73.970134,.jpg"
satellite_40.7135538257_-74.0091767263.png,"GPN7ZcRnQPbwkPqH_y10kQ,40.713500,-74.009084,.jpg"
satellite_40.7230679268_-74.0031145667.png,"ccx39h4ZnKoC03KEBckoHA,40.723065,-74.003198,.jpg"
satellite_40.7204433472_-74.0122078062.png,"AAiksWemOshvO_4bx_cC5A,40.720507,-74.012236,.jpg"
satellite_40.7706384324_-73.9779999053.png,"q6ZCElg8dNpXxE64S5M4sg,40.770766,-73.977790,.jpg"
satellite_40.7073204491_-73.9983514413.png,"bsTMU3Q_jvIeQCQoBBx9Rg,40.707295,-73.998476,.jpg"
satellite_40.7361908249_-73.9853610992.png,"EOWRC_XgOVIdCLiwg9o4Lw,40.736100,-73.985146,.jpg"
satellite_40.7263486513_-73.986227122.png,"Sw4bx2RSBR9o5nFhAZS5Jw,40.726511,-73.986395,.jpg"
satellite_40.7073204491_-74.015238886.png,"cWy094RM-HJlaJ2soE3ujg,40.707451,-74.015270,.jpg"
satellite_40.7115853909_-73.9931553044.png,"m38ChvGfzcjMG0UWdpSSHw,40.711630,-73.993055,.jpg"
satellite_40.7069923766_-74.0182699658.png,"jybKvL3k7BXNyLbpamVoig,40.707106,-74.018349,.jpg"
satellite_40.7119134634_-73.9805979737.png,"XoI5ECnOEUO0J7JeGiWIhA,40.711935,-73.980692,.jpg"
satellite_40.7604681864_-73.9671746203.png,"mjBZ6Fe7-D_aJt4w4eW3oQ,40.760559,-73.967334,.jpg"
satellite_40.7158503328_-73.9805979737.png,"GRyGjEpp-aj6TxeoA_ZuSQ,40.715994,-73.980484,.jpg"
satellite_40.7263486513_-73.9831960422.png,"jZYPzLkIfakUz6jzf8gGnw,40.726384,-73.983302,.jpg"
satellite_40.7293013034_-73.9918562702.png,"US9D-4cwlqxKgFbR5WgezQ,40.729168,-73.992029,.jpg"
satellite_40.7745753018_-73.9658755861.png,"F_F8DJUbQW2Nmu89fXqwLw,40.774696,-73.966026,.jpg"
satellite_40.7099450287_-74.0100427491.png,"dSh9IOC3qfW12r28g4XjHg,40.709994,-74.009833,.jpg"
satellite_40.77031036_-73.9715047343.png,"ZdwXNibL5SDNxWxJ6qZ5rw,40.770430,-73.971596,.jpg"
satellite_40.7194591298_-74.0044136009.png,"HOzpIXyZXRFZ0wZoeutSfw,40.719588,-74.004286,.jpg"
satellite_40.731925883_-73.9996504755.png,"hT4JzN8TMZn_vVg4MBP9ug,40.731956,-73.999771,.jpg"
satellite_40.7296293758_-74.0091767263.png,"CIyszhx88JOH0Cks6tKT_Q,40.729686,-74.009226,.jpg"
satellite_40.7381592596_-74.0070116693.png,"eoSZLj-lJ2UJtWKpu0C7QA,40.738156,-74.006842,.jpg"
satellite_40.7552190271_-73.9632775176.png,"7bO90Q7xX6fusU4Hy7_Aew,40.755114,-73.963254,.jpg"
satellite_40.7424242015_-73.9987844527.png,"ymIW9ZiZZJT916ZRVZd3eA,40.742278,-73.998930,.jpg"
satellite_40.7712945773_-73.9502871756.png,"VlFF7Z6BLerHokLrv_8NOg,40.771439,-73.950410,.jpg"
satellite_40.7621085486_-73.9723707571.png,"GOO1w1dFI7FuXbolnpk0GA,40.762037,-73.972573,.jpg"
satellite_40.7204433472_-74.0070116693.png,"CZ5pyUQwhGz8vzqzq4QuCQ,40.720467,-74.006937,.jpg"
satellite_40.7286451585_-74.0018155325.png,"6PGDj1bWK_CjFZLu-q9w6A,40.728699,-74.001601,.jpg"
satellite_40.7712945773_-73.9663085975.png,"lweUpwu5nQXOEo_VzzJOPA,40.771272,-73.966347,.jpg"
satellite_40.7827771132_-73.9472560957.png,"CtZiyuOHGHXhO6eeU3-Z-A,40.782661,-73.947343,.jpg"
satellite_40.724708289_-74.0078776921.png,"wNw-6dtyjMMA8UCNK5qOCQ,40.724835,-74.007739,.jpg"
satellite_40.7745753018_-73.9844950764.png,"Dmuo1_9aTQmxiTd6-lWW7A,40.774508,-73.984614,.jpg"
satellite_40.7243802166_-73.9745358141.png,"i9xczo5uRZs3A10DD1pXfw,40.724462,-73.974507,.jpg"
satellite_40.7762156641_-73.9680406431.png,"QOCKhHrteQ-TVVA85JsBSw,40.776191,-73.968257,.jpg"
satellite_40.7230679268_-73.9931553044.png,"wH7HDxiehubUwnA3Kt5heg,40.722961,-73.993125,.jpg"
satellite_40.731925883_-73.9896912132.png,"UCjy9gOtmT3okHKc8deZTw,40.731842,-73.989826,.jpg"
satellite_40.7201152747_-74.0013825211.png,"GxvkahmSVvWrSakRDOB30Q,40.720033,-74.001346,.jpg"
satellite_40.7397996219_-74.0052796237.png,"tDMwrEFOjdymlZFT93LUHQ,40.739935,-74.005117,.jpg"
satellite_40.7335662453_-73.9831960422.png,"xxvrcj9ucjMKjQ4KquSBxw,40.733468,-73.983079,.jpg"
satellite_40.7342223902_-73.9870931448.png,"PleNuUP3Zt_594P3HmScTg,40.734165,-73.987111,.jpg"
satellite_40.7673577079_-73.986227122.png,"065ulwYX2tdgl__p6ByuUg,40.767332,-73.986412,.jpg"
satellite_40.7332381728_-73.9966193957.png,"SXGSXvlpwGXy6CB1gHDEIQ,40.733174,-73.996722,.jpg"
satellite_40.7739191569_-73.9849280878.png,"Wd0IUF-jq83gm3mANSN4AA,40.773996,-73.984985,.jpg"
satellite_40.75292252_-73.9719377457.png,"Dms6QykEgIgU2DLkAtyleg,40.753015,-73.971865,.jpg"
satellite_40.7591558966_-73.9974854185.png,"JQptH8vjS2kfawH4wHQyfA,40.759001,-73.997410,.jpg"
satellite_40.7434084188_-73.9940213272.png,"MX4XenettksZ4HhbBFq1tg,40.743421,-73.994021,.jpg"
satellite_40.7447207087_-73.9741028027.png,"v1N7fvJfz3DBl8bThsBUtA,40.744864,-73.973970,.jpg"
satellite_40.7453768536_-73.9866601334.png,"ePzhxvMfeSjkuHA_RIN31A,40.745239,-73.986702,.jpg"
satellite_40.7739191569_-73.9728037685.png,"XYPbTWV4G4DeXzzxX4oK4Q,40.773901,-73.972867,.jpg"
satellite_40.7719507222_-73.992722293.png,"r4OkjkWNSwhZiZQ2d3aBIQ,40.771827,-73.992881,.jpg"
satellite_40.7066643041_-74.0074446807.png,"XRJEjs_VSwge59rkgGguew,40.706698,-74.007613,.jpg"
satellite_40.7342223902_-73.9849280878.png,"M2u2RTuvU_LVvn0Zs9oZlQ,40.734146,-73.985105,.jpg"
satellite_40.721755637_-73.9857941106.png,"GFYMGLisO_EEGWY6B_as1w,40.721846,-73.985601,.jpg"
satellite_40.7798244611_-73.9576483694.png,"Oj4WzHIxgo7NhBRA6Rhqog,40.779784,-73.957621,.jpg"
satellite_40.7125696083_-74.0035475781.png,"LYFXG57d9CJqsjX4WNVstg,40.712428,-74.003703,.jpg"
satellite_40.7142099706_-73.99488735.png,"IVQ8-_m4gSdATtvS2Ixd1g,40.714374,-73.994834,.jpg"
satellite_40.7020712898_-74.0148058746.png,"5HnpivclucAeg-zYGbka7Q,40.701937,-74.014726,.jpg"
satellite_40.7089608113_-74.0187029772.png,"MR3rrdtPvMY9qsyzu2_IWg,40.708885,-74.018597,.jpg"
satellite_40.7201152747_-74.0013825211.png,"g3YZU2lfnNPnKHbTSCSfeQ,40.720162,-74.001237,.jpg"
satellite_40.731925883_-74.0083107035.png,"khb70FutifmpgiXJ7Ax28g,40.731851,-74.008472,.jpg"
satellite_40.7112573185_-74.0135068404.png,"eJtZ2Zi9AcGELcKkhwsaBQ,40.711144,-74.013525,.jpg"
satellite_40.7516102302_-74.0048466123.png,"xWhwHAoOLbssmDgECP_vsA,40.751586,-74.005047,.jpg"
satellite_40.7299574483_-74.0005164983.png,"a-9GHCt05k7cJZBn86-xiQ,40.729916,-74.000582,.jpg"
satellite_40.7729349396_-73.9628445062.png,"h7s9BnHvq-66s2qgMmrURg,40.772836,-73.962695,.jpg"
satellite_40.7680138528_-73.9741028027.png,"YFXw7_k9fabbGcXqhtUvag,40.768122,-73.974089,.jpg"
satellite_40.7171626226_-74.0126408176.png,"OeR1BsAmy8bmULjMYxYtwA,40.717298,-74.012725,.jpg"
satellite_40.7299574483_-73.9970524071.png,"ONdPJEwnen2wDczmiyL10w,40.729796,-73.997048,.jpg"
satellite_40.7207714196_-74.0052796237.png,"gO_D49z-rm_15Eua41bF6Q,40.720778,-74.005226,.jpg"
satellite_40.7204433472_-73.988392179.png,"o3gbEuaPdsNUccnGX6Ih5w,40.720300,-73.988247,.jpg"
satellite_40.7601401139_-73.99488735.png,"PgAFTvkFRdr-RALLi7d2iQ,40.760222,-73.994777,.jpg"
satellite_40.7384873321_-73.9784329167.png,"QarSHIGpoTZjqKd8CGNOJA,40.738530,-73.978439,.jpg"
satellite_40.7289732309_-74.0026815553.png,"XPtshGpFdpIBxEzpxtdczg,40.729021,-74.002514,.jpg"
satellite_40.7102731011_-73.9987844527.png,"KqCXjmUnlEjbX5B3r0bt_g,40.710205,-73.998676,.jpg"
satellite_40.7539067373_-73.9680406431.png,"Rx2YwAxzw9KYRQd4wcqLfg,40.753901,-73.968144,.jpg"
satellite_40.7788402437_-73.9849280878.png,"B4u6OKT1BtD63jpk3LhRyg,40.778979,-73.985093,.jpg"
satellite_40.7388154045_-74.0083107035.png,"TVQL6zM2xxDp284J9tnMug,40.738915,-74.008340,.jpg"
satellite_40.7699822875_-73.9732367799.png,"g1iS0-XoQYBHzIZ051xBRg,40.769841,-73.973242,.jpg"
satellite_40.7745753018_-73.9693396773.png,"ihc8awAiOJkIqtV_nFr_Lw,40.774697,-73.969529,.jpg"
satellite_40.7165064777_-73.9914232588.png,"kqmb9RVgQKLoFWShl-wWEw,40.716550,-73.991596,.jpg"
