satellite,panorama
satellite_37.772744042242785_-122.39121239614538.png,"CAhs2iiMgD9aS6TsE1i1mA,37.772662,-122.391373,.jpg"
satellite_37.73829643471583_-122.42067719945781.png,"V_Cm6Q9MExYuW2Y3fkN7jQ,37.738163,-122.420581,.jpg"
satellite_37.78061778110609_-122.4190172105388.png,"kubWRACCefg2-ezNoKIsDg,37.780711,-122.419150,.jpg"
satellite_37.77536862186388_-122.39287238506438.png,"xZFVaSczxHcMEykSdF-j7w,37.775490,-122.393063,.jpg"
satellite_37.73960872452638_-122.4190172105388.png,"KSDraBh2Yb0bePGtoioelw,37.739765,-122.419049,.jpg"
satellite_37.7442017388633_-122.42939214128262.png,"tYt28Py1LTXQt9imjb0zyw,37.744364,-122.429319,.jpg"
satellite_37.753059695084524_-122.40822728256524.png,"Ab-BOo2JoNfpwGzGkZUdlw,37.752924,-122.408214,.jpg"
satellite_37.741577159242205_-122.4198472049983.png,"fu0aJ7TU7awfiD7iXtPzgQ,37.741448,-122.419968,.jpg"
satellite_37.75568427470562_-122.39204239060489.png,"e9Hp_BMSliH4uLPgAl8jmw,37.755783,-122.392065,.jpg"
satellite_37.74682631848441_-122.44640702770248.png,"Y44Ssq8t5EDh52lAUGzi1Q,37.746806,-122.446505,.jpg"
satellite_37.78783537506411_-122.44931200831074.png,"QFURCLnxUJriDRehV1SjaA,37.787893,-122.449504,.jpg"
satellite_37.77700898412707_-122.39826734905117.png,"YIeg-DHrH4ja7JrWgxC3Hw,37.777048,-122.398243,.jpg"
satellite_37.754043912442434_-122.38996740445612.png,"PHZ58ntUgcAV1H-EipeTOQ,37.754084,-122.389825,.jpg"
satellite_37.75798078187409_-122.44516203601322.png,"LfBqvvMOZhkNQVPJPw7P3g,37.757818,-122.444992,.jpg"
satellite_37.773728259600695_-122.41943220776855.png,"kI504tqexjDfCzKeqDwF3w,37.773593,-122.419294,.jpg"
satellite_37.73698414490528_-122.45014200277025.png,"aWvOuCADKj1tsvV3j_-iYw,37.736855,-122.450014,.jpg"
satellite_37.77569669431652_-122.44474703878346.png,"lH5w10J9U4UKo__ZJdwfcg,37.775704,-122.444757,.jpg"
satellite_37.73928065207374_-122.42441217452559.png,"yidW1nCPDZxxBrxKmZkDcw,37.739202,-122.424479,.jpg"
satellite_37.75699656451617_-122.41569723270078.png,"Fo_MbR0tMBXUvThT4L5YUg,37.756902,-122.415624,.jpg"
satellite_37.79013188223258_-122.41237725486276.png,"SB-eg0UGtQ0B0jDnKr5iGQ,37.790203,-122.412178,.jpg"
satellite_37.77963356374817_-122.40905727702474.png,"JUY78uk9UdI6Bv5QFj9R3w,37.779691,-122.409251,.jpg"
satellite_37.773728259600695_-122.40490730472722.png,"qjneh9S-doccGW9UpCdSpQ,37.773678,-122.405084,.jpg"
satellite_37.78553886789565_-122.44640702770248.png,"J1aoOE2-jDDrqOiFpHefag,37.785582,-122.446508,.jpg"
satellite_37.74879475320023_-122.38955240722636.png,"NpeQoDtNqLQayZpIg7zMxw,37.748863,-122.389617,.jpg"
satellite_37.784226578085104_-122.45014200277025.png,"GuWy3s5tmFWdX4QsIe3jiQ,37.784336,-122.450128,.jpg"
satellite_37.78783537506411_-122.41943220776855.png,"YxQzdGB5qTpk6CuexuTx-Q,37.787868,-122.419394,.jpg"
satellite_37.73764028981055_-122.44599203047272.png,"a-UqKQPAHkPOFH4sN9kTQQ,37.737669,-122.446057,.jpg"
satellite_37.75699656451617_-122.4181872160793.png,"-itkntQdUhUy-gzYeAS07A,37.757086,-122.418042,.jpg"
satellite_37.77602476676916_-122.39328738229413.png,"gbEMKqkeHgCW9OxRg4YmbQ,37.775861,-122.393316,.jpg"
satellite_37.773400187148056_-122.41237725486276.png,"mgh4CT0ZqvqDD9DogOEjeA,37.773381,-122.412357,.jpg"
satellite_37.752075477726606_-122.41403724378176.png,"QnCSxZi5jGkUSw0BYMm5jA,37.752095,-122.414090,.jpg"
satellite_37.785210795443014_-122.40905727702474.png,"PPqYIfi524oayqTCU7f_SA,37.785366,-122.408874,.jpg"
satellite_37.7615895788531_-122.40822728256524.png,"sR0QZfPyMBqEcKNRJOaIaA,37.761550,-122.408150,.jpg"
satellite_37.77011946262168_-122.39577736567266.png,"DBTJ3wXOY6AhjZZh36BlMA,37.770024,-122.395950,.jpg"
satellite_37.75535620225298_-122.42275218560657.png,"DhzNuXOQXAduAB6alx2wtw,37.755193,-122.422824,.jpg"
satellite_37.78652308525356_-122.39245738783463.png,"FV9L5Y8e5d40AVSDlALqZQ,37.786565,-122.392286,.jpg"
satellite_37.74649824603177_-122.39370237952389.png,"9pwfiA9kS_fj1FzBmPTfXQ,37.746396,-122.393771,.jpg"
satellite_37.74781053584232_-122.42565716621485.png,"vxLPqmmqAnqfL2_3JzK9sg,37.747817,-122.425492,.jpg"
satellite_37.73698414490528_-122.39951234074043.png,"TrZ7wWHZ3uGukcWuRybWFg,37.737123,-122.399407,.jpg"
satellite_37.7668387380953_-122.43188212466113.png,"-5Ry5m7b9e1AT6QZDoj2AQ,37.766754,-122.432030,.jpg"
satellite_37.77307211469542_-122.41860221330904.png,"OpBS-uKQBY_WqAMP9EPHKw,37.773218,-122.418538,.jpg"
satellite_37.783570433179825_-122.4277321523636.png,"ra7W8PdJ_CYdlULMqUAHSQ,37.783483,-122.427721,.jpg"
satellite_37.77438440450597_-122.42358218006608.png,"2-_xkzdfBX4odid9uZZbQw,37.774429,-122.423652,.jpg"
satellite_37.76946331771641_-122.44225705540495.png,"x2VmnpqK5I1eD3eI868jkA,37.769493,-122.442462,.jpg"
satellite_37.76815102790585_-122.41652722716029.png,"1xwSv1l5NAM4g7xqBwrqnw,37.768041,-122.416688,.jpg"
satellite_37.74584210112649_-122.39162739337513.png,"jOJdJszaP9oUlxN6e2IXQw,37.745858,-122.391522,.jpg"
satellite_37.772415969790146_-122.4173572216198.png,"4_XwlxkSp8wtzZmgBPC0JA,37.772520,-122.417203,.jpg"
satellite_37.7868511577062_-122.41320724932227.png,"8O_9BVhi9mGASAc0E-lfmw,37.786699,-122.413408,.jpg"
satellite_37.78127392601136_-122.39868234628092.png,"6aF8f11zsYGE8r7yHOqyJQ,37.781380,-122.398797,.jpg"
satellite_37.77077560752696_-122.44018206925618.png,"kWWfJmpjLKpDJyoQoDvkaw,37.770790,-122.440202,.jpg"
satellite_37.78881959242203_-122.4418420581752.png,"qWE8KJcpFg02JAtBaan_Kg,37.788819,-122.441979,.jpg"
satellite_37.784554650537736_-122.40117232965943.png,"woBaI4BUmgKpWjsfUGK-Ag,37.784480,-122.401180,.jpg"
satellite_37.7668387380953_-122.45014200277025.png,"P9s5sp4TfPXLrswev8x6vA,37.766735,-122.450089,.jpg"
satellite_37.783242360727186_-122.4252421689851.png,"k9u3WKm76J5PFPzO_DEaxw,37.783290,-122.425395,.jpg"
satellite_37.76651066564266_-122.42233718837683.png,"UJrvqHVfZVettkrcPWUpJw,37.766560,-122.422147,.jpg"
satellite_37.75699656451617_-122.40075733242969.png,"dMlLvx8nWFw-yu_olHCD8g,37.756885,-122.400899,.jpg"
satellite_37.77930549129554_-122.4480670166215.png,"OLvlYFLDvPnQ_4yGWrfdRw,37.779288,-122.447979,.jpg"
satellite_37.742889449052754_-122.40656729364622.png,"qNHMZ4PwlBQh38Ku64kB_Q,37.742809,-122.406746,.jpg"
satellite_37.77175982488487_-122.44723702216199.png,"FizMfVcXvnkAYLXaX04vEQ,37.771695,-122.447305,.jpg"
satellite_37.7868511577062_-122.4418420581752.png,"poBk3SW3-PnokJJikZempw,37.786959,-122.441767,.jpg"
satellite_37.784554650537736_-122.42441217452559.png,"-3VRsGOhF4RWGagVq6YLNg,37.784538,-122.424573,.jpg"
satellite_37.77733705657971_-122.44018206925618.png,"5EJTaPS7MnqbO0AO-OzaGw,37.777420,-122.440007,.jpg"
satellite_37.7563404196109_-122.44059706648594.png,"UcH6h6dPBHKvM4lypb3eaQ,37.756291,-122.440781,.jpg"
satellite_37.73862450716847_-122.41569723270078.png,"aPDCVWOcTp_tk_Qk1-Af_Q,37.738517,-122.415861,.jpg"
satellite_37.76979139016904_-122.41320724932227.png,"TIKqfh1XlNfo94FhNEEXoA,37.769916,-122.413138,.jpg"
satellite_37.752731622631885_-122.39038240168587.png,"xZs4fxaqXSqsQslI8G_SSQ,37.752718,-122.390415,.jpg"
satellite_37.7894757373273_-122.44308704986446.png,"iCDlvoUO5oo6dlPTdrMv8w,37.789613,-122.443045,.jpg"
satellite_37.752075477726606_-122.40034233519994.png,"6yxRjics8Op1AIiVY6pacw,37.752042,-122.400253,.jpg"
satellite_37.73796836226319_-122.39951234074043.png,"Dp51aH9P7ava_JL4qHby6w,37.737968,-122.399590,.jpg"
satellite_37.73829643471583_-122.41196225763301.png,"HTzSimHlBGA4VHCK5fEu1w,37.738281,-122.412142,.jpg"
satellite_37.77536862186388_-122.39494737121315.png,"r2JOaV6QuA5nAJNAOCpykA,37.775316,-122.395076,.jpg"
satellite_37.76093343394783_-122.41486723824127.png,"UDt0-e7G1Idtc43G5XTnRA,37.760983,-122.414956,.jpg"
satellite_37.75798078187409_-122.43893707756693.png,"ev_RzshPFbbHSC-SqhHtxA,37.757896,-122.439098,.jpg"
satellite_37.77733705657971_-122.42275218560657.png,"2dAA23vm2P0B4WO5OXup8w,37.777395,-122.422688,.jpg"
satellite_37.74059294188429_-122.41445224101152.png,"i97mXZKKCqKYu6AjkvlXEw,37.740649,-122.414542,.jpg"
satellite_37.7563404196109_-122.43935207479669.png,"daWRSry7LVtJVGouRxUejw,37.756469,-122.439161,.jpg"
satellite_37.75535620225298_-122.41445224101152.png,"CZ46lSfL_piIKqeQq53VvA,37.755385,-122.414401,.jpg"
satellite_37.77438440450597_-122.40283231857845.png,"fkZgYTkp0GZ-9kxV5qt6IQ,37.774391,-122.402657,.jpg"
satellite_37.783242360727186_-122.39328738229413.png,"KiRbySVyavyPS4KCfHZb4w,37.783355,-122.393354,.jpg"
satellite_37.739936796979016_-122.41652722716029.png,"vyzsgiFx7H9F1uU76a3O6A,37.739843,-122.416472,.jpg"
satellite_37.7615895788531_-122.39411737675364.png,"E-ak1m0dOvyXKcPSC2gRLQ,37.761458,-122.394318,.jpg"
satellite_37.75830885432673_-122.44350204709421.png,"Xz2S7fGxJBhE61zWrk6SHw,37.758154,-122.443643,.jpg"
satellite_37.73764028981055_-122.38955240722636.png,"_1ZeT-TfN-EZggf-dIo2Dg,37.737598,-122.389684,.jpg"
satellite_37.77011946262168_-122.43105213020164.png,"l8mhG5EdIJBZiq_KgKjboQ,37.770141,-122.430881,.jpg"
satellite_37.78652308525356_-122.44018206925618.png,"fn0M2-mE5mwMPhlOz1ujkA,37.786560,-122.440096,.jpg"
satellite_37.76651066564266_-122.4252421689851.png,"64WUrJj1hy77VBWZFrg4TQ,37.766578,-122.425238,.jpg"
satellite_37.76946331771641_-122.40864227979499.png,"ftwp8ttPWTQgK7mSFAFBSw,37.769449,-122.408609,.jpg"
satellite_37.76191765130574_-122.43063713297188.png,"iqa_GZb4rvgqsXPQrt0qmw,37.761950,-122.430773,.jpg"
satellite_37.77963356374817_-122.4032473158082.png,"GlEJ0J7ysSmviUfs3kRdEw,37.779647,-122.403134,.jpg"
satellite_37.772415969790146_-122.39370237952389.png,"Rl5X8zkrK7Org_OrscUO5w,37.772575,-122.393523,.jpg"
satellite_37.7484666807476_-122.44848201385123.png,"RGUIReLfWHNjKxtX62UJ6A,37.748445,-122.448391,.jpg"
satellite_37.77996163620081_-122.39743735459166.png,"vgTlbBHgFEXgWz5aK5bDgA,37.780032,-122.397514,.jpg"
satellite_37.74617017357913_-122.43603209695866.png,"-AW4oAaZ2VRqmGreILh3CQ,37.746249,-122.435831,.jpg"
satellite_37.74617017357913_-122.4024173213487.png,"mDgP5VDceT-1-s5_lQP8gg,37.746207,-122.402221,.jpg"
satellite_37.772415969790146_-122.39868234628092.png,"PH_EduAClo4Z936cmdUMcw,37.772432,-122.398582,.jpg"
satellite_37.78553886789565_-122.44391704432397.png,"sEIReNECyZHBZnL0LYikcQ,37.785676,-122.443897,.jpg"
satellite_37.73862450716847_-122.40822728256524.png,"-Rr2iSNfdTVDzo6CvV1x6w,37.738712,-122.408252,.jpg"
satellite_37.74092101433693_-122.40698229087597.png,"C5WdTX3C4GG3Y_IvAd_vBQ,37.741081,-122.406780,.jpg"
satellite_37.76880717281113_-122.42897714405287.png,"rvnMoWcGEoll54PmWhX89w,37.768774,-122.429006,.jpg"
satellite_37.77438440450597_-122.40864227979499.png,"Fj_6LXzl8fQz3_ynR9cnOg,37.774439,-122.408793,.jpg"
satellite_37.76191765130574_-122.38955240722636.png,"ZlTmatfyHAqEP_BkKOL8tQ,37.761978,-122.389656,.jpg"
satellite_37.75732463696881_-122.42109219668757.png,"qtBEP09KnX2ghOH7PRE2-Q,37.757220,-122.421223,.jpg"
satellite_37.781601998464_-122.39826734905117.png,"I-Hnvju-zBdU7VyV0OO8sg,37.781731,-122.398363,.jpg"
satellite_37.78127392601136_-122.4094722742545.png,"kdzJaBnBGJM7j3km6AgKhQ,37.781247,-122.409468,.jpg"
satellite_37.73796836226319_-122.44723702216199.png,"NradbOqAthAVVy5Vu0ENDA,37.737923,-122.447360,.jpg"
satellite_37.785210795443014_-122.3970223573619.png,"2eG7dti9QS9I_gz8858JEA,37.785311,-122.397073,.jpg"
satellite_37.73862450716847_-122.40449230749746.png,"GH1iz-agUZsZOBt2QsYrEg,37.738598,-122.404509,.jpg"
satellite_37.753059695084524_-122.39079739891562.png,"qmUZn4g0L93U0kgaFQ0E1A,37.753035,-122.390797,.jpg"
satellite_37.74715439093704_-122.40532230195696.png,"aHPx2LJm1IQKF_6of5oDCg,37.747003,-122.405173,.jpg"
satellite_37.73796836226319_-122.4339571108099.png,"ZzCKRxpDznSBQgQ_HB9y1g,37.738077,-122.433893,.jpg"
satellite_37.76552644828475_-122.40988727148424.png,"RKnLXhMOW4M_HO5Zq1YwRg,37.765674,-122.409865,.jpg"
satellite_37.7789774188429_-122.44599203047272.png,"M1COv1NQR7BG53GCZcBPeQ,37.778850,-122.445881,.jpg"
satellite_37.73862450716847_-122.40532230195696.png,"JUgwWRTxTcS7syQjVaLmtA,37.738480,-122.405361,.jpg"
satellite_37.74059294188429_-122.39743735459166.png,"wuDddHdCEsRIjtt8F2RZ-g,37.740533,-122.397555,.jpg"
satellite_37.74551402867385_-122.40905727702474.png,"N2SwO3rzmXe3T89psJuSYA,37.745657,-122.409192,.jpg"
satellite_37.751091260368696_-122.41154726040325.png,"KxanEj4e6k83cUmRMGRfBQ,37.751057,-122.411473,.jpg"
satellite_37.76847910035849_-122.40781228533548.png,"SsDIFYROszTiscuPExip2g,37.768524,-122.407932,.jpg"
satellite_37.74879475320023_-122.4480670166215.png,"0H54T6xiZtyeUdsWCTVW5g,37.748772,-122.448189,.jpg"
satellite_37.742889449052754_-122.43105213020164.png,"77926dzOkOBxZdYfsMzN4A,37.742790,-122.431091,.jpg"
satellite_37.7894757373273_-122.39785235182141.png,"u_YV15aBlQwlglBe206-ow,37.789481,-122.398016,.jpg"
satellite_37.78750730261148_-122.42482717175534.png,"KVGS0n-HgiIe8dr38mXk6A,37.787669,-122.424629,.jpg"
satellite_37.74452981131594_-122.41611222993053.png,"0Zc3cHJdT1Njj1GAl9uguw,37.744378,-122.416016,.jpg"
satellite_37.762901868663654_-122.4277321523636.png,"cXk_8g9ruTqXkJz6y1W2ZA,37.762942,-122.427773,.jpg"
satellite_37.75601234715826_-122.39494737121315.png,"YjO-OJoUQudYbj0BmQrToQ,37.756058,-122.394937,.jpg"
satellite_37.73796836226319_-122.4426720526347.png,"LuIq1g7MP3JQyUZZJ1Y-Rg,37.738060,-122.442560,.jpg"
satellite_37.77930549129554_-122.4269021579041.png,"nDkbs6I1htJyFqV_BDKaaQ,37.779275,-122.426942,.jpg"
satellite_37.781601998464_-122.43810708310743.png,"ypVwzz62uQYHuGFfUNQolw,37.781628,-122.438305,.jpg"
satellite_37.7789774188429_-122.44225705540495.png,"lJPhgq3K3ZhMH53VpRkB4w,37.779039,-122.442060,.jpg"
satellite_37.761261506400466_-122.39992733797018.png,"aQZAgOR86Qu7ABvPyknL4A,37.761118,-122.399990,.jpg"
satellite_37.741905231694844_-122.40739728810573.png,"wWeVkVyyV4dzNU3XLWl-ng,37.741761,-122.407497,.jpg"
satellite_37.742561376600115_-122.42897714405287.png,"YOW3SUsE5V9p3j-rDqXsiQ,37.742405,-122.428774,.jpg"
satellite_37.76880717281113_-122.43769208587767.png,"pMCtiSC5U00VCzqiejx6DA,37.768907,-122.437541,.jpg"
satellite_37.73928065207374_-122.42316718283632.png,"G2fXNa3gp-Uq_GgLk3gp-A,37.739164,-122.423031,.jpg"
satellite_37.76027728904255_-122.43022213574213.png,"_l6oFENNiywt6voaaXecVQ,37.760381,-122.430344,.jpg"
satellite_37.75568427470562_-122.44018206925618.png,"q8pco3SuwpEc3pOJ7ea-8A,37.755708,-122.440171,.jpg"
satellite_37.739936796979016_-122.41528223547103.png,"SJoV-JZiVrdjanmSyUxyVw,37.739857,-122.415228,.jpg"
satellite_37.73862450716847_-122.39785235182141.png,"XH2GdkDfEdF_qFfUl1ODXQ,37.738667,-122.398025,.jpg"
satellite_37.77143175243223_-122.42316718283632.png,"gGvUCtZkBYLrfrJWnmVrIw,37.771282,-122.423096,.jpg"
satellite_37.75076318791606_-122.39245738783463.png,"Etqix-MHr55WabAws1IS9g,37.750882,-122.392461,.jpg"
satellite_37.771103679979596_-122.42441217452559.png,"SBLPW2lk_XCMFEHkqfxlXg,37.771262,-122.424347,.jpg"
satellite_37.7484666807476_-122.44557703324297.png,"7StvQ67PGzQJj9Uwm7gqmQ,37.748314,-122.445466,.jpg"
satellite_37.763229941116286_-122.41860221330904.png,"2KV7CdMDzWSHqYgzixtfJw,37.763106,-122.418425,.jpg"
satellite_37.7484666807476_-122.42814714959336.png,"S7jGQe74lrJKZIrxdO64dw,37.748457,-122.428215,.jpg"
satellite_37.74518595622122_-122.44018206925618.png,"BGPx4mUvdCKrj6ZvGfyMDg,37.745270,-122.440253,.jpg"
satellite_37.782586215821915_-122.44848201385123.png,"6VWCESJzjKWQSpdTLQcJpg,37.782445,-122.448413,.jpg"
satellite_37.783898505632465_-122.41279225209252.png,"CBWfQuueweJiccuOpfNyVg,37.783906,-122.412972,.jpg"
satellite_37.73796836226319_-122.39287238506438.png,"a-S3Qn0t6UEPPHfZGmyxjg,37.737838,-122.392732,.jpg"
satellite_37.76027728904255_-122.39204239060489.png,"o_lOm84iA1G2D3h7h-fKjg,37.760268,-122.392157,.jpg"
satellite_37.76782295545322_-122.42565716621485.png,"Q57xbmXFm1Ua4JKx-x5Gmw,37.767963,-122.425730,.jpg"
satellite_37.75043511546342_-122.43478710526941.png,"C0vim0p4eB-tG0Rm_VHsDw,37.750459,-122.434795,.jpg"
satellite_37.76651066564266_-122.42358218006608.png,"iK-aVPJYPMcNZfQnqQxJBw,37.766471,-122.423542,.jpg"
satellite_37.77766512903235_-122.44557703324297.png,"VRQjmRMvEYFk6ppvFGvU3g,37.777821,-122.445472,.jpg"
satellite_37.75043511546342_-122.43312711635039.png,"EmIZtLatXO0XQoRcBpO7Vg,37.750536,-122.433323,.jpg"
satellite_37.77175982488487_-122.4111322631735.png,"N2YU0mJtG1motHsuZR-mdA,37.771848,-122.410983,.jpg"
satellite_37.77602476676916_-122.3945323739834.png,"gkM6t3LVQo8G96bIOvgZjA,37.776148,-122.394541,.jpg"
satellite_37.758964999232_-122.40200232411894.png,"2DcRFOmnVBzIk-prxS3Mng,37.758961,-122.402050,.jpg"
satellite_37.76979139016904_-122.39868234628092.png,"coqRXpk6KcSYxbl6QA1FBw,37.769951,-122.398586,.jpg"
satellite_37.78291428827455_-122.39204239060489.png,"Avs4siAMo3qCZ8-E2S_3LA,37.782816,-122.391957,.jpg"
satellite_37.78193007091664_-122.43727708864792.png,"ebP88p_RVHFe2zaeKr-1sA,37.781902,-122.437483,.jpg"
satellite_37.743873666410664_-122.4198472049983.png,"VkslsIlptUkj9QK1Tn-_Pg,37.743744,-122.419726,.jpg"
satellite_37.781601998464_-122.44142706094544.png,"w1WhoVOILtMIxNjGN0wBfg,37.781661,-122.441466,.jpg"
satellite_37.750107043010786_-122.40407731026771.png,"b3sPcJ1-tQF2vK4y9Ayg6Q,37.750023,-122.403936,.jpg"
satellite_37.77733705657971_-122.43478710526941.png,"5Zgm4ITtUExuLs8I3GbalQ,37.777375,-122.434935,.jpg"
satellite_37.75699656451617_-122.44765201939174.png,"D2ofCpRr4NE36jRgIbzw1g,37.757116,-122.447471,.jpg"
satellite_37.774712476958605_-122.42897714405287.png,"u-g0q-JCH6cHS_NiPzQklQ,37.774698,-122.429079,.jpg"
satellite_37.76585452073739_-122.39411737675364.png,"bGEZGHSBq2tyz3ss09gnMw,37.765961,-122.394235,.jpg"
satellite_37.77733705657971_-122.39328738229413.png,"sv2bMxmkqcpZd0L44kJEhQ,37.777254,-122.393142,.jpg"
satellite_37.753059695084524_-122.43063713297188.png,"UQar2vAKPf2pxFdLXOt0EQ,37.753131,-122.430589,.jpg"
satellite_37.761261506400466_-122.39992733797018.png,"EFVuE7FUxaWAmfg8AU4Lxw,37.761127,-122.399860,.jpg"
satellite_37.73862450716847_-122.39079739891562.png,"t7hUl1NRF3weu-7iwxLv2Q,37.738585,-122.390753,.jpg"
satellite_37.75437198489507_-122.41528223547103.png,"X76ogt6S_njMX_CbrXlosw,37.754488,-122.415398,.jpg"
satellite_37.782258143369276_-122.4497270055405.png,"A4KO5lYasKzwSUtLtA16Lg,37.782128,-122.449600,.jpg"
satellite_37.77668091167443_-122.41403724378176.png,"htbyYQp2CwoqG7JY5TtlKA,37.776708,-122.414156,.jpg"
satellite_37.753059695084524_-122.41652722716029.png,"4EhAsW9eAQIwuWvLkhKzSA,37.753160,-122.416416,.jpg"
satellite_37.76191765130574_-122.44516203601322.png,"r9QVYuEOcorcxwwsdd7uqA,37.761883,-122.445057,.jpg"
satellite_37.76880717281113_-122.44516203601322.png,"B_cKCyfVDIsPNA100Oo-DQ,37.768743,-122.445034,.jpg"
satellite_37.75863692677936_-122.40781228533548.png,"dulODEy6DbInMXDV4SbOmQ,37.758578,-122.407867,.jpg"
satellite_37.78652308525356_-122.41528223547103.png,"FYcUAV7JHQVmEk20_IX3Pg,37.786436,-122.415453,.jpg"
satellite_37.782586215821915_-122.44433204155371.png,"0Pm4B_Vd2UWtoEGb1m1Tiw,37.782655,-122.444203,.jpg"
satellite_37.773728259600695_-122.41943220776855.png,"xHanZsLA1Uwrg-gXT5lQsw,37.773571,-122.419226,.jpg"
satellite_37.78061778110609_-122.40573729918671.png,"sJWLlD5s8BbAyxZBQl5wsA,37.780716,-122.405927,.jpg"
satellite_37.75863692677936_-122.40200232411894.png,"GvMiD0O0fQ9fotF3DzO-wA,37.758530,-122.402020,.jpg"
satellite_37.7389525796211_-122.39204239060489.png,"XlWQZT1xwgqQItTd0q6s_A,37.739115,-122.391950,.jpg"
satellite_37.765198375832114_-122.39411737675364.png,"ycZ8fcCPS6_95iDrjE1iIw,37.765278,-122.394318,.jpg"
satellite_37.74912282565287_-122.44225705540495.png,"v33kZCjovLuyajzAzNCNBg,37.749224,-122.442063,.jpg"
satellite_37.78881959242203_-122.42648716067436.png,"LSE7qEOqX9uWw8QNbofIsg,37.788895,-122.426531,.jpg"
satellite_37.772415969790146_-122.4190172105388.png,"UDBzlSylKMNo4cXy3OeTjg,37.772403,-122.418976,.jpg"
satellite_37.75732463696881_-122.42814714959336.png,"hh9X4nRZMJ8VNgT5miO3CQ,37.757325,-122.427992,.jpg"
satellite_37.751419332821335_-122.40698229087597.png,"VlCOeKOEG4KpSw24b1GAcQ,37.751352,-122.407160,.jpg"
satellite_37.78980380977994_-122.44765201939174.png,"qVIY2ssCqDEcd5S3kvszDQ,37.789937,-122.447512,.jpg"
satellite_37.73698414490528_-122.4190172105388.png,"55z32RAoxPZsSDJzSChiWw,37.737003,-122.418889,.jpg"
satellite_37.76191765130574_-122.3945323739834.png,"SnV9q2fgL-ibi5UY8GPpcA,37.762081,-122.394580,.jpg"
satellite_37.76093343394783_-122.40532230195696.png,"rhIrohHLTyQJxJ-McUT5Dg,37.760794,-122.405340,.jpg"
satellite_37.75437198489507_-122.39951234074043.png,"vVkSyX65R88aoSt7joV3uQ,37.754269,-122.399593,.jpg"
satellite_37.7484666807476_-122.42233718837683.png,"EZ3igfnAXe1iichgcNUbtw,37.748365,-122.422495,.jpg"
satellite_37.73829643471583_-122.44018206925618.png,"wP2-f3ZUOtp2TguwP7uKMw,37.738239,-122.440124,.jpg"
satellite_37.7389525796211_-122.43976707202644.png,"Gk-t96CL3Aa-kapz_k-7ig,37.738845,-122.439671,.jpg"
satellite_37.76913524526377_-122.39743735459166.png,"1ADwx_VcUe04J-nmu-dOkA,37.768997,-122.397500,.jpg"
satellite_37.752075477726606_-122.42192219114708.png,"yJOYJ64hck0TO-05PNQ-gg,37.752041,-122.422109,.jpg"
satellite_37.75830885432673_-122.43976707202644.png,"ocokU-GWxgxXFKXt3CrPIQ,37.758453,-122.439577,.jpg"
satellite_37.77569669431652_-122.39287238506438.png,"d8DukFCif_hPFNfVcl2NJw,37.775589,-122.392995,.jpg"
satellite_37.764870303379475_-122.43520210249916.png,"kTrymEPckriMMnNsoeQ5-Q,37.764742,-122.435382,.jpg"
satellite_37.75765270942145_-122.40283231857845.png,"3IXZ-mLo2s3wgjCclznRRg,37.757712,-122.402831,.jpg"
satellite_37.73928065207374_-122.42275218560657.png,"E4bTdLYmn-CJDPJhqLYQ_g,37.739321,-122.422918,.jpg"
satellite_37.771103679979596_-122.44474703878346.png,"M_l0IB-L0jdQPUfMFfWSZA,37.771240,-122.444949,.jpg"
satellite_37.76979139016904_-122.43188212466113.png,"sGnYUinaP3ohZKtW2XcGmA,37.769843,-122.431681,.jpg"
satellite_37.77766512903235_-122.42358218006608.png,"dmi3UjcRbsOns01SUXHMNw,37.777776,-122.423461,.jpg"
satellite_37.782258143369276_-122.44018206925618.png,"upCULq07yXRHeKYz_2ZjYA,37.782375,-122.440184,.jpg"
satellite_37.77963356374817_-122.43893707756693.png,"KUi59Q4TUBuhhc-ez3eoUg,37.779630,-122.439062,.jpg"
satellite_37.77700898412707_-122.42067719945781.png,"-FvgOWtbWWtATHlmI2R4nA,37.777156,-122.420533,.jpg"
satellite_37.78553886789565_-122.42565716621485.png,"-iboEkasZmNeB77gr8yZmQ,37.785419,-122.425479,.jpg"
satellite_37.742233304147476_-122.44433204155371.png,"TKt3kkRmCQLr1l2YfdDg5A,37.742214,-122.444359,.jpg"
satellite_37.774712476958605_-122.3945323739834.png,"4PnVmy0BnnWlPGhqYKZKww,37.774790,-122.394624,.jpg"
satellite_37.763229941116286_-122.39577736567266.png,"ijqkHsSXnetb7Cw-czwsBw,37.763252,-122.395636,.jpg"
satellite_37.78881959242203_-122.4269021579041.png,"TgdW9sLWPEfx9GtV7Op3eQ,37.788774,-122.427058,.jpg"
satellite_37.751747405273974_-122.40407731026771.png,"DXiqPo7xuURBM6Jx_P2Wfg,37.751853,-122.404173,.jpg"
satellite_37.762573796211015_-122.4252421689851.png,"Bp0a7N_bVWGnMXH9kEhnHQ,37.762715,-122.425168,.jpg"
satellite_37.77766512903235_-122.39868234628092.png,"xqssAxMV4TymdNrb7fC9dg,37.777647,-122.398498,.jpg"
satellite_37.763886086021564_-122.43727708864792.png,"UYjRLIfsEAwssTpFRDYR-g,37.764037,-122.437363,.jpg"
satellite_37.761261506400466_-122.39162739337513.png,"7_ITbh_q5e6OLXEsskMGuQ,37.761306,-122.391538,.jpg"
satellite_37.74321752150539_-122.42399717729583.png,"VXn2fi6B3N-8jIbpbKWYdg,37.743058,-122.424198,.jpg"
satellite_37.79013188223258_-122.40864227979499.png,"NgaLGiR0Ha2yVLpoDipnDg,37.790181,-122.408507,.jpg"
satellite_37.74912282565287_-122.4032473158082.png,"ds3Ba-D0vf7WbNjTAZvdmQ,37.749219,-122.403390,.jpg"
satellite_37.783570433179825_-122.44848201385123.png,"LduIVQ9H2cMyRf_Yz_AAcw,37.783541,-122.448281,.jpg"
satellite_37.75699656451617_-122.40366231303796.png,"HGzCUO2m2ij-cXURz50E2Q,37.756841,-122.403646,.jpg"
satellite_37.74617017357913_-122.43727708864792.png,"uLWyB_kevdWFjzkkmWJrsQ,37.746296,-122.437186,.jpg"
satellite_37.774712476958605_-122.40075733242969.png,"HNyizbQ6AO8-wRrB44LL8w,37.774575,-122.400675,.jpg"
satellite_37.76585452073739_-122.39868234628092.png,"i_mUwRlLh4nEvQfklmiUdQ,37.765770,-122.398769,.jpg"
satellite_37.77930549129554_-122.42358218006608.png,"NpnH65-RspVrX3LFkB24mQ,37.779386,-122.423468,.jpg"
satellite_37.78586694034829_-122.42980713851237.png,"BXwiXHK6iRG3bNCdNFKq3w,37.785898,-122.429792,.jpg"
satellite_37.74781053584232_-122.44018206925618.png,"hu8l0IYxbO7LXaHBTHBOUg,37.747831,-122.440137,.jpg"
satellite_37.78553886789565_-122.42441217452559.png,"hB2dcz9YWFP0oEpzTVmnFQ,37.785411,-122.424270,.jpg"
satellite_37.773728259600695_-122.42731715513385.png,"CzlFXIQ5rz4BgKPPV3bf9w,37.773649,-122.427388,.jpg"
satellite_37.73862450716847_-122.4277321523636.png,"gGc-mveyGymn2sBKRsSn4Q,37.738770,-122.427779,.jpg"
satellite_37.73829643471583_-122.39204239060489.png,"MtBGh9dVoCSqDHeOAbnFdw,37.738383,-122.392000,.jpg"
satellite_37.762245723758376_-122.42275218560657.png,"sTKUU1fEsFerQbhj0xpUdQ,37.762136,-122.422928,.jpg"
satellite_37.77044753507432_-122.41445224101152.png,"TFehNFhynGAXyMzGvopTxA,37.770451,-122.414459,.jpg"
satellite_37.742233304147476_-122.43603209695866.png,"HXakHFjNMdqFuqxK8kamQQ,37.742247,-122.436067,.jpg"
satellite_37.7642141584742_-122.43105213020164.png,"cWS4FoZf2ds6PJOsY87QMg,37.764349,-122.430903,.jpg"
satellite_37.742561376600115_-122.44931200831074.png,"YeDiESrpfWxC_3GT9K0nkg,37.742687,-122.449274,.jpg"
satellite_37.73829643471583_-122.4094722742545.png,"n4J3VUA2AtSkPhY6OpZPQw,37.738188,-122.409658,.jpg"
satellite_37.73731221735791_-122.42897714405287.png,"u8464em__9GB4lumWBbOKA,37.737217,-122.429100,.jpg"
satellite_37.752403550179245_-122.40449230749746.png,"tE1vAB9flZkPVFGM5wWxpQ,37.752510,-122.404351,.jpg"
satellite_37.772415969790146_-122.42109219668757.png,"0KtjvXj6I7yRqxpTyfBPyw,37.772424,-122.421124,.jpg"
satellite_37.77175982488487_-122.41362224655202.png,"xJo30O4UNymcnsPs6fKrmw,37.771623,-122.413683,.jpg"
satellite_37.75830885432673_-122.42565716621485.png,"mdSn5MXNv3YoiiIj1ziKBw,37.758351,-122.425717,.jpg"
satellite_37.7642141584742_-122.42814714959336.png,"POYLca-PqElO6hrwyfpoCg,37.764109,-122.428188,.jpg"
satellite_37.77864934639026_-122.42399717729583.png,"YtDJKhYSZ95xsfsGtWzTCg,37.778656,-122.424047,.jpg"
satellite_37.74551402867385_-122.39494737121315.png,"HyJyZ1YLRnag0evjqMpQXQ,37.745365,-122.394868,.jpg"
satellite_37.77700898412707_-122.43312711635039.png,"kpJx9Iut3njfz_4X95YeOA,37.777039,-122.433129,.jpg"
satellite_37.75962114413728_-122.43188212466113.png,"Xq6hzgI-n2sqhIrUA0TiCw,37.759494,-122.431931,.jpg"
satellite_37.76093343394783_-122.42399717729583.png,"KGnzL_YG413u0hl92hYFOg,37.761026,-122.423830,.jpg"
satellite_37.739936796979016_-122.40200232411894.png,"uGmcW3mdC_LTZnAKFqS5Ag,37.739958,-122.401968,.jpg"
satellite_37.77569669431652_-122.42482717175534.png,"PeR4aTjvALqbymPD01NtrA,37.775651,-122.424985,.jpg"
satellite_37.75076318791606_-122.4190172105388.png,"0N7DfJAlZ1cZuyOs66bMXw,37.750611,-122.418832,.jpg"
satellite_37.74321752150539_-122.4181872160793.png,"nT6jGCh0s4-u935NMQsBJQ,37.743071,-122.418251,.jpg"
satellite_37.77569669431652_-122.43146712743138.png,"J1o3UTEH7Xxf1g2KJjHYcQ,37.775824,-122.431551,.jpg"
satellite_37.741905231694844_-122.43063713297188.png,"_1AYJvlzu9uG6B8NKzNoMg,37.741870,-122.430679,.jpg"
satellite_37.74092101433693_-122.41279225209252.png,"l2WLvswSFHNxw5Jt0X7A7w,37.740836,-122.412662,.jpg"
satellite_37.74485788376858_-122.40490730472722.png,"CSrbt6SmCRAwzGEskxo0GA,37.744716,-122.405048,.jpg"
satellite_37.763886086021564_-122.43893707756693.png,"dQZeJ2C7jSZUu7y_Ga9sIQ,37.763797,-122.438784,.jpg"
satellite_37.784554650537736_-122.43105213020164.png,"Jdh_Xikj-w-MoH872x5_ng,37.784484,-122.430903,.jpg"
satellite_37.78849151996939_-122.42565716621485.png,"1OMzc8E4JJdO_3Bku5QmyQ,37.788480,-122.425771,.jpg"
satellite_37.75601234715826_-122.39785235182141.png,"eublh6OG7unWcDIjTn_24A,37.755991,-122.397886,.jpg"
satellite_37.78193007091664_-122.4426720526347.png,"Lk9HaGFK3_Rzhu1MQK5KwA,37.782005,-122.442694,.jpg"
satellite_37.762573796211015_-122.39162739337513.png,"UcdmvIXcD9tOjPxoEJHAHQ,37.762563,-122.391629,.jpg"
satellite_37.74092101433693_-122.44723702216199.png,"jyTvd3F1LUi_kZKc-zV9qg,37.741060,-122.447069,.jpg"
satellite_37.74059294188429_-122.44059706648594.png,"9sLEZD60OFArnHXlC4t0YQ,37.740622,-122.440761,.jpg"
satellite_37.74092101433693_-122.40407731026771.png,"WL2szUR4p_idqVIbN3g8aQ,37.740780,-122.404073,.jpg"
satellite_37.785210795443014_-122.40656729364622.png,"TRaFFzZj6Ak-mDJ9QZ-mUQ,37.785157,-122.406708,.jpg"
satellite_37.750107043010786_-122.42399717729583.png,"azEyypTTTOWoyQybXFEzBQ,37.750231,-122.423853,.jpg"
satellite_37.783242360727186_-122.42067719945781.png,"KM5cGoXwfj0H-unS6HaSEg,37.783398,-122.420750,.jpg"
satellite_37.76191765130574_-122.43852208033718.png,"uGuesT_mBb-XC1lOSXFHsg,37.761934,-122.438424,.jpg"
satellite_37.78094585355873_-122.42026220222806.png,"moqLCo-4mVHdb1SzCA4Rsg,37.781044,-122.420351,.jpg"
satellite_37.752731622631885_-122.42150719391732.png,"0BrCdw4eeHm-tiOnMvC6Kg,37.752857,-122.421678,.jpg"
satellite_37.77011946262168_-122.4181872160793.png,"bjIhx439FAOefuE5HNBuIA,37.769969,-122.418378,.jpg"
satellite_37.7442017388633_-122.42275218560657.png,"54yakvYylwj-lIjC8KqR1A,37.744120,-122.422706,.jpg"
satellite_37.78717923015884_-122.39411737675364.png,"AZfwjev0IoDwdbrAVhyh6g,37.787049,-122.394203,.jpg"
satellite_37.75765270942145_-122.41030226871399.png,"SqaiGaO1gLMzudHOfhEa6Q,37.757554,-122.410296,.jpg"
satellite_37.76847910035849_-122.40864227979499.png,"SlHOEKGmg_GYNQ6V7nvnNA,37.768317,-122.408693,.jpg"
satellite_37.75470005734771_-122.39245738783463.png,"lr55iK8kb7zip4CB4r_yIg,37.754754,-122.392313,.jpg"
satellite_37.78881959242203_-122.4260721634446.png,"0R33CixfX_LrdM9b2DJo9A,37.788968,-122.425962,.jpg"
satellite_37.78652308525356_-122.44474703878346.png,"MBYJ7qzjeFPxGMnytj1jmw,37.786565,-122.444855,.jpg"
satellite_37.74682631848441_-122.42565716621485.png,"WEZ2wlRjHlqx5kFhIJcYiw,37.746975,-122.425808,.jpg"
satellite_37.762901868663654_-122.44516203601322.png,"OJ2EbomgDwugDIQm14Kiaw,37.762943,-122.445105,.jpg"
satellite_37.741577159242205_-122.42441217452559.png,"FdAvu7OxFDIC5yQyyf9w6Q,37.741579,-122.424281,.jpg"
satellite_37.78061778110609_-122.44059706648594.png,"Rj4kobVIX-iqzfQkPOSy-Q,37.780591,-122.440633,.jpg"
satellite_37.78094585355873_-122.39909734351068.png,"n8ai8TJafaCcTDlv-DJxzw,37.781082,-122.399181,.jpg"
satellite_37.751091260368696_-122.4111322631735.png,"txMuc6tAkTW02ZgOclgByQ,37.751077,-122.411132,.jpg"
satellite_37.74879475320023_-122.44599203047272.png,"UwvoQEYB0M5TNI9__KKF6w,37.748755,-122.445952,.jpg"
satellite_37.78028970865345_-122.41154726040325.png,"3EfUq04xy5jdb-TZ-uoHRg,37.780421,-122.411428,.jpg"
satellite_37.741577159242205_-122.4190172105388.png,"C8VGmb_HIK-e6xjoOxPOAg,37.741672,-122.419213,.jpg"
satellite_37.73960872452638_-122.4094722742545.png,"Nuqb4MpRVfsExB7ibaEWdQ,37.739708,-122.409465,.jpg"
satellite_37.75043511546342_-122.42482717175534.png,"lokEkeZ3ysD3Nze1a0GFlQ,37.750428,-122.424990,.jpg"
satellite_37.73796836226319_-122.42731715513385.png,"nkhy3qxvele4zIFACpTJng,37.738083,-122.427374,.jpg"
satellite_37.76027728904255_-122.40698229087597.png,"DxNJZO3z-R0Do2JxtfBSGg,37.760436,-122.407004,.jpg"
satellite_37.78061778110609_-122.42358218006608.png,"oZfjloKRZFajbZk6O0lqgg,37.780627,-122.423668,.jpg"
satellite_37.77077560752696_-122.3945323739834.png,"afasBnj-CO1PvD7InapeVA,37.770811,-122.394436,.jpg"
satellite_37.74092101433693_-122.38955240722636.png,"yKryvlbFpzPjQ6WNxS8IGA,37.740800,-122.389605,.jpg"
satellite_37.751419332821335_-122.41403724378176.png,"c_SRk0gglGV0SKayUjmnHw,37.751261,-122.414010,.jpg"
satellite_37.76880717281113_-122.42233718837683.png,"rH8_92FMcPh_gMML9MfI0A,37.768818,-122.422270,.jpg"
satellite_37.773728259600695_-122.4480670166215.png,"k2-aLwWe7BhMCN16bghWJw,37.773715,-122.448078,.jpg"
satellite_37.7389525796211_-122.44350204709421.png,"aKjkTmSyWB86fHnFoPKIMQ,37.738955,-122.443580,.jpg"
satellite_37.75043511546342_-122.44516203601322.png,"di1e8sYVJ7DF9ER0Kfn_kA,37.750552,-122.445206,.jpg"
satellite_37.76847910035849_-122.39619236290241.png,"d0rmKVIl3Fn8OHJm_qMLjg,37.768333,-122.396323,.jpg"
satellite_37.78980380977994_-122.39577736567266.png,"16O6zHADF_AlGlr4HOvbLw,37.789809,-122.395909,.jpg"
satellite_37.78717923015884_-122.39121239614538.png,"OTDaqfGHGriG33Jv8kZDmQ,37.787326,-122.391414,.jpg"
satellite_37.77635283922179_-122.42441217452559.png,"tZd7IYK-GIyQrkh9VNUmHA,37.776441,-122.424342,.jpg"
satellite_37.75338776753716_-122.44433204155371.png,"3O5lQFQdaobGcoR8T-MRGQ,37.753313,-122.444505,.jpg"
satellite_37.76979139016904_-122.44308704986446.png,"yWMJAZ_nhswK-lqvRhJWkg,37.769842,-122.443073,.jpg"
satellite_37.77668091167443_-122.43810708310743.png,"BFSCcXK_cUaY1ETWYvO50Q,37.776590,-122.438082,.jpg"
satellite_37.75830885432673_-122.42441217452559.png,"Yd4PW5a4KUDdfq51I3GqDQ,37.758330,-122.424211,.jpg"
satellite_37.78750730261148_-122.40366231303796.png,"pypAmzcbfXv1KUFRjaPRYw,37.787499,-122.403696,.jpg"
satellite_37.76979139016904_-122.40822728256524.png,"K4723PA_UZljLcyHXmNoAg,37.769778,-122.408256,.jpg"
satellite_37.76651066564266_-122.41528223547103.png,"Htla7mFzJGBeNraNAhD0cw,37.766396,-122.415468,.jpg"
satellite_37.77602476676916_-122.40988727148424.png,"P57kyulpVRYgR52WxnFoAg,37.775894,-122.410059,.jpg"
satellite_37.77733705657971_-122.43146712743138.png,"GgoWsA1x37p2uwY61nRy6Q,37.777379,-122.431552,.jpg"
satellite_37.781601998464_-122.42026220222806.png,"7VzD-Mz1JhIt9Sxt10fQ3A,37.781500,-122.420431,.jpg"
satellite_37.77864934639026_-122.3970223573619.png,"yHOqqj9V-5krZ4Pmwx_TAg,37.778486,-122.396858,.jpg"
satellite_37.784554650537736_-122.44931200831074.png,"L4Fcjw2RsSP0gxgrw-JSbA,37.784668,-122.449285,.jpg"
satellite_37.759949216589916_-122.44433204155371.png,"Lz0t2usQvULid-xCLIw3DQ,37.760075,-122.444187,.jpg"
satellite_37.76618259319003_-122.39951234074043.png,"OR-GcpToeKBqdfeorwAFiw,37.766294,-122.399599,.jpg"
satellite_37.762573796211015_-122.43437210803965.png,"zKf7cAjSiwVYU7adFPiccg,37.762567,-122.434473,.jpg"
satellite_37.764870303379475_-122.39370237952389.png,"Fjkboz5ci3EFLK_x_T2Siw,37.765024,-122.393506,.jpg"
satellite_37.73731221735791_-122.42939214128262.png,"WmihKRVt9RQggnc5SLv3cw,37.737158,-122.429191,.jpg"
satellite_37.76027728904255_-122.44350204709421.png,"XEhjuTjrXXPYw9ntU6ZElw,37.760210,-122.443641,.jpg"
satellite_37.758964999232_-122.41154726040325.png,"dvdXC85uSs3AgMkN1Z9ACg,37.759101,-122.411413,.jpg"
satellite_37.77996163620081_-122.43893707756693.png,"P5h-Fk2gkxYKoCzSFK_ZUg,37.779873,-122.438877,.jpg"
satellite_37.76027728904255_-122.40490730472722.png,"WYJAJYfKkS_3CCitva4HIg,37.760272,-122.405092,.jpg"
satellite_37.78816344751675_-122.44723702216199.png,"vW6B2IdyQwJIq4fzna90nQ,37.788208,-122.447122,.jpg"
satellite_37.78914766487467_-122.44640702770248.png,"nLbwGKMrIR6hcwNRQG2T0A,37.789188,-122.446415,.jpg"
satellite_37.73665607245264_-122.44931200831074.png,"_fnpovnDLtKu2kQ1laIPFQ,37.736685,-122.449286,.jpg"
satellite_37.74781053584232_-122.4094722742545.png,"sBdYk_fpqFdRRTNWLOs0ZA,37.747793,-122.409624,.jpg"
satellite_37.783570433179825_-122.44599203047272.png,"hSUF_7tzZalM2SZtYih3ww,37.783447,-122.446056,.jpg"
satellite_37.75732463696881_-122.42939214128262.png,"UK-eTsFOgliIRRhN4n0q2Q,37.757192,-122.429365,.jpg"
satellite_37.751747405273974_-122.44308704986446.png,"ELZLCev5j6a0m9rLeWeC0A,37.751607,-122.442933,.jpg"
satellite_37.74551402867385_-122.41445224101152.png,"illde7SBE2buxnl2oqcexg,37.745437,-122.414257,.jpg"
satellite_37.75962114413728_-122.44889701108099.png,"pgc6tPu54oJaR9E56wDr4w,37.759637,-122.449011,.jpg"
satellite_37.759949216589916_-122.40822728256524.png,"FgosD8yE90X_1hZF3aX2pw,37.759850,-122.408020,.jpg"
satellite_37.75601234715826_-122.39494737121315.png,"H5qg9k0g5AFJzB2q6PwYNw,37.756106,-122.394944,.jpg"
satellite_37.762573796211015_-122.39245738783463.png,"wyoq39LUMxUwfUdr4pZMUg,37.762483,-122.392310,.jpg"
satellite_37.783570433179825_-122.4198472049983.png,"awb2hb58ZexorC-T2WtSNQ,37.783513,-122.419875,.jpg"
satellite_37.78586694034829_-122.43686209141816.png,"KF_WjKnqcHxrXb2Q25G3pQ,37.785963,-122.436655,.jpg"
satellite_37.764870303379475_-122.40656729364622.png,"8hL694VscCYfqCFZAe-GQg,37.764798,-122.406457,.jpg"
satellite_37.741905231694844_-122.40075733242969.png,"iXJ6ZVSKlxCGtIgHXXkm1A,37.741946,-122.400669,.jpg"
satellite_37.76651066564266_-122.4094722742545.png,"PVQ4EKd5QR1ooHdY00IoXA,37.766404,-122.409353,.jpg"
satellite_37.761261506400466_-122.40739728810573.png,"0MnBunY0Etmru8P1bI8hPw,37.761388,-122.407207,.jpg"
satellite_37.753715839989795_-122.42358218006608.png,"u99s2BYpSfswhax5G7MDmg,37.753601,-122.423640,.jpg"
satellite_37.75929307168464_-122.39328738229413.png,"Z7OeKSkRb1eYl4OwO70Ztg,37.759262,-122.393286,.jpg"
satellite_37.741905231694844_-122.41071726594375.png,"-ZhyodaOrcEQig5C-mexNg,37.741983,-122.410688,.jpg"
satellite_37.75699656451617_-122.39577736567266.png,"sPxvpEsCg44jWbIFnNvKzQ,37.756945,-122.395602,.jpg"
satellite_37.77011946262168_-122.39411737675364.png,"nE1StoPe2u2mKK51nNhcKA,37.770146,-122.394298,.jpg"
satellite_37.754043912442434_-122.43437210803965.png,"q-BwTYUhwnhQmd9yxoLu5A,37.754009,-122.434342,.jpg"
satellite_37.77438440450597_-122.42275218560657.png,"KZb983H6zvL5hcFwRvg1AA,37.774541,-122.422770,.jpg"
satellite_37.76060536149519_-122.4260721634446.png,"09wEUDfNLO8xRG75qFjBlg,37.760621,-122.425929,.jpg"
satellite_37.763229941116286_-122.42316718283632.png,"BdrcdimlUAGKlACWA1dfJg,37.763212,-122.423329,.jpg"
satellite_37.74584210112649_-122.4198472049983.png,"p6DHDicnGLgniPu3Ikys6g,37.745753,-122.419957,.jpg"
satellite_37.762245723758376_-122.43022213574213.png,"uQaA3N0sjASJk_B4G8Cg2A,37.762100,-122.430218,.jpg"
satellite_37.750107043010786_-122.44350204709421.png,"t7driBFKf3n6cVCdpNIfsA,37.750148,-122.443446,.jpg"
satellite_37.73764028981055_-122.43769208587767.png,"YhIXgGoLR1Y3-4gX30ZZjQ,37.737642,-122.437561,.jpg"
satellite_37.7868511577062_-122.42067719945781.png,"6XPHyaqCNB-kTN2DYlapNg,37.786758,-122.420594,.jpg"
satellite_37.77536862186388_-122.44640702770248.png,"1MlO9AkYps54z3Uvg7AcPg,37.775385,-122.446494,.jpg"
satellite_37.77569669431652_-122.44059706648594.png,"deEYNHpfsfzK5Qt57BwZ6g,37.775596,-122.440683,.jpg"
satellite_37.76749488300058_-122.41777221884955.png,"9xZkc0rlwRWfA8aqhMV_lA,37.767654,-122.417802,.jpg"
satellite_37.751419332821335_-122.42150719391732.png,"4lJQD4Hpb5fV7_hilh0k0w,37.751339,-122.421562,.jpg"
satellite_37.78127392601136_-122.42233718837683.png,"kQMYK_l9CpdyN_1084N8nA,37.781347,-122.422173,.jpg"
satellite_37.759949216589916_-122.40698229087597.png,"1kEYPZKhLGx5tj-d4llfSw,37.760059,-122.406991,.jpg"
satellite_37.75798078187409_-122.3953623684429.png,"-4VVXRmB6V-BNgM8O4VNAg,37.758119,-122.395174,.jpg"
satellite_37.740264869431655_-122.42399717729583.png,"ZOuS_2Qe4NFzGnav4BGn_w,37.740145,-122.423835,.jpg"
satellite_37.77733705657971_-122.44101206371569.png,"VZnjQsDF0yFFnhrIgJe9Hg,37.777485,-122.441013,.jpg"
satellite_37.76027728904255_-122.40905727702474.png,"TxUW_m_YNq9yb9xYa2uPRA,37.760395,-122.409016,.jpg"
satellite_37.76618259319003_-122.40656729364622.png,"yeeGWTwNtohBTWPaVWGshw,37.766148,-122.406577,.jpg"
satellite_37.75929307168464_-122.44433204155371.png,"kqxO9CkY2FumnUkEq3dK1A,37.759274,-122.444180,.jpg"
satellite_37.752403550179245_-122.39245738783463.png,"ZflyIZtLnGXJ77A3SkJ_8g,37.752543,-122.392498,.jpg"
satellite_37.74354559395803_-122.41237725486276.png,"a3yuvkOKnZ3BDwxOHZ5Bbg,37.743615,-122.412256,.jpg"
satellite_37.74781053584232_-122.40739728810573.png,"ziObheK6GfFez-NXomBfpQ,37.747670,-122.407471,.jpg"
satellite_37.77996163620081_-122.43354211358015.png,"UUJRTjfjK4Oa7ltrDBQX3A,37.780070,-122.433739,.jpg"
satellite_37.76027728904255_-122.39328738229413.png,"oag-sjAwWbJ-pXLcmyDo8Q,37.760172,-122.393365,.jpg"
satellite_37.763886086021564_-122.44308704986446.png,"mpT9FF3wUcM6AKLdGJSNAw,37.763821,-122.442993,.jpg"
satellite_37.750107043010786_-122.41652722716029.png,"QVUqCnh3knAwQMWPQ_Fkxw,37.750077,-122.416640,.jpg"
satellite_37.758964999232_-122.42565716621485.png,"OCw3qLDSv-TIqZhRbE1pUg,37.759035,-122.425833,.jpg"
satellite_37.74813860829496_-122.4094722742545.png,"yNtrvVsslyVqzd1rkEIa-g,37.748216,-122.409676,.jpg"
satellite_37.741249086789566_-122.40781228533548.png,"YGObjS5tml4IRw-MMpWN3Q,37.741340,-122.407704,.jpg"
satellite_37.74813860829496_-122.41403724378176.png,"pKVWPdbXlcJ37xJW3j8G9Q,37.748291,-122.414032,.jpg"
satellite_37.78193007091664_-122.40366231303796.png,"9Mplce7-BE8c5Ka2vaFw3Q,37.781844,-122.403478,.jpg"
satellite_37.742561376600115_-122.43146712743138.png,"8agddQAzK9epVIFj73C3aQ,37.742618,-122.431424,.jpg"
satellite_37.74977897055815_-122.44848201385123.png,"7Rt836oi0IUmjjiMWR1Ncg,37.749718,-122.448284,.jpg"
satellite_37.775040549411244_-122.40656729364622.png,"3xN0KiNxjXbIxGV-rfQqXw,37.774917,-122.406377,.jpg"
satellite_37.75076318791606_-122.41777221884955.png,"S1z9KlsICJerpbGwgJcjoQ,37.750664,-122.417962,.jpg"
satellite_37.77766512903235_-122.40034233519994.png,"JHQmQekU4hLdDFRrJvHuhA,37.777730,-122.400146,.jpg"
satellite_37.752075477726606_-122.40615229641647.png,"aXN26LjXAumE5wsOiwsyFQ,37.752034,-122.406351,.jpg"
satellite_37.775040549411244_-122.43769208587767.png,"62xg211FZ-b6d4luelMlkg,37.775126,-122.437879,.jpg"
satellite_37.774712476958605_-122.43603209695866.png,"YJbSpbTgxX_6XKh0hIjDOA,37.774754,-122.436086,.jpg"
satellite_37.78652308525356_-122.42482717175534.png,"DkwK6JocDPDaGCGekHb0Fw,37.786549,-122.424980,.jpg"
satellite_37.76815102790585_-122.43935207479669.png,"-3NNKQ2Mn2kJ6EMc1-vA1g,37.768165,-122.439430,.jpg"
satellite_37.75338776753716_-122.4173572216198.png,"uvGGGSdWXtW4a64eZ8AV3A,37.753238,-122.417487,.jpg"
satellite_37.74682631848441_-122.4032473158082.png,"3F9hlpdW5EsbRD8bBbsLzg,37.746917,-122.403335,.jpg"
satellite_37.752075477726606_-122.4173572216198.png,"vovEqizBrXlAsYc5EAgYbQ,37.752017,-122.417371,.jpg"
satellite_37.762573796211015_-122.39162739337513.png,"GqQaJSX8fE-yOdJEhpfusg,37.762706,-122.391643,.jpg"
satellite_37.77799320148498_-122.42109219668757.png,"Gm0RuRM5cTpPBfqiAA8VBQ,37.778145,-122.420909,.jpg"
satellite_37.740264869431655_-122.43437210803965.png,"kCXNOuU-6yx21wrIOsCJbg,37.740107,-122.434555,.jpg"
satellite_37.73960872452638_-122.43188212466113.png,"RedcbovOjTybkwwnl5J-tA,37.739722,-122.431701,.jpg"
satellite_37.74781053584232_-122.42565716621485.png,"Xq61g1a-wew9AOPjL9BMiA,37.747798,-122.425723,.jpg"
satellite_37.751419332821335_-122.39121239614538.png,"USA_jEfTqZgvXm0DX4AyLg,37.751291,-122.391293,.jpg"
satellite_37.73928065207374_-122.41237725486276.png,"6go5VTuEXTEyYIs0R9SQFA,37.739414,-122.412489,.jpg"
satellite_37.751747405273974_-122.42026220222806.png,"NbJ6QkuWTuM_ThshXJo43w,37.751902,-122.420087,.jpg"
satellite_37.77996163620081_-122.41196225763301.png,"mgNEeUhJnyKDuUmVcyyBhQ,37.780090,-122.411844,.jpg"
satellite_37.773728259600695_-122.39245738783463.png,"nW81cHXNvjMcQPYzE_SCTg,37.773565,-122.392643,.jpg"
satellite_37.73829643471583_-122.41777221884955.png,"EheCeDrkSIpS-u68cVAWyA,37.738394,-122.417582,.jpg"
satellite_37.76060536149519_-122.44059706648594.png,"xRQvpBNp9v-XmyqzCxGDmw,37.760576,-122.440469,.jpg"
satellite_37.78652308525356_-122.39577736567266.png,"vYL99IImKqf7CbYFwvz2yQ,37.786363,-122.395837,.jpg"
satellite_37.75470005734771_-122.39660736013217.png,"dyzvZPj0MysL2oVPG9rHzQ,37.754787,-122.396689,.jpg"
satellite_37.77307211469542_-122.44516203601322.png,"ViZbmdLtHx42hTUcWng2_Q,37.773115,-122.445074,.jpg"
satellite_37.762245723758376_-122.40200232411894.png,"pLCrIEufKEErXRkwZhQmnA,37.762262,-122.401975,.jpg"
satellite_37.7789774188429_-122.44391704432397.png,"EyuFSDF_2hiJIjImaClIpw,37.779076,-122.444041,.jpg"
satellite_37.75043511546342_-122.4418420581752.png,"7iD8sK-672KkXOPZPsSZUw,37.750481,-122.441678,.jpg"
satellite_37.77208789733751_-122.40200232411894.png,"hGmsrbKqmhkhoTwWgqiNRQ,37.772163,-122.402038,.jpg"
satellite_37.74518595622122_-122.43063713297188.png,"uRGiUBdb6oSoAt1SgPId9w,37.745093,-122.430541,.jpg"
satellite_37.7442017388633_-122.40117232965943.png,"1e45WGKv-KeXCCBJGiVuFQ,37.744148,-122.401089,.jpg"
satellite_37.77930549129554_-122.40075733242969.png,"5GO1yBfBDgdIlyBH-XKjIQ,37.779241,-122.400670,.jpg"
satellite_37.771103679979596_-122.39619236290241.png,"zO2TYDuX4Dg-vNWCZJjnUw,37.771204,-122.396357,.jpg"
satellite_37.763229941116286_-122.42358218006608.png,"vjcXTXgFm19x1lgLoX3qpw,37.763206,-122.423441,.jpg"
satellite_37.73829643471583_-122.39287238506438.png,"ahUPwsET5rCHGam_elbCJA,37.738186,-122.392790,.jpg"
satellite_37.784226578085104_-122.40490730472722.png,"8Ja0i7ByhNnTD9-Et3JkQA,37.784161,-122.405051,.jpg"
satellite_37.77799320148498_-122.39162739337513.png,"R23AJ9oMG13VuwUHp5u4uQ,37.778042,-122.391806,.jpg"
satellite_37.759949216589916_-122.41071726594375.png,"2DoOPmHHCssd0A9ueMvikw,37.759813,-122.410917,.jpg"
satellite_37.74485788376858_-122.40532230195696.png,"hJFVYPHsqa2s9jCH026MxA,37.744744,-122.405321,.jpg"
satellite_37.78980380977994_-122.44059706648594.png,"vRsCp2F9YM2mWgO4pNlOEg,37.789912,-122.440725,.jpg"
satellite_37.75437198489507_-122.43727708864792.png,"tbu-KjvGpmzA5Nh0QFev8A,37.754327,-122.437164,.jpg"
satellite_37.78553886789565_-122.41943220776855.png,"Tcquxyd9DGzNAR6ustAT_A,37.785475,-122.419442,.jpg"
satellite_37.784882722990375_-122.44848201385123.png,"9GMl1KJM139SkGE348MnHA,37.784959,-122.448276,.jpg"
satellite_37.78061778110609_-122.40200232411894.png,"Z1p6veCbOcVObfQojyn1Pw,37.780498,-122.402004,.jpg"
satellite_37.75437198489507_-122.43935207479669.png,"vsTpX_UCrTIwP-wscYiGDA,37.754212,-122.439329,.jpg"
satellite_37.77143175243223_-122.42939214128262.png,"FoZ4y76U-8dbpWSSubdbRQ,37.771312,-122.429392,.jpg"
satellite_37.77700898412707_-122.41154726040325.png,"70y1ZG0cvm4XEGIo7k3yXw,37.777028,-122.411746,.jpg"
satellite_37.74977897055815_-122.3945323739834.png,"ZphBP1bqW6SCcCKmLzgWkA,37.749911,-122.394432,.jpg"
satellite_37.762901868663654_-122.42150719391732.png,"Ag__3ORHySrGpWcN59qOfQ,37.762949,-122.421487,.jpg"
satellite_37.762573796211015_-122.43271211912064.png,"erAJc0xqcY4cnyS81VSQ4Q,37.762629,-122.432876,.jpg"
satellite_37.774712476958605_-122.39951234074043.png,"kvLk9GDTKAVwaiHu-AGcYw,37.774809,-122.399526,.jpg"
satellite_37.750107043010786_-122.44765201939174.png,"BGyXC-wN1jCkTYQlk-oiKw,37.750243,-122.447797,.jpg"
satellite_37.774712476958605_-122.43188212466113.png,"UWaInQ-La1L2NCchBddM7g,37.774776,-122.431855,.jpg"
satellite_37.77011946262168_-122.40988727148424.png,"h4WADeqGhlMcGrZDTG9bLw,37.770217,-122.409831,.jpg"
satellite_37.743873666410664_-122.42565716621485.png,"h0lxmvCsqKqh7kNlOALLig,37.743769,-122.425841,.jpg"
satellite_37.75699656451617_-122.43810708310743.png,"6nwk48Y2UO9Q3cKfAjkbtg,37.757015,-122.437913,.jpg"
satellite_37.74748246338968_-122.40366231303796.png,"CWqxo7W_4CaWoK6oXZGv8w,37.747553,-122.403796,.jpg"
satellite_37.78127392601136_-122.43520210249916.png,"LJTa8ffR0e1ZjwCkjWphPw,37.781114,-122.435028,.jpg"
satellite_37.740264869431655_-122.39079739891562.png,"js0lCXoA8ZQhBgumG6m3iQ,37.740422,-122.390691,.jpg"
satellite_37.74551402867385_-122.42482717175534.png,"0hbOLf5XyAXl8vR0ObThgw,37.745432,-122.424650,.jpg"
satellite_37.775040549411244_-122.44308704986446.png,"eT_eJaOB1CQsB7HprQqMeQ,37.775145,-122.442921,.jpg"
satellite_37.78750730261148_-122.39411737675364.png,"G6RILk7eYaUCEhemHfZB6Q,37.787606,-122.394113,.jpg"
satellite_37.76946331771641_-122.41362224655202.png,"AC0IiambWxlp2yb0WnfNBg,37.769613,-122.413492,.jpg"
satellite_37.7389525796211_-122.43188212466113.png,"yxU6CBjNFqPJ3KEkU2mWyg,37.739000,-122.431933,.jpg"
satellite_37.771103679979596_-122.40822728256524.png,"S7Z5Ps9fPtL9r6eDOmmDSw,37.771035,-122.408122,.jpg"
satellite_37.76027728904255_-122.42026220222806.png,"8mNNohY2cmVSYRvXds8yuA,37.760166,-122.420420,.jpg"
satellite_37.762573796211015_-122.4181872160793.png,"lnrBmNJ_ENcT-E2RT-iL_A,37.762501,-122.418365,.jpg"
satellite_37.751091260368696_-122.40407731026771.png,"RhXgCihsQ8aDudufK-4Uhg,37.751008,-122.404156,.jpg"
satellite_37.79045995468522_-122.43935207479669.png,"b6RNtuXtegM5cGLRwMSaKQ,37.790392,-122.439241,.jpg"
satellite_37.761261506400466_-122.40905727702474.png,"UZJjWr835LD9BPp80vptDA,37.761421,-122.409127,.jpg"
satellite_37.781601998464_-122.42731715513385.png,"LgF4o_j--dSwCfqjNplreA,37.781604,-122.427344,.jpg"
satellite_37.7389525796211_-122.38996740445612.png,"4Mn-VPMvGyoHMwUw9uHPlQ,37.739056,-122.389836,.jpg"
satellite_37.7615895788531_-122.42067719945781.png,"26iaJlQdC1VouRucQipaiA,37.761427,-122.420796,.jpg"
satellite_37.78717923015884_-122.40905727702474.png,"RcIEiUplOLv3yAdJdP5WWA,37.787267,-122.408959,.jpg"
satellite_37.772415969790146_-122.44350204709421.png,"8D1fJJ8C6WTSwHxuEclH5Q,37.772396,-122.443486,.jpg"
satellite_37.74059294188429_-122.42067719945781.png,"7kduf2HFZqBOlOkvuL58SA,37.740657,-122.420630,.jpg"
satellite_37.77569669431652_-122.4339571108099.png,"iHf3pU2WLz5OEjpn13Q_OA,37.775543,-122.433751,.jpg"
satellite_37.78881959242203_-122.42814714959336.png,"kywMMBUZwNlmoxFdROtWfw,37.788670,-122.428287,.jpg"
satellite_37.775040549411244_-122.39909734351068.png,"ItQTtav7wmSMJukWKzWmUg,37.775067,-122.399199,.jpg"
satellite_37.74452981131594_-122.41652722716029.png,"O4UeJ0WeaxoLPs40Dt8B8A,37.744679,-122.416537,.jpg"
satellite_37.76749488300058_-122.39079739891562.png,"mGV2lcIkadZ565u2rSA58g,37.767609,-122.390880,.jpg"
satellite_37.74912282565287_-122.41777221884955.png,"Dz_WzCDC0hdihkUSsE9WTg,37.749058,-122.417898,.jpg"
satellite_37.75732463696881_-122.41279225209252.png,"wNIzi6k0H49SEL2mJW5H2w,37.757406,-122.412792,.jpg"
satellite_37.73698414490528_-122.39909734351068.png,"1BMyhUk4CcPmQYHYxcSQ8A,37.736843,-122.399269,.jpg"
satellite_37.74551402867385_-122.43935207479669.png,"APJTB8Kc8gSfz0o2GbNaWQ,37.745380,-122.439197,.jpg"
satellite_37.78980380977994_-122.4418420581752.png,"YBGQY2p18dVxUNdGWSDbsQ,37.789778,-122.441752,.jpg"
satellite_37.76880717281113_-122.4032473158082.png,"M5YAJkCxsn8GnumIlrq07Q,37.768652,-122.403403,.jpg"
satellite_37.77700898412707_-122.40656729364622.png,"lS_3_uKWm_3I65LEJplh0w,37.777102,-122.406641,.jpg"
satellite_37.77175982488487_-122.4252421689851.png,"dvQB9PNbnt1QGiMhYRc9Gg,37.771841,-122.425190,.jpg"
satellite_37.76880717281113_-122.40822728256524.png,"zGkkniY8lie7QD05xbbE9w,37.768800,-122.408064,.jpg"
satellite_37.74485788376858_-122.42275218560657.png,"g6Oc8oWjMvGz7zhv2-q0ow,37.744774,-122.422637,.jpg"
satellite_37.75666849206354_-122.42358218006608.png,"Pk2d7iDY3mG3hiAoxvwm0A,37.756764,-122.423426,.jpg"
satellite_37.758964999232_-122.41528223547103.png,"NEUbnAm_fqLij02HOSaQZA,37.758892,-122.415160,.jpg"
satellite_37.751419332821335_-122.40615229641647.png,"YX_Q_yb7dby_Bj_o8paxhQ,37.751394,-122.406129,.jpg"
satellite_37.753059695084524_-122.40698229087597.png,"AFSo-M9slW5JGoVVibBROw,37.752964,-122.406981,.jpg"
satellite_37.761261506400466_-122.3970223573619.png,"GdznwPqZQze4iIWxXhIISw,37.761308,-122.396855,.jpg"
satellite_37.76060536149519_-122.40905727702474.png,"gJ2I9TxRYs62RBa3rpXWew,37.760534,-122.409028,.jpg"
satellite_37.742233304147476_-122.39785235182141.png,"GZ0sulJ5soeCt0zxM8iXbQ,37.742147,-122.397700,.jpg"
satellite_37.73829643471583_-122.4032473158082.png,"2pyLBqKj0vk_VWts0RWvFw,37.738227,-122.403354,.jpg"
satellite_37.75830885432673_-122.41237725486276.png,"OrDxG57OdofMSnpVPZiPHA,37.758370,-122.412494,.jpg"
satellite_37.76913524526377_-122.39287238506438.png,"K7b_m1bSQ5hDNxG-yWyP4Q,37.769198,-122.392723,.jpg"
satellite_37.77930549129554_-122.44516203601322.png,"3EGkCiDzAeNftejgpgU3Aw,37.779396,-122.444984,.jpg"
satellite_37.76093343394783_-122.4339571108099.png,"5C93o00KlfGfOPLqt61yCg,37.760985,-122.433930,.jpg"
satellite_37.73862450716847_-122.40781228533548.png,"aFxrj8vRpPSznnm1Qruzhg,37.738771,-122.407764,.jpg"
satellite_37.75470005734771_-122.44225705540495.png,"6CifMxv4lehF_iKPsK1kTg,37.754838,-122.442392,.jpg"
satellite_37.73731221735791_-122.39204239060489.png,"o76mFsM_fQTGldG-AC0O_g,37.737401,-122.391972,.jpg"
satellite_37.786195012800924_-122.44640702770248.png,"AjzuqxfnC5SBKd4tHfWX8Q,37.786063,-122.446601,.jpg"
satellite_37.77602476676916_-122.39619236290241.png,"cK4lx9WYYon2wPgr84wpzg,37.776131,-122.396072,.jpg"
satellite_37.74813860829496_-122.40905727702474.png,"QYQS-Hq0gkIiHCwiynk8Rg,37.748292,-122.409119,.jpg"
satellite_37.75830885432673_-122.3953623684429.png,"zomIyXSUfN_Wkq7vXDOp_A,37.758310,-122.395223,.jpg"
satellite_37.77668091167443_-122.44308704986446.png,"GbJhhn0OkW8O7q6ushazTw,37.776593,-122.443250,.jpg"
satellite_37.78881959242203_-122.4277321523636.png,"OEhWhAkRvx3_oF00N9zNyA,37.788763,-122.427566,.jpg"
satellite_37.742233304147476_-122.41486723824127.png,"zU8TDn9coPAjgFO5Qcaj_g,37.742220,-122.415021,.jpg"
satellite_37.73665607245264_-122.44474703878346.png,"EALQqUuEoiGLahFqg3QAAQ,37.736759,-122.444609,.jpg"
satellite_37.783898505632465_-122.41777221884955.png,"R1UvWC7xYrAQ0AxFh9CwvQ,37.783961,-122.417675,.jpg"
satellite_37.78094585355873_-122.44723702216199.png,"22mjACFyz_JGnszwRJ3qJw,37.780856,-122.447436,.jpg"
satellite_37.76716681054794_-122.42150719391732.png,"XeJ-pVnfnIZF04DZCE6TOw,37.767113,-122.421609,.jpg"
satellite_37.78783537506411_-122.40117232965943.png,"4edMmh_k9bWKrC6oOuLIBg,37.787988,-122.401140,.jpg"
satellite_37.7563404196109_-122.41030226871399.png,"SOBRvPtD5srXeLAholRBCA,37.756449,-122.410452,.jpg"
satellite_37.773400187148056_-122.39743735459166.png,"x4v28DptFAkCc6dcbRnbow,37.773316,-122.397514,.jpg"
satellite_37.783242360727186_-122.39951234074043.png,"eba7Uqv-8Rllkg-LssBU9Q,37.783379,-122.399524,.jpg"
satellite_37.78586694034829_-122.4198472049983.png,"pH4qunsJC2bCvfAB6g1Mdw,37.785854,-122.419773,.jpg"
satellite_37.75043511546342_-122.43188212466113.png,"rvg0C_s4bB7IJZ-sMUOKaA,37.750417,-122.431774,.jpg"
satellite_37.74518595622122_-122.43022213574213.png,"jYBiIL6z0r1ceVBsFaZPaA,37.745113,-122.430213,.jpg"
satellite_37.75929307168464_-122.43478710526941.png,"ezXMWdU2pKCs09JOaKnJsg,37.759146,-122.434832,.jpg"
satellite_37.77832127393762_-122.4339571108099.png,"9y0eo0znz5AjteP3uqJ3LA,37.778337,-122.434082,.jpg"
satellite_37.7868511577062_-122.38996740445612.png,"iOV4K94q3IYm_Tpq501mrQ,37.786843,-122.389897,.jpg"
satellite_37.74551402867385_-122.43644709418841.png,"XMysNmwkl27ywq7uCbXfFg,37.745505,-122.436538,.jpg"
satellite_37.7442017388633_-122.43022213574213.png,"tvQJ1YFNmuWQQb0pRkoXKg,37.744309,-122.430212,.jpg"
satellite_37.78914766487467_-122.4356170997289.png,"QQFxhhL8wSQoXjV2jQWdcQ,37.789157,-122.435639,.jpg"
satellite_37.742561376600115_-122.4418420581752.png,"cxR-2VSvPI32wfEJZQCptQ,37.742409,-122.441886,.jpg"
satellite_37.77930549129554_-122.40490730472722.png,"Gk3SR4bNazRUkJ5l1JLGOw,37.779159,-122.404807,.jpg"
satellite_37.74912282565287_-122.42731715513385.png,"g0Cd8_OAHmBgDTqvbofJnw,37.749010,-122.427237,.jpg"
satellite_37.7563404196109_-122.43893707756693.png,"QI7l8XD69HL2o9EZJs3N1w,37.756411,-122.439018,.jpg"
satellite_37.78094585355873_-122.43603209695866.png,"p0zmuvxjAItekHdVSYKeSQ,37.780992,-122.435993,.jpg"
satellite_37.782258143369276_-122.42897714405287.png,"U8tcSvokLFq74BW2YxU-8w,37.782321,-122.429083,.jpg"
satellite_37.78750730261148_-122.43312711635039.png,"GAbUXK2-UGIlWsUDXQ-0Vg,37.787554,-122.433101,.jpg"
satellite_37.740264869431655_-122.43022213574213.png,"xWYkNLkCjawYRc4dgGYPbQ,37.740329,-122.430262,.jpg"
satellite_37.74682631848441_-122.41362224655202.png,"cDqVupEWCIpva7Z4l2aWYQ,37.746793,-122.413535,.jpg"
satellite_37.74748246338968_-122.44889701108099.png,"Di1AnhKejwRtm1w2MnRvgw,37.747443,-122.448907,.jpg"
satellite_37.77438440450597_-122.42482717175534.png,"xzyLUiGaEy_ZoHJcEbG2Lg,37.774295,-122.424750,.jpg"
satellite_37.77307211469542_-122.40034233519994.png,"dQMj4guNhlk-bU7rsxGOZA,37.773051,-122.400143,.jpg"
satellite_37.75732463696881_-122.41237725486276.png,"uk3x56oPYEhyjaR0MSUfPQ,37.757178,-122.412378,.jpg"
satellite_37.761261506400466_-122.4356170997289.png,"ezhvslpQQ9XkFqUu3LKjow,37.761175,-122.435674,.jpg"
satellite_37.74912282565287_-122.40407731026771.png,"bF-_QbBftZ7ln58Xk0L2RQ,37.749111,-122.404022,.jpg"
satellite_37.74551402867385_-122.41154726040325.png,"Zs-JhcwYDm-IiZnnXF0Ulg,37.745658,-122.411497,.jpg"
satellite_37.78127392601136_-122.4094722742545.png,"SDj-8WnXy07yhFnq35poJA,37.781133,-122.409632,.jpg"
satellite_37.75338776753716_-122.40532230195696.png,"qlgSEeHNUx0P169Zg9X4EA,37.753483,-122.405393,.jpg"
satellite_37.763886086021564_-122.4269021579041.png,"LMKPw7LCxXeKcpYXzvfkTw,37.763901,-122.426713,.jpg"
satellite_37.742561376600115_-122.40532230195696.png,"ifhdCK4dL9-n7AVQIjft3A,37.742424,-122.405483,.jpg"
satellite_37.78717923015884_-122.41611222993053.png,"u21-6PwBqqShHUWts3c85g,37.787338,-122.416085,.jpg"
satellite_37.785210795443014_-122.44765201939174.png,"U8LYddfiG-AkSelggCMNlw,37.785062,-122.447617,.jpg"
satellite_37.74092101433693_-122.41652722716029.png,"2DJBlMFMOgkmHNyqpWtkKA,37.740891,-122.416391,.jpg"
satellite_37.772744042242785_-122.4339571108099.png,"KzT64sEaoqf9is9PNLy7JA,37.772729,-122.433963,.jpg"
satellite_37.762573796211015_-122.3945323739834.png,"HUWXFdTRKc0dwHHUTeX3xw,37.762696,-122.394551,.jpg"
satellite_37.752403550179245_-122.44640702770248.png,"BmwualNhQe6ae1SQjyGymw,37.752374,-122.446224,.jpg"
satellite_37.76946331771641_-122.4198472049983.png,"oHMw8-mcDB_DvKXBVTqR0A,37.769601,-122.420028,.jpg"
satellite_37.77733705657971_-122.39121239614538.png,"qy2O93FEKYrb4zT9H3ox5w,37.777392,-122.391285,.jpg"
satellite_37.76027728904255_-122.42067719945781.png,"Za3ceeVG2yKLjKAPsLK-fA,37.760150,-122.420648,.jpg"
satellite_37.75962114413728_-122.4190172105388.png,"Thv_IUEZ7MEW4xd_u5n40Q,37.759491,-122.419129,.jpg"
satellite_37.78881959242203_-122.43437210803965.png,"0HYmn9uBhE-pPBktLNLK0A,37.788888,-122.434402,.jpg"
satellite_37.742233304147476_-122.43478710526941.png,"Key_fLUk1s9nLTkgJ77oEg,37.742272,-122.434914,.jpg"
satellite_37.763229941116286_-122.39328738229413.png,"HRf6kpetuKaStgTVgnOnSw,37.763182,-122.393086,.jpg"
satellite_37.77832127393762_-122.43852208033718.png,"Mi4jV2PXIJIXR7M9M64Z0A,37.778169,-122.438401,.jpg"
satellite_37.73665607245264_-122.42731715513385.png,"BWYbvRbdhlhky47cWVBoRA,37.736795,-122.427266,.jpg"
satellite_37.73764028981055_-122.4024173213487.png,"KBjTsTuUCrPEksYZWUOfBQ,37.737561,-122.402221,.jpg"
satellite_37.75765270942145_-122.40200232411894.png,"iTcKJGuIbTpLQEquaPIC4w,37.757550,-122.401929,.jpg"
satellite_37.78783537506411_-122.39370237952389.png,"imbdMbsnJ4W1Y42ahFvUmA,37.787939,-122.393749,.jpg"
satellite_37.771103679979596_-122.40449230749746.png,"P-dv8IdJy7KUEoAZ4Gwlhw,37.771064,-122.404296,.jpg"
satellite_37.754043912442434_-122.39494737121315.png,"ffvWkqdgTM1vUty5o5TCJg,37.754195,-122.394844,.jpg"
satellite_37.742233304147476_-122.4181872160793.png,"2aFTWv3hHGiqikY9RmmUsQ,37.742387,-122.418017,.jpg"
satellite_37.78750730261148_-122.4339571108099.png,"DeZ0o6RwLA50gCO8NIy-hQ,37.787465,-122.433777,.jpg"
satellite_37.785210795443014_-122.43644709418841.png,"Reb8_JlZTfIAIZEBVVvvFA,37.785214,-122.436482,.jpg"
satellite_37.7868511577062_-122.44018206925618.png,"iTCq4tpG-VmVNcTnSrKQDw,37.786797,-122.440166,.jpg"
satellite_37.742233304147476_-122.41943220776855.png,"_UUZHD7Grh7vt7QhhvruUw,37.742272,-122.419366,.jpg"
satellite_37.7615895788531_-122.44433204155371.png,"DRrUYLs0-eHO8uAyiYIXFw,37.761712,-122.444459,.jpg"
satellite_37.763558013568925_-122.41237725486276.png,"gHlxMZD-b0MMLHgqLhA7eQ,37.763462,-122.412231,.jpg"
satellite_37.74485788376858_-122.43727708864792.png,"ImH5PQfGLbIPd9A0hsl1xw,37.744694,-122.437122,.jpg"
satellite_37.782586215821915_-122.39287238506438.png,"hqn27GyKqFt9pZNnkq97-w,37.782728,-122.393059,.jpg"
satellite_37.765198375832114_-122.40573729918671.png,"qOjucOOBMHcbyj9IgbUR6Q,37.765293,-122.405547,.jpg"
satellite_37.742561376600115_-122.39619236290241.png,"Bhi7XM6IE0dDcUyTE5FRug,37.742471,-122.396122,.jpg"
satellite_37.76946331771641_-122.41611222993053.png,"39fqwz1Ww9u7o1ukXRMQ8A,37.769548,-122.415974,.jpg"
satellite_37.78291428827455_-122.42441217452559.png,"fEMlY7Kg1Y6k8n-eVidhmw,37.782886,-122.424246,.jpg"
satellite_37.763558013568925_-122.4277321523636.png,"DW1MXSeH3Wjeg-h8gvdkGw,37.763706,-122.427903,.jpg"
satellite_37.76191765130574_-122.40573729918671.png,"wmFJaAU0qw7pziZp1NUgBQ,37.762059,-122.405662,.jpg"
satellite_37.74912282565287_-122.42358218006608.png,"AqvmJDWhC_aeEpaMiUeD5Q,37.749237,-122.423736,.jpg"
satellite_37.73698414490528_-122.40905727702474.png,"DcJby_IJh_XJ9WQV5VjlYg,37.736849,-122.408873,.jpg"
satellite_37.76782295545322_-122.40490730472722.png,"oq2dFzQF7ONw8RqPVv9FIw,37.767810,-122.404796,.jpg"
satellite_37.774712476958605_-122.39577736567266.png,"QGkkK1_PN8fTWdzdAO7DYA,37.774646,-122.395953,.jpg"
satellite_37.784554650537736_-122.40864227979499.png,"jjOY8DmzRuUApp0UBQTU1g,37.784477,-122.408481,.jpg"
satellite_37.79013188223258_-122.43852208033718.png,"3rPjhhL3BbDjFlR2UFFDSQ,37.790198,-122.438434,.jpg"
satellite_37.78094585355873_-122.43063713297188.png,"RjspCFA_yQskSSeTsiOq5g,37.780826,-122.430562,.jpg"
satellite_37.784882722990375_-122.4339571108099.png,"JE20syLKTh3H2F0BtRd_3Q,37.784953,-122.433917,.jpg"
satellite_37.76815102790585_-122.3970223573619.png,"HPlA1rhTHYYcHnrfYZAxVQ,37.768240,-122.397163,.jpg"
satellite_37.78881959242203_-122.4190172105388.png,"mFKBsNkNK4XQTCJNpV-q5A,37.788856,-122.419136,.jpg"
satellite_37.73960872452638_-122.43271211912064.png,"sfva9MVK4roAe5W1CaN3Rg,37.739729,-122.432630,.jpg"
satellite_37.77077560752696_-122.39577736567266.png,"d3khxD-nHanMau6uX2qWgA,37.770673,-122.395918,.jpg"
satellite_37.73829643471583_-122.40781228533548.png,"ztWPSB3rSgoGoFqO_NKkGQ,37.738209,-122.407649,.jpg"
satellite_37.74092101433693_-122.42399717729583.png,"jXGa41UBdWBQYE6ADXvRHw,37.741068,-122.424079,.jpg"
satellite_37.74748246338968_-122.45014200277025.png,"PwRwMFsxDc0q1YQtisF2bw,37.747565,-122.450100,.jpg"
satellite_37.78586694034829_-122.40573729918671.png,"TJ0raFCzBFtXPAia6PEqsg,37.785870,-122.405830,.jpg"
satellite_37.783242360727186_-122.39038240168587.png,"8lwAS7EhJSSNDz_KyNePvA,37.783133,-122.390445,.jpg"
satellite_37.76651066564266_-122.40739728810573.png,"Bwr31GSgXwA6zNHGez38Hg,37.766645,-122.407588,.jpg"
satellite_37.76585452073739_-122.4497270055405.png,"pG5_-pPogkGg8NhcKhq3aA,37.765829,-122.449671,.jpg"
satellite_37.73829643471583_-122.43769208587767.png,"dblLwiwryl7wlRSGOTdQrg,37.738282,-122.437539,.jpg"
satellite_37.77799320148498_-122.40490730472722.png,"4LsaaXuQMTIGBf9GTEoCzA,37.777865,-122.404895,.jpg"
satellite_37.7484666807476_-122.39328738229413.png,"oQ2x_IIAxorWtMBLVI-DJg,37.748356,-122.393207,.jpg"
satellite_37.784226578085104_-122.44308704986446.png,"M-vPnyRbfOXYsVHMlCqn7w,37.784300,-122.443120,.jpg"
satellite_37.774712476958605_-122.4173572216198.png,"UCN-v_Mua-5ekCIePJWQjQ,37.774587,-122.417367,.jpg"
satellite_37.753715839989795_-122.43437210803965.png,"7OAkNgWWEXEWMIQb9LIPlw,37.753682,-122.434309,.jpg"
satellite_37.74945089810551_-122.4024173213487.png,"xaqitQkgtSKfKzrn5ZLWMw,37.749406,-122.402479,.jpg"
satellite_37.74485788376858_-122.39245738783463.png,"X1G7mQbCTbQQgezuA5oU8g,37.744933,-122.392387,.jpg"
satellite_37.763886086021564_-122.3970223573619.png,"c8-68IRB298ZuhoXuQufbA,37.763873,-122.396883,.jpg"
satellite_37.75732463696881_-122.42565716621485.png,"TWzZOBVetGShD0nsIIhzoA,37.757441,-122.425627,.jpg"
satellite_37.774056332053334_-122.39992733797018.png,"1ZLjOxlyypOfQJQlA3WXjA,37.774034,-122.399944,.jpg"
satellite_37.763229941116286_-122.44142706094544.png,"OSmT3gT7dg_zHb562PrF4A,37.763074,-122.441519,.jpg"
satellite_37.78881959242203_-122.39079739891562.png,"NTXzjXfP11bWRN7PAchReA,37.788749,-122.390995,.jpg"
satellite_37.751419332821335_-122.43354211358015.png,"WIfhFSeQPjLk3guDL8hD3g,37.751356,-122.433411,.jpg"
satellite_37.75863692677936_-122.39909734351068.png,"U6ybOQB71kt6V3iy-j5Uzg,37.758751,-122.399069,.jpg"
satellite_37.78553886789565_-122.40698229087597.png,"QRH2dCm9Z5w9WGwz-E-0wQ,37.785522,-122.407152,.jpg"
satellite_37.73928065207374_-122.41071726594375.png,"p2O1kM2LCMS3kqm_GZDozw,37.739396,-122.410794,.jpg"
satellite_37.74977897055815_-122.44640702770248.png,"rZZI_z9VUfLlRrU-rUkh4Q,37.749790,-122.446609,.jpg"
satellite_37.761261506400466_-122.39743735459166.png,"MeMR6yJNCn_YFUQn069fhg,37.761254,-122.397382,.jpg"
satellite_37.73796836226319_-122.4181872160793.png,"0gf-O0TQn3UbEPa2Vd3I5g,37.737939,-122.417987,.jpg"
satellite_37.75863692677936_-122.4260721634446.png,"VSRUJEcLPIiqsXv5XY22dQ,37.758670,-122.425927,.jpg"
satellite_37.75699656451617_-122.43935207479669.png,"CD7p_V6xflwQOkDdJOuOFg,37.757101,-122.439209,.jpg"
satellite_37.78193007091664_-122.41569723270078.png,"OZApMcFJ_0Ob2APeEBGILw,37.781981,-122.415565,.jpg"
satellite_37.77635283922179_-122.40449230749746.png,"3PQp4SvCNLigN7I_GS5FGw,37.776485,-122.404468,.jpg"
satellite_37.74518595622122_-122.41362224655202.png,"QIichaeqx4nltfN2JThviw,37.745135,-122.413760,.jpg"
satellite_37.78881959242203_-122.40407731026771.png,"807Z7A0UVT_RX0nt-w85fg,37.788858,-122.404204,.jpg"
satellite_37.7615895788531_-122.41279225209252.png,"_uZMMFIE1i3cGoT6A7580w,37.761605,-122.412755,.jpg"
satellite_37.742561376600115_-122.41154726040325.png,"LYlHfl4G8OUryN2xF5SFWg,37.742413,-122.411570,.jpg"
satellite_37.74551402867385_-122.43437210803965.png,"ENunXKCOb_f_ughynCClJA,37.745645,-122.434186,.jpg"
satellite_37.75043511546342_-122.4198472049983.png,"gYaudS0k8Ug7btmcAWBRkg,37.750548,-122.419786,.jpg"
satellite_37.76191765130574_-122.43769208587767.png,"8-FtPSSZKGlWKBXRQVL1Gg,37.761845,-122.437500,.jpg"
satellite_37.7442017388633_-122.4181872160793.png,"p08Pbnrcx6u8jatGbOBJMw,37.744116,-122.418321,.jpg"
satellite_37.7868511577062_-122.43852208033718.png,"FD0_JHyhW8hgLhLY7kLaDQ,37.786905,-122.438539,.jpg"
satellite_37.73928065207374_-122.40822728256524.png,"e0MfzAvlbob77ib6nvlP0w,37.739391,-122.408164,.jpg"
satellite_37.75863692677936_-122.4181872160793.png,"wj-c3aRFc0ulGA6KG1dOTg,37.758721,-122.418060,.jpg"
satellite_37.75043511546342_-122.41652722716029.png,"d1r_o08T7G4z4l5kaiAqRw,37.750307,-122.416661,.jpg"
satellite_37.77569669431652_-122.44142706094544.png,"F2tAO-RpHElRZmlA8rVGrw,37.775655,-122.441358,.jpg"
satellite_37.772415969790146_-122.45014200277025.png,"KGcuG4oca3J_2d32B_CQ5w,37.772513,-122.450031,.jpg"
satellite_37.77864934639026_-122.42150719391732.png,"7rpe7j2tPcJtbMZ-lG53fg,37.778801,-122.421579,.jpg"
satellite_37.78061778110609_-122.39992733797018.png,"zzLzlrCTbog0OhjApSUJ2w,37.780732,-122.399816,.jpg"
satellite_37.763886086021564_-122.39619236290241.png,"e1kZwtV74r6QOHF17MFAhg,37.763925,-122.396013,.jpg"
satellite_37.77700898412707_-122.42648716067436.png,"YPwhbOw3FwMQn2F_ZIePFw,37.776901,-122.426614,.jpg"
satellite_37.74321752150539_-122.41030226871399.png,"YJ7C5RjhfN0t69GRyMyRpg,37.743088,-122.410185,.jpg"
satellite_37.740264869431655_-122.43603209695866.png,"WN64dZ5COjGid58qWJyWMQ,37.740119,-122.436194,.jpg"
satellite_37.77963356374817_-122.43976707202644.png,"r0EDUIZ1jAHkcSOU_Yj5CA,37.779532,-122.439627,.jpg"
satellite_37.765198375832114_-122.4426720526347.png,"8xpjFyISf6Jkaht1wyLCLg,37.765097,-122.442766,.jpg"
satellite_37.773728259600695_-122.41777221884955.png,"0d0_IvVDnVYecQe3G_ThmA,37.773759,-122.417866,.jpg"
satellite_37.783570433179825_-122.44516203601322.png,"c3DyU4oAevGNkmNc8XwtwQ,37.783622,-122.445093,.jpg"
satellite_37.73829643471583_-122.41030226871399.png,"qre7ddgR9IN5uhz59Jjg7A,37.738133,-122.410403,.jpg"
satellite_37.77438440450597_-122.42939214128262.png,"HpQCPji6kPz-sUC1CRy47A,37.774261,-122.429199,.jpg"
satellite_37.772415969790146_-122.43603209695866.png,"RZxSXX_QOvMj5XKwMOD0ww,37.772354,-122.436210,.jpg"
satellite_37.76716681054794_-122.41403724378176.png,"dCpUdpGURJ7dT3VqS8WbTg,37.767037,-122.413989,.jpg"
satellite_37.76552644828475_-122.44059706648594.png,"2nS7dBd1q_bZ6Ot3NvmMeg,37.765641,-122.440760,.jpg"
satellite_37.75929307168464_-122.39743735459166.png,"jOURJnoTbxy191GRkz6GHQ,37.759323,-122.397231,.jpg"
satellite_37.76913524526377_-122.41071726594375.png,"-ryvxsPj_1nk4hubG90LVw,37.769254,-122.410914,.jpg"
satellite_37.752403550179245_-122.42897714405287.png,"-Jx9LPfkh9cleXLU46Tc2Q,37.752377,-122.429061,.jpg"
satellite_37.73764028981055_-122.44599203047272.png,"svTcv-jUJJ8O9iaTA_Gy8A,37.737720,-122.445963,.jpg"
satellite_37.79013188223258_-122.43810708310743.png,"Nny2ILZ_Eokwvjf9iqphqg,37.790253,-122.438004,.jpg"
satellite_37.76060536149519_-122.44682202493223.png,"Cbm6tYMGUbV_RV7iWL3GOw,37.760752,-122.446721,.jpg"
satellite_37.77668091167443_-122.43893707756693.png,"Vr9cF9HOGzITAuTncVGGdw,37.776771,-122.439132,.jpg"
satellite_37.78586694034829_-122.40117232965943.png,"38mvtqEFdADUNI9EMS5n4g,37.785991,-122.401292,.jpg"
satellite_37.77963356374817_-122.39204239060489.png,"XYkWb66eMIUo36NENM_iyQ,37.779504,-122.392050,.jpg"
satellite_37.774712476958605_-122.40988727148424.png,"MINaetGEjip8Oy2TiA7XWQ,37.774749,-122.409796,.jpg"
satellite_37.772744042242785_-122.42399717729583.png,"alN0PJUmZ5qTRmWC236cvA,37.772663,-122.423791,.jpg"
satellite_37.763229941116286_-122.44225705540495.png,"pCGFpeU5z2P0m3hobbAstg,37.763270,-122.442243,.jpg"
satellite_37.75699656451617_-122.40864227979499.png,"AmwcX4WoFIXIB-myDkCeRQ,37.756994,-122.408603,.jpg"
satellite_37.78881959242203_-122.40864227979499.png,"qpsq9FBpX86KpyrmJ-zsyA,37.788968,-122.408584,.jpg"
satellite_37.76847910035849_-122.39494737121315.png,"LRw2YaQ85jGK4jgIsT9Qgg,37.768593,-122.394990,.jpg"
satellite_37.74649824603177_-122.42482717175534.png,"ONggNTroupiBDsa75IzpcA,37.746583,-122.424759,.jpg"
satellite_37.78061778110609_-122.42358218006608.png,"mKCo2CZbepUSYxGDgF9Wog,37.780650,-122.423489,.jpg"
satellite_37.76585452073739_-122.44931200831074.png,"AcfYrDExzj8mrzTOthzDdA,37.765894,-122.449157,.jpg"
satellite_37.784554650537736_-122.43063713297188.png,"k3rHnYbbNEiqOrso0Q8Bcw,37.784513,-122.430694,.jpg"
satellite_37.772744042242785_-122.43229712189088.png,"96M_QZd5zf20Ru9CmXt0JA,37.772722,-122.432261,.jpg"
satellite_37.76946331771641_-122.41777221884955.png,"zjz4JK-tR0_R0JhKQq847A,37.769529,-122.417789,.jpg"
satellite_37.74354559395803_-122.40158732688919.png,"kyjsEeXEQHIe-X6geGPF3w,37.743563,-122.401627,.jpg"
satellite_37.75535620225298_-122.43146712743138.png,"NkKIY7wdbrHXonVrtWdi-Q,37.755482,-122.431413,.jpg"
satellite_37.742561376600115_-122.43063713297188.png,"2tyUP4Y6vviWmWo8btK1yQ,37.742657,-122.430708,.jpg"
satellite_37.78816344751675_-122.4269021579041.png,"Ad4b_rJzxH36IS7Ej1KhhQ,37.788117,-122.426954,.jpg"
satellite_37.75699656451617_-122.43105213020164.png,"RHef_s62n0NK84tqXx9uKQ,37.757120,-122.431104,.jpg"
satellite_37.782586215821915_-122.40366231303796.png,"XYfISynewLVApvtbwen5AQ,37.782511,-122.403641,.jpg"
satellite_37.76060536149519_-122.4181872160793.png,"VVUsfy6XbLDfF1SElUCPpw,37.760503,-122.418187,.jpg"
satellite_37.771103679979596_-122.43146712743138.png,"VM1DiZFRZJwe4TFNsdVbYw,37.771007,-122.431544,.jpg"
satellite_37.74092101433693_-122.38996740445612.png,"tz-bRrPRzhHe_mxMGKTkJw,37.740970,-122.389886,.jpg"
satellite_37.7615895788531_-122.42233718837683.png,"ieEXG_xfoirg8BVo6gPshg,37.761500,-122.422424,.jpg"
satellite_37.75076318791606_-122.4032473158082.png,"sHwREQtWR9IgOYdIhl9OTg,37.750781,-122.403354,.jpg"
satellite_37.786195012800924_-122.42565716621485.png,"LvhNNW5hPm1EvyqyuDF-MA,37.786074,-122.425741,.jpg"
satellite_37.75666849206354_-122.40283231857845.png,"MGWv5afu6yruueZK8fP25Q,37.756725,-122.402793,.jpg"
satellite_37.73928065207374_-122.44391704432397.png,"nWYxJFTZPVZmnIEnPMl6gw,37.739216,-122.443872,.jpg"
satellite_37.78914766487467_-122.44682202493223.png,"39nJ5wXx5-_Txs3lazqVGg,37.789160,-122.446629,.jpg"
satellite_37.740264869431655_-122.4277321523636.png,"jFgtL-lG69GacpcbtuoQMQ,37.740345,-122.427743,.jpg"
satellite_37.753059695084524_-122.4252421689851.png,"uqdHpauT34xK2ESmGmS1qQ,37.752970,-122.425241,.jpg"
satellite_37.76913524526377_-122.43271211912064.png,"OMJAndsMTqobg3mxdt9bmg,37.769209,-122.432899,.jpg"
satellite_37.7868511577062_-122.39951234074043.png,"pWL69HAGUnKw_18dMYsztA,37.786698,-122.399557,.jpg"
satellite_37.76618259319003_-122.4024173213487.png,"b58xU7QFAvdSUAYslf7m3g,37.766123,-122.402473,.jpg"
satellite_37.74682631848441_-122.4497270055405.png,"Pc2XgYAEsa24pxXEDSchbA,37.746974,-122.449795,.jpg"
satellite_37.751419332821335_-122.4173572216198.png,"s-yRt-HbseyWM_y34nmd2w,37.751293,-122.417302,.jpg"
satellite_37.76454223092684_-122.42731715513385.png,"t3pnizFl4zuDfVpHymEPPg,37.764642,-122.427230,.jpg"
satellite_37.78127392601136_-122.40739728810573.png,"OohCCRbUmicRze9WVYYFCA,37.781248,-122.407279,.jpg"
satellite_37.75929307168464_-122.43810708310743.png,"-aj6NqF87HXt1_XXF6PTew,37.759420,-122.438146,.jpg"
satellite_37.763229941116286_-122.44931200831074.png,"VPB8N-Tr9rTAUmWE95jMeA,37.763247,-122.449141,.jpg"
satellite_37.77864934639026_-122.44931200831074.png,"g6l52kB2CJ6XczzE7-XpVw,37.778665,-122.449457,.jpg"
satellite_37.76093343394783_-122.42150719391732.png,"gXTlDeGszKoWjLgLj0o88Q,37.760949,-122.421546,.jpg"
satellite_37.783242360727186_-122.39370237952389.png,"3YXlgsmc02SFtCQYP_4EbQ,37.783123,-122.393623,.jpg"
satellite_37.773400187148056_-122.44350204709421.png,"PcH-Hz2KG6oQ1AANUGXWfw,37.773313,-122.443478,.jpg"
satellite_37.77864934639026_-122.40449230749746.png,"rJ-1KNJilSJhDAOGJMOc-w,37.778520,-122.404505,.jpg"
satellite_37.74813860829496_-122.4181872160793.png,"lVfOck13FbVH8uN1FLnWsw,37.748204,-122.418324,.jpg"
satellite_37.76060536149519_-122.4260721634446.png,"ulMnXAZ9Ov3ZdB_vGW3hVQ,37.760712,-122.425938,.jpg"
satellite_37.77438440450597_-122.4339571108099.png,"9TFNzNj39-oGlqLBQHQ3uA,37.774536,-122.433769,.jpg"
satellite_37.76093343394783_-122.42067719945781.png,"QQMPgwtUKjdweq5qqZyk3A,37.760875,-122.420744,.jpg"
satellite_37.74813860829496_-122.43312711635039.png,"IBptMSVjCHy3nHgbNXA2mg,37.748141,-122.433077,.jpg"
satellite_37.73862450716847_-122.43022213574213.png,"poexvPXalN3nSEpKlkXf2A,37.738524,-122.430144,.jpg"
satellite_37.77963356374817_-122.43146712743138.png,"rv3K7IAcul5g7YtVG2EZfQ,37.779594,-122.431596,.jpg"
satellite_37.77668091167443_-122.40407731026771.png,"z-3eHSz_Pe617Nb7KM0AOw,37.776721,-122.404114,.jpg"
satellite_37.773728259600695_-122.39245738783463.png,"x7RbcV7ppOXCKt1qI1tOiw,37.773669,-122.392508,.jpg"
satellite_37.76946331771641_-122.41154726040325.png,"cF_nsX2W88uPOHI2qJsTvQ,37.769545,-122.411754,.jpg"
satellite_37.78980380977994_-122.43727708864792.png,"W7AQAfhL6dcnZLls6DqoIA,37.789707,-122.437373,.jpg"
satellite_37.762245723758376_-122.39287238506438.png,"4hZOOwVVAJ3TciAwVctpjg,37.762155,-122.392874,.jpg"
satellite_37.76815102790585_-122.39660736013217.png,"9tMO_xkJASLl5cJvRh-UVg,37.768301,-122.396599,.jpg"
satellite_37.75765270942145_-122.39909734351068.png,"Ugy4mLxtGslIhGx-ziHoIA,37.757509,-122.398955,.jpg"
satellite_37.7389525796211_-122.4190172105388.png,"qalJWoZeMRo_HAuzRaaPmA,37.738821,-122.418929,.jpg"
satellite_37.74551402867385_-122.41943220776855.png,"TsNHamHpn_iu8GdwDJOyHQ,37.745447,-122.419540,.jpg"
satellite_37.77963356374817_-122.43893707756693.png,"vD-aC428e-LyfQEqwbNpEg,37.779672,-122.438832,.jpg"
satellite_37.77766512903235_-122.41611222993053.png,"xlP4Ic92_UlKakNrOLIszw,37.777812,-122.416106,.jpg"
satellite_37.76716681054794_-122.44557703324297.png,"TzdhWvbFkJ_gaktFA9kaDw,37.767322,-122.445502,.jpg"
satellite_37.74354559395803_-122.39868234628092.png,"F-W1-dsnmeZF9qMCbKIcDA,37.743669,-122.398709,.jpg"
satellite_37.752075477726606_-122.4190172105388.png,"6AVw8GQkZ0TUZoE5M-UH2w,37.752107,-122.419028,.jpg"
satellite_37.77864934639026_-122.42275218560657.png,"Lp_kANmaM-3fh2lk8mAREw,37.778812,-122.422825,.jpg"
satellite_37.77766512903235_-122.43478710526941.png,"-Pz-30aAidN1JBepCckLiw,37.777645,-122.434979,.jpg"
satellite_37.74977897055815_-122.42482717175534.png,"5jMiETkM1nbhf6_qXJuUVg,37.749932,-122.424941,.jpg"
satellite_37.763886086021564_-122.43644709418841.png,"vGeshFGGluiVYt31UImL8Q,37.763989,-122.436589,.jpg"
satellite_37.775040549411244_-122.42233718837683.png,"6iXdjrw6b5Xs7fkbLndVPw,37.775026,-122.422394,.jpg"
satellite_37.73796836226319_-122.40698229087597.png,"PH_FWzCoaWuxHGdPiLT-sg,37.738082,-122.406938,.jpg"
satellite_37.763229941116286_-122.4497270055405.png,"Se--qI8P4E3vKyD3qjAKLA,37.763182,-122.449641,.jpg"
satellite_37.773400187148056_-122.39743735459166.png,"KTg73NnPt0VfkwUkBFXuCg,37.773314,-122.397408,.jpg"
satellite_37.75798078187409_-122.43810708310743.png,"f8F7S_N-hAZdOxdG7bz0Vw,37.757924,-122.438010,.jpg"
satellite_37.784882722990375_-122.43478710526941.png,"ZZLb5m8y_1SOAOXaPZd2tQ,37.784960,-122.434679,.jpg"
satellite_37.76749488300058_-122.39619236290241.png,"hGby6dzfg2BeFV9aSwomkg,37.767512,-122.396266,.jpg"
satellite_37.7615895788531_-122.41154726040325.png,"Y6k_ou_QfKcSaKUoTMgkoA,37.761697,-122.411544,.jpg"
satellite_37.772744042242785_-122.44018206925618.png,"s04-MdaDz05Duj6DJDGz-Q,37.772830,-122.440170,.jpg"
satellite_37.78849151996939_-122.40615229641647.png,"Eejl6MCuH0ZNeLpLiN8f8g,37.788597,-122.405992,.jpg"
satellite_37.741577159242205_-122.42441217452559.png,"rc1llOr4e1wgkR2U8AsS5g,37.741668,-122.424290,.jpg"
satellite_37.77077560752696_-122.41320724932227.png,"IU3pEHtzmCXT2lvVrgUPBQ,37.770659,-122.413244,.jpg"
satellite_37.751419332821335_-122.41943220776855.png,"N4RCm515nM6qzk50ZGVMUg,37.751476,-122.419509,.jpg"
satellite_37.78291428827455_-122.43022213574213.png,"4VfOKFvY_RZVVv1I4Dt6Og,37.783015,-122.430138,.jpg"
satellite_37.774712476958605_-122.42399717729583.png,"9vrivG27pymsvctEX2x-dQ,37.774811,-122.424129,.jpg"
satellite_37.761261506400466_-122.44391704432397.png,"W8hA8YCIJxS9OFLYY9L8qA,37.761248,-122.444073,.jpg"
satellite_37.73829643471583_-122.42441217452559.png,"buPyJ6Ymvx3X-9z5Oe2-gQ,37.738329,-122.424341,.jpg"
satellite_37.77044753507432_-122.40158732688919.png,"pbulNmPveRy-XL-9Qgf_gA,37.770500,-122.401654,.jpg"
satellite_37.783242360727186_-122.42150719391732.png,"AxxQMpmZJUzywA_DjvCl-g,37.783294,-122.421378,.jpg"
satellite_37.7642141584742_-122.41154726040325.png,"prcxNeZD3ne-UYPvdQ0tSA,37.764101,-122.411342,.jpg"
satellite_37.77569669431652_-122.42109219668757.png,"GtYFOicaG9aDRbcK_eBZUQ,37.775691,-122.421148,.jpg"
satellite_37.75437198489507_-122.42897714405287.png,"-rygPQFlqFxn9H-4kXAG5A,37.754364,-122.428828,.jpg"
satellite_37.7868511577062_-122.41943220776855.png,"FleVFdx5PvXqEaYlEIjafw,37.786909,-122.419406,.jpg"
satellite_37.74584210112649_-122.41860221330904.png,"3_Py5SQrnqUTLFziLmBCAw,37.745807,-122.418606,.jpg"
satellite_37.753715839989795_-122.44516203601322.png,"yiDJTpsacLzKd1c3HXH10g,37.753754,-122.445077,.jpg"
satellite_37.74945089810551_-122.42026220222806.png,"GYKzuR7G7y9XMlZHRng_aQ,37.749439,-122.420468,.jpg"
satellite_37.782258143369276_-122.41030226871399.png,"Uybt6tQIPw_sV4SwX8WalQ,37.782138,-122.410258,.jpg"
satellite_37.763886086021564_-122.4277321523636.png,"ZlZ1nbPNeKVnu_s2lpokxg,37.763742,-122.427682,.jpg"
satellite_37.75863692677936_-122.43603209695866.png,"1RHTu-UJn1xparNyBLr1zw,37.758649,-122.435965,.jpg"
satellite_37.74551402867385_-122.44516203601322.png,"RWox1G5fcvqYzAik-vF_Jw,37.745584,-122.445332,.jpg"
satellite_37.75437198489507_-122.4024173213487.png,"fLn6QlQQHX_-oUzz--PExw,37.754271,-122.402532,.jpg"
satellite_37.77044753507432_-122.42316718283632.png,"d8785e5FGRex6beIVlEZXw,37.770319,-122.423201,.jpg"
satellite_37.75699656451617_-122.44516203601322.png,"DUJkc4rAxqtUdScblRYgLQ,37.756897,-122.444987,.jpg"
satellite_37.77733705657971_-122.41362224655202.png,"jklK46DCJxrzSI2teByJgQ,37.777198,-122.413489,.jpg"
satellite_37.781601998464_-122.39204239060489.png,"ctuWXuNFx8x203i7zMYncQ,37.781765,-122.391905,.jpg"
satellite_37.773400187148056_-122.42109219668757.png,"Fi_AYCYkmuMDWVjmo8I_dw,37.773342,-122.421013,.jpg"
satellite_37.763558013568925_-122.40822728256524.png,"ZzkyXcXmrs9gknS0Ug2IJw,37.763651,-122.408388,.jpg"
satellite_37.74912282565287_-122.42814714959336.png,"QoRwihj22F2u8kXB-JemcA,37.749265,-122.428132,.jpg"
satellite_37.77536862186388_-122.42897714405287.png,"VbkK_dy1Gpw3mu_HS1mqJw,37.775207,-122.428979,.jpg"
satellite_37.740264869431655_-122.41486723824127.png,"D_7PWFgD-fA-tgTDdP17lA,37.740363,-122.414681,.jpg"
satellite_37.75338776753716_-122.44516203601322.png,"twQvOJkUTpVmMJ2etxYKlQ,37.753419,-122.445248,.jpg"
satellite_37.741577159242205_-122.41279225209252.png,"yKHZkvYtgGm-G4WL2zij2A,37.741465,-122.412890,.jpg"
satellite_37.78750730261148_-122.40158732688919.png,"pymbrL1OA4fBV-7a6rQpRQ,37.787584,-122.401431,.jpg"
satellite_37.73928065207374_-122.41196225763301.png,"kTk6cYz9j1hqS2m04cDnrQ,37.739335,-122.412049,.jpg"
satellite_37.75798078187409_-122.40698229087597.png,"H_SgSh6A8iBbRxxY-fJ0Zg,37.758086,-122.406879,.jpg"
satellite_37.739936796979016_-122.44599203047272.png,"R1Prw1cl93oeDFLduf5uxg,37.739869,-122.445968,.jpg"
satellite_37.7789774188429_-122.40739728810573.png,"jXXvdZKa7JrwgBixi61VZw,37.778950,-122.407250,.jpg"
satellite_37.751747405273974_-122.39245738783463.png,"hlEWdmGUs26jKBMg_Jg5CQ,37.751686,-122.392351,.jpg"
satellite_37.75535620225298_-122.43105213020164.png,"wOs5hbp-VN1glTFbFl1_NA,37.755510,-122.430942,.jpg"
satellite_37.742561376600115_-122.44474703878346.png,"HGHtky7_SlzOZniiEkrkrA,37.742625,-122.444607,.jpg"
satellite_37.76191765130574_-122.41777221884955.png,"0UrmZTi9MfpMV0dUjZxRFA,37.761947,-122.417951,.jpg"
satellite_37.775040549411244_-122.41486723824127.png,"6mV4pI_BvwgzAARkw6urNA,37.775107,-122.414909,.jpg"
satellite_37.74912282565287_-122.44059706648594.png,"9DgGu4zArR2gVrcCUJIp3Q,37.749106,-122.440480,.jpg"
satellite_37.782586215821915_-122.39743735459166.png,"blKugUefTUepYAltVdrU2g,37.782444,-122.397533,.jpg"
satellite_37.76913524526377_-122.43520210249916.png,"rVJsGCtxIGeLD-X3l0kH0g,37.769032,-122.435255,.jpg"
satellite_37.76880717281113_-122.40656729364622.png,"OvmTRrHRvP62BIloMpXnVA,37.768885,-122.406704,.jpg"
satellite_37.76060536149519_-122.40034233519994.png,"uzndcGDRVajSzqRSuwueQQ,37.760761,-122.400259,.jpg"
satellite_37.75699656451617_-122.44142706094544.png,"RHcygAH52vEbISmqWChMaA,37.756867,-122.441308,.jpg"
satellite_37.75502812980035_-122.41528223547103.png,"Za-C5xN_OE5Ok6ReB__FrA,37.754991,-122.415442,.jpg"
satellite_37.752403550179245_-122.42275218560657.png,"6qGiM640XKF9Z1MZwUXkfw,37.752507,-122.422889,.jpg"
satellite_37.751091260368696_-122.39121239614538.png,"8SO7FnJ-DUBtkjwtKfcIlA,37.750938,-122.391375,.jpg"
satellite_37.76618259319003_-122.40366231303796.png,"rSCTS6BPyKkIoHYWg3qiRQ,37.766049,-122.403725,.jpg"
satellite_37.77668091167443_-122.42856214682311.png,"tX8ysTyZgqGkukgsjrD6xg,37.776641,-122.428664,.jpg"
satellite_37.783570433179825_-122.42233718837683.png,"W38A-P2g4TdUYTB3XExxjg,37.783685,-122.422423,.jpg"
satellite_37.763558013568925_-122.4480670166215.png,"cUVaAV2OhRPNXeInL58Bag,37.763555,-122.448179,.jpg"
satellite_37.763558013568925_-122.4111322631735.png,"W1_fXiNF5AKgRHZ4e2hbgw,37.763721,-122.411305,.jpg"
satellite_37.78193007091664_-122.4032473158082.png,"Mtij_pL92fg3OXJ9pzunUQ,37.781910,-122.403397,.jpg"
satellite_37.78586694034829_-122.43312711635039.png,"RIssqaLdCUNaLUwmoyey1A,37.785941,-122.433276,.jpg"
satellite_37.78717923015884_-122.40532230195696.png,"LpldbR0jlv2oXNNtdfGLcw,37.787174,-122.405429,.jpg"
satellite_37.786195012800924_-122.43271211912064.png,"3agjq6j-MbDEpok3HwZKlw,37.786184,-122.432871,.jpg"
satellite_37.73862450716847_-122.44557703324297.png,"mZNiOUvu33BE2AkNLdbvGg,37.738575,-122.445573,.jpg"
satellite_37.78849151996939_-122.43893707756693.png,"SulUtSK1AHw09Fa30x1Nbg,37.788427,-122.438850,.jpg"
satellite_37.752403550179245_-122.42856214682311.png,"D1qvD1okoZKkuK7DvmHtcA,37.752438,-122.428639,.jpg"
satellite_37.75043511546342_-122.44931200831074.png,"YVAWVnxYudpxOnYjQ66u3Q,37.750594,-122.449266,.jpg"
satellite_37.763558013568925_-122.43603209695866.png,"xoGLQXQCil6MXQQYPqmipQ,37.763438,-122.435912,.jpg"
satellite_37.742561376600115_-122.44931200831074.png,"6hBFcEksvddmThdhLUSNMg,37.742653,-122.449170,.jpg"
satellite_37.77832127393762_-122.44059706648594.png,"JEB5J4u8a4Og5VpcuG6UPg,37.778484,-122.440433,.jpg"
satellite_37.74879475320023_-122.42939214128262.png,"GU0ks0ZNzPT6Wl5Tv5-azw,37.748631,-122.429370,.jpg"
satellite_37.78291428827455_-122.42109219668757.png,"OxUvWj9BRDd6Am9KpvGyoA,37.782856,-122.421083,.jpg"
satellite_37.752403550179245_-122.44765201939174.png,"vgtB7Um3GScFSpMjIYa8ow,37.752367,-122.447684,.jpg"
satellite_37.76946331771641_-122.4277321523636.png,"7HwVh1DN5bdo9pVovL4fpQ,37.769316,-122.427566,.jpg"
satellite_37.762573796211015_-122.39494737121315.png,"Cb8mGZLHfdQD8IyWD9Ighg,37.762665,-122.395051,.jpg"
satellite_37.76618259319003_-122.42939214128262.png,"Vje8-Td2uvhzFyAzJ_K1LQ,37.766127,-122.429269,.jpg"
satellite_37.759949216589916_-122.4032473158082.png,"LfmLQYshmwUmP644B9e6YQ,37.760026,-122.403137,.jpg"
satellite_37.77077560752696_-122.44848201385123.png,"o2Uwj_shuC118HWU44wb5A,37.770803,-122.448347,.jpg"
satellite_37.73862450716847_-122.40407731026771.png,"JicIacP9YINm8mbngZ5BVw,37.738487,-122.403943,.jpg"
satellite_37.773728259600695_-122.39992733797018.png,"aH6LHHkd3PFCpiZurFRZHA,37.773605,-122.399932,.jpg"
satellite_37.762901868663654_-122.44723702216199.png,"_NIHvx2ufFaoAJZwFR2L9Q,37.762943,-122.447043,.jpg"
satellite_37.742561376600115_-122.43354211358015.png,"hf_9LypFLJebVePhc6I38w,37.742620,-122.433344,.jpg"
satellite_37.7442017388633_-122.43312711635039.png,"0EWGggdXTNgzzXTablU_qQ,37.744138,-122.433016,.jpg"
satellite_37.73731221735791_-122.44931200831074.png,"n6PCHxelG9FPqkD3JjeZ3Q,37.737439,-122.449409,.jpg"
satellite_37.77044753507432_-122.41237725486276.png,"AYHkh54QNUR2zQ9e9x17zw,37.770470,-122.412280,.jpg"
satellite_37.75962114413728_-122.39245738783463.png,"YPpnqSBUy2AdKeEcQGxPNg,37.759757,-122.392537,.jpg"
satellite_37.74617017357913_-122.39121239614538.png,"OB9sN00pKDWyeUJPerE-mw,37.746231,-122.391191,.jpg"
satellite_37.75830885432673_-122.44765201939174.png,"cBOokWNr0XmvRVYhB9jZ9g,37.758456,-122.447852,.jpg"
satellite_37.78127392601136_-122.43727708864792.png,"mZpxT8Xq7GCxxxEPGJRsEg,37.781315,-122.437368,.jpg"
satellite_37.77208789733751_-122.42358218006608.png,"BYhh8G1hScalovjGUU7cZw,37.772034,-122.423419,.jpg"
satellite_37.74617017357913_-122.40283231857845.png,"7oo7t9aerUC3QP2_58VF4A,37.746304,-122.402758,.jpg"
satellite_37.759949216589916_-122.41279225209252.png,"AAOto5UDUACKxnxSNqjWEg,37.759849,-122.412635,.jpg"
satellite_37.742561376600115_-122.42067719945781.png,"Hz7yJrNgBPWR-FinSldV_w,37.742513,-122.420528,.jpg"
satellite_37.75470005734771_-122.4497270055405.png,"R_tCnUs7Qf-XgB9asQk7RA,37.754808,-122.449890,.jpg"
satellite_37.784882722990375_-122.4111322631735.png,"hyzLfB9XeHleOiRUO7p-Kg,37.785043,-122.411329,.jpg"
satellite_37.73665607245264_-122.4094722742545.png,"QFApNQhl4oOVgXlrvjnEXA,37.736681,-122.409466,.jpg"
satellite_37.76913524526377_-122.42233718837683.png,"gcR5uu69cnRSnb6RrcoJRg,37.769000,-122.422287,.jpg"
satellite_37.7894757373273_-122.45014200277025.png,"wdw457ZehvEhooAl1a5lKA,37.789630,-122.450062,.jpg"
satellite_37.73796836226319_-122.40988727148424.png,"iula2MiBU6sPJpXawWsAYA,37.737961,-122.409687,.jpg"
satellite_37.742561376600115_-122.39660736013217.png,"Ry4qxgaAzRK1_POM2u3Mzg,37.742668,-122.396507,.jpg"
satellite_37.7389525796211_-122.42482717175534.png,"hAyu-RsLyK4V817HvmyjbQ,37.738820,-122.424984,.jpg"
satellite_37.771103679979596_-122.40407731026771.png,"PJL5miKt8WpVW63ZM7qS6Q,37.771254,-122.404107,.jpg"
satellite_37.77143175243223_-122.43022213574213.png,"SMDUahrwiE-s01dw1T1p5A,37.771573,-122.430339,.jpg"
satellite_37.752403550179245_-122.42731715513385.png,"-v-iiIAxEQZ3YfMUoz3E8w,37.752309,-122.427480,.jpg"
satellite_37.78980380977994_-122.43229712189088.png,"OtfmwA726QuuxQFtTE9kCg,37.789835,-122.432342,.jpg"
satellite_37.76946331771641_-122.40656729364622.png,"zLeQ8GiW46YAdc5tiPduow,37.769376,-122.406388,.jpg"
satellite_37.76716681054794_-122.39785235182141.png,"6Ped7c3s08Ov7OZx3rvxwA,37.767057,-122.397711,.jpg"
satellite_37.783570433179825_-122.41528223547103.png,"9mAA6mZJISVtypcRqudY-g,37.783554,-122.415470,.jpg"
satellite_37.77307211469542_-122.39743735459166.png,"GLMVPvHZE4WD9W0_JCSzUg,37.773068,-122.397565,.jpg"
satellite_37.78980380977994_-122.4269021579041.png,"XKa4vwp84Q0613kKlzEK2g,37.789766,-122.426821,.jpg"
satellite_37.74945089810551_-122.40490730472722.png,"vtQtCrBvEkLA6lW5kZU1_g,37.749453,-122.405069,.jpg"
satellite_37.7389525796211_-122.44889701108099.png,"zqt2xNNBVwId-P9T6ySq_Q,37.739076,-122.448760,.jpg"
satellite_37.78717923015884_-122.39577736567266.png,"N4Dz7ASVkdbw9F5ECZbCZA,37.787130,-122.395808,.jpg"
satellite_37.74092101433693_-122.42565716621485.png,"E2DwQaRPxCk-ksc8F0f16A,37.741057,-122.425743,.jpg"
satellite_37.76946331771641_-122.40117232965943.png,"itdYv6epyQD0RxrMDG5b8w,37.769568,-122.401317,.jpg"
satellite_37.74649824603177_-122.41611222993053.png,"Nv4OOsnfNL1OJqHs2Jsbjw,37.746568,-122.416285,.jpg"
satellite_37.784554650537736_-122.44640702770248.png,"QdUojgjFGPubdtXW4SIkGg,37.784659,-122.446328,.jpg"
satellite_37.77438440450597_-122.40573729918671.png,"nk7eo33Saw0vSzsgz3XYmA,37.774248,-122.405657,.jpg"
satellite_37.753059695084524_-122.4339571108099.png,"8Atr0GUjO3_ZJOuigvXfhg,37.752938,-122.433783,.jpg"
satellite_37.758964999232_-122.39992733797018.png,"CdAi2E3uAJyTfmvat8pmFg,37.758823,-122.400069,.jpg"
satellite_37.771103679979596_-122.41071726594375.png,"8sMHy0e57ycWMNoIO_UMgw,37.771208,-122.410854,.jpg"
satellite_37.78586694034829_-122.44640702770248.png,"ZYGNWwqnkm-bIkIsaH-yyQ,37.785875,-122.446564,.jpg"
satellite_37.7668387380953_-122.40573729918671.png,"hJN0Rd-NX32dNy9suIWwKA,37.766709,-122.405684,.jpg"
satellite_37.78717923015884_-122.40822728256524.png,"gJEB58uWiTmxH_FOwXEnpA,37.787339,-122.408391,.jpg"
satellite_37.74813860829496_-122.43146712743138.png,"DF-OqhWYxFeh0ViOZpqJ7A,37.748079,-122.431595,.jpg"
satellite_37.783898505632465_-122.38996740445612.png,"u5OrnG6VdoglZy4bVuHc5w,37.783887,-122.390140,.jpg"
satellite_37.762901868663654_-122.43478710526941.png,"xhCojtapf-cd1EeyKFHmXQ,37.762835,-122.434812,.jpg"
satellite_37.75437198489507_-122.44308704986446.png,"uYUZCtofXUOYxmxUAI1rYA,37.754371,-122.443083,.jpg"
satellite_37.75502812980035_-122.41528223547103.png,"4k_Wk6ZMGHvugoty-pEzkg,37.755169,-122.415460,.jpg"
satellite_37.78127392601136_-122.3970223573619.png,"PwcfTmnhxnS835cf4o_gNQ,37.781416,-122.397051,.jpg"
satellite_37.774712476958605_-122.3945323739834.png,"bB6X5vnoEMGLaraf8HWYDg,37.774722,-122.394713,.jpg"
satellite_37.784882722990375_-122.41943220776855.png,"B5kSbRLCKEz4z1_kg2m5Gw,37.784831,-122.419581,.jpg"
satellite_37.76716681054794_-122.3953623684429.png,"niwzl-0QeJxcse9N6rLZ-w,37.767264,-122.395198,.jpg"
satellite_37.74813860829496_-122.44433204155371.png,"M8ni-mC2ghp066EJqmSSiw,37.748285,-122.444263,.jpg"
satellite_37.753715839989795_-122.4024173213487.png,"887_uwPim9Fk9TkH5HxjSg,37.753719,-122.402482,.jpg"
satellite_37.76946331771641_-122.42897714405287.png,"EB7wBu5xY-CmTuvuxQAH4A,37.769512,-122.429130,.jpg"
satellite_37.743873666410664_-122.42150719391732.png,"t8ht6lptT85bUrHadRCtiQ,37.744010,-122.421457,.jpg"
satellite_37.784882722990375_-122.39287238506438.png,"WTv8cmANciJ4LdZLS3jKmQ,37.784747,-122.392874,.jpg"
satellite_37.772744042242785_-122.42067719945781.png,"9Zmba2pxDYkIFgkJow3qzA,37.772777,-122.420557,.jpg"
satellite_37.741577159242205_-122.40075733242969.png,"x7MK4qytHWMPwLIASJQLYA,37.741708,-122.400939,.jpg"
satellite_37.74813860829496_-122.39494737121315.png,"GVpykTZImqn4MefhXHhu4g,37.748282,-122.394802,.jpg"
satellite_37.77635283922179_-122.41154726040325.png,"7j27uONEh1EaOKctLS9zng,37.776240,-122.411634,.jpg"
satellite_37.79013188223258_-122.39992733797018.png,"Ce_sW4dko-tJypKWM3WUGQ,37.790277,-122.400120,.jpg"
satellite_37.74977897055815_-122.43229712189088.png,"kjifZoU2KT8bQijkSGVIRQ,37.749815,-122.432272,.jpg"
satellite_37.784882722990375_-122.4269021579041.png,"mQ2AXrqbU6lLutyy2AsBYA,37.784965,-122.427028,.jpg"
satellite_37.75929307168464_-122.4339571108099.png,"7vz6m7GU1SvV8Ld8BxcKjg,37.759206,-122.433754,.jpg"
satellite_37.78291428827455_-122.42067719945781.png,"GtRL2lx_jyDIMqcWfpPMnw,37.782894,-122.420731,.jpg"
satellite_37.78783537506411_-122.42441217452559.png,"uksHM7B74xIS2pKaJRwQTw,37.787697,-122.424399,.jpg"
satellite_37.78094585355873_-122.42980713851237.png,"nbhf8QFLtSw9rGWxN--OFw,37.780808,-122.429910,.jpg"
satellite_37.76880717281113_-122.39868234628092.png,"QETdG8l0QJ1-uvpjlS7p2w,37.768666,-122.398697,.jpg"
satellite_37.77864934639026_-122.43146712743138.png,"jgoiDsejlRJuaNQ18R6bYA,37.778678,-122.431466,.jpg"
satellite_37.75962114413728_-122.42275218560657.png,"8IjW7_8xb_YRbK0tgZnQMw,37.759509,-122.422844,.jpg"
satellite_37.76060536149519_-122.40034233519994.png,"5mxo3QBHxH9NPZ3FqH4U9w,37.760557,-122.400232,.jpg"
satellite_37.77044753507432_-122.39826734905117.png,"Gof8CuMHMJ9XmxvBg_qHQQ,37.770323,-122.398112,.jpg"
satellite_37.73829643471583_-122.4480670166215.png,"BueAnYBFF_K_OnGWB4WoOg,37.738265,-122.448079,.jpg"
satellite_37.78881959242203_-122.43312711635039.png,"If9NTc5_FbXb7xjOfpPAsA,37.788929,-122.433005,.jpg"
satellite_37.77175982488487_-122.41154726040325.png,"fC3TyDlJSDSBbPvME06Qgw,37.771799,-122.411585,.jpg"
satellite_37.772415969790146_-122.4181872160793.png,"11F2fW3FxltlbPYHe5LqSw,37.772262,-122.418272,.jpg"
satellite_37.783898505632465_-122.4198472049983.png,"zFIUzwDhVt7rcE3fVsETTg,37.784010,-122.419829,.jpg"
satellite_37.752075477726606_-122.4198472049983.png,"aVtpRq-dZV73oJ9bT6Eqkw,37.752180,-122.419801,.jpg"
satellite_37.77143175243223_-122.42897714405287.png,"0uZk4yT4kg00mRK4iWZmlQ,37.771342,-122.429159,.jpg"
satellite_37.76618259319003_-122.4094722742545.png,"juGgvYC1sNVWJ7K_R-sCTw,37.766097,-122.409487,.jpg"
satellite_37.762245723758376_-122.40490730472722.png,"Ynay25wg3ZWDvwADu0i3Yg,37.762122,-122.404718,.jpg"
satellite_37.751747405273974_-122.40615229641647.png,"W_Vf2bCEm771DR3VJL89ww,37.751731,-122.406244,.jpg"
satellite_37.7868511577062_-122.4277321523636.png,"mDj5uFg6EGgs6tJ2W8YuZA,37.786789,-122.427883,.jpg"
satellite_37.741249086789566_-122.40366231303796.png,"F1N3PIx0-XDg-0ARfHsV1Q,37.741218,-122.403812,.jpg"
satellite_37.77963356374817_-122.41611222993053.png,"lZTO0cln6OJ8Ctq8Af2mDQ,37.779602,-122.416079,.jpg"
satellite_37.763229941116286_-122.40905727702474.png,"1H4DjSXHA1lEkK8vq2Ss-g,37.763124,-122.408856,.jpg"
satellite_37.76815102790585_-122.40656729364622.png,"qW7xrOxsNiY8j_WfxS_1tQ,37.768032,-122.406754,.jpg"
satellite_37.76979139016904_-122.38955240722636.png,"0BxxPwTZXZ03KMRR3UW1rQ,37.769693,-122.389644,.jpg"
satellite_37.74945089810551_-122.39245738783463.png,"E5vP3ymgG_5EyPjC7o0ylA,37.749593,-122.392591,.jpg"
satellite_37.76060536149519_-122.40117232965943.png,"v4VD73AtbcsMmGhI9lXdLA,37.760607,-122.401231,.jpg"
satellite_37.7642141584742_-122.40656729364622.png,"lvx4-wJoB-87sr1riJ3xBw,37.764165,-122.406395,.jpg"
satellite_37.75076318791606_-122.4190172105388.png,"gYwktxTtyLItiLaHpv3LDQ,37.750668,-122.418893,.jpg"
satellite_37.75076318791606_-122.42731715513385.png,"d1TZ_N_ef_EGzyJIunKFEg,37.750916,-122.427353,.jpg"
satellite_37.742561376600115_-122.42897714405287.png,"cDAEsiCErZxpwBQYkK8LVQ,37.742493,-122.428783,.jpg"
satellite_37.74354559395803_-122.39909734351068.png,"2f6bsJEWR8yax5gDg1PskA,37.743709,-122.399090,.jpg"
satellite_37.73764028981055_-122.42814714959336.png,"vmxH7W8esxzvuZock-E0bw,37.737756,-122.428262,.jpg"
satellite_37.763558013568925_-122.44723702216199.png,"MmMTZ4q_I9wbaC8LGJuClQ,37.763498,-122.447162,.jpg"
satellite_37.74945089810551_-122.43935207479669.png,"RwunIL5pztnRf6KTEY3-Pg,37.749606,-122.439451,.jpg"
satellite_37.739936796979016_-122.4339571108099.png,"gfE3xjyk8z-lHp3gEdlNjA,37.740085,-122.433756,.jpg"
satellite_37.77635283922179_-122.42441217452559.png,"8_usDMRLAHIRBV0IFDPQBQ,37.776246,-122.424608,.jpg"
satellite_37.75535620225298_-122.4426720526347.png,"Sbss7kXVi3DLshADDqEzpw,37.755458,-122.442812,.jpg"
satellite_37.74813860829496_-122.44723702216199.png,"xOFUiQXJLjfJZJ7zKQMKww,37.748161,-122.447230,.jpg"
satellite_37.782258143369276_-122.42897714405287.png,"eKvGaAuJwxdblx_9LncayA,37.782175,-122.429142,.jpg"
satellite_37.78193007091664_-122.39079739891562.png,"_lkpP-sJJgLrEX4OJgoOpg,37.781960,-122.390638,.jpg"
satellite_37.773400187148056_-122.40158732688919.png,"9jeg9VL6-tb3eNHSDTd31Q,37.773490,-122.401438,.jpg"
satellite_37.76191765130574_-122.44433204155371.png,"Myd0kzGJYer8hX6qeOHuvQ,37.761913,-122.444437,.jpg"
satellite_37.73698414490528_-122.41694222439004.png,"OcYd9ImP78ejPwcJGs48uQ,37.737076,-122.417072,.jpg"
satellite_37.7563404196109_-122.40656729364622.png,"NW9nQ0u_z8WtMnL1VWOJkA,37.756262,-122.406709,.jpg"
satellite_37.73731221735791_-122.43810708310743.png,"pxZ6Dhoq6M6PqXCPQSf_6w,37.737465,-122.438220,.jpg"
satellite_37.77438440450597_-122.39038240168587.png,"lmGAzRqMKa8oIGWKE7esDQ,37.774489,-122.390227,.jpg"
satellite_37.77766512903235_-122.4418420581752.png,"nIeA9dUsClZJKUCnh1Nm8Q,37.777674,-122.441764,.jpg"
satellite_37.74092101433693_-122.4111322631735.png,"8WBSsiLGXXB9qCYX6KABEg,37.740930,-122.411301,.jpg"
satellite_37.78553886789565_-122.40822728256524.png,"odf104LSqt0au3dhqoybXQ,37.785462,-122.408129,.jpg"
satellite_37.763886086021564_-122.39826734905117.png,"sIizoW8QmPSM2BRlZsNFXg,37.763787,-122.398358,.jpg"
satellite_37.77700898412707_-122.4260721634446.png,"VN-MkBNZzt4JdtroVgJSkA,37.776992,-122.425879,.jpg"
satellite_37.74354559395803_-122.42109219668757.png,"eK0cRpnfEVUNndNht_iWyQ,37.743610,-122.421216,.jpg"
satellite_37.77996163620081_-122.38996740445612.png,"sF18DyTUg6YqEIcZPbmPXg,37.779823,-122.389862,.jpg"
satellite_37.73764028981055_-122.40034233519994.png,"_kGXAn4gkGvcQx-SCAgcsg,37.737542,-122.400500,.jpg"
satellite_37.75666849206354_-122.43478710526941.png,"I6Sx_nhuDR5-yATtMXYijA,37.756765,-122.434615,.jpg"
satellite_37.77668091167443_-122.43105213020164.png,"0EKzs-YMs0X7gfO7bIb9Mw,37.776832,-122.430936,.jpg"
satellite_37.75470005734771_-122.42316718283632.png,"9xwZAjxEp7KHjPVAc5rzYA,37.754566,-122.423212,.jpg"
satellite_37.79013188223258_-122.39619236290241.png,"Vx9Q0EyU_ascvTyHw9AewA,37.790098,-122.396258,.jpg"
satellite_37.7389525796211_-122.39619236290241.png,"bo2zvFkNRYEjDnXemyW-ng,37.738961,-122.396366,.jpg"
satellite_37.7668387380953_-122.43271211912064.png,"dHWPcNz0gTL-tcdfp8ZKhw,37.766713,-122.432698,.jpg"
satellite_37.75338776753716_-122.41030226871399.png,"5rh8LzjMovjLfaJEChviTQ,37.753462,-122.410166,.jpg"
satellite_37.78193007091664_-122.4024173213487.png,"sJ7ZMygE0X9zxWwumYkWkQ,37.782017,-122.402274,.jpg"
satellite_37.7894757373273_-122.42399717729583.png,"sMp09SApUmz3uwSjkTYY4Q,37.789459,-122.423811,.jpg"
satellite_37.78783537506411_-122.44391704432397.png,"ydAa5EWoFxU1ALe48aojiA,37.787840,-122.443796,.jpg"
satellite_37.751091260368696_-122.43603209695866.png,"yA6iDe8Ax6t506Z9TTVNjw,37.751205,-122.435885,.jpg"
satellite_37.753715839989795_-122.41030226871399.png,"eo8Smf45-5_efI0R4JUBTw,37.753859,-122.410213,.jpg"
satellite_37.74584210112649_-122.44433204155371.png,"e5gJw1vi5k__sOoHtYLCUg,37.745799,-122.444416,.jpg"
satellite_37.751419332821335_-122.39204239060489.png,"sA32YcLXw_avbgOHrgHMfA,37.751349,-122.391968,.jpg"
satellite_37.78127392601136_-122.44723702216199.png,"IjXhbGE3X8Mlo6ZcCoqTHQ,37.781127,-122.447076,.jpg"
satellite_37.762245723758376_-122.39370237952389.png,"N11Pq5wo8vbZ3TJ1_rj_aQ,37.762170,-122.393591,.jpg"
satellite_37.73960872452638_-122.4269021579041.png,"Fjenlmmh8kqrfaR21uH63w,37.739716,-122.427092,.jpg"
satellite_37.78061778110609_-122.43105213020164.png,"MJHhjZiaeAvH2B1QG-OpMg,37.780651,-122.431140,.jpg"
satellite_37.7868511577062_-122.39909734351068.png,"NfedeKXrfnDofxnWcHhSrQ,37.786854,-122.399273,.jpg"
satellite_37.7668387380953_-122.4497270055405.png,"rhZivSG6Sb701iaj05S7rw,37.766792,-122.449634,.jpg"
satellite_37.76552644828475_-122.39370237952389.png,"KZ26zdRikGy0T_n5n0UkeA,37.765370,-122.393807,.jpg"
satellite_37.741577159242205_-122.42358218006608.png,"XhqZ3EdSAQP94NQqMUlMCg,37.741531,-122.423554,.jpg"
satellite_37.74354559395803_-122.42441217452559.png,"PbmHvcYmZrEuLl9IL6_MHA,37.743541,-122.424331,.jpg"
satellite_37.775040549411244_-122.40158732688919.png,"uP22H71sNQZJY1e3YrNpug,37.775144,-122.401483,.jpg"
satellite_37.73698414490528_-122.39660736013217.png,"kn8u4MX7KRGK0oWljyOcMg,37.737101,-122.396682,.jpg"
satellite_37.783898505632465_-122.40781228533548.png,"6KIZstiNYNoGtqLo2QlgYw,37.783944,-122.407930,.jpg"
satellite_37.774056332053334_-122.41154726040325.png,"0InnCTRmLBGEcKLmQ-YK4g,37.773920,-122.411460,.jpg"
satellite_37.76979139016904_-122.42150719391732.png,"6Mq9njSBqr0EvP28da1QaQ,37.769902,-122.421436,.jpg"
satellite_37.774712476958605_-122.40532230195696.png,"3oSLDxjHe6cK2ey9zkuPuw,37.774749,-122.405370,.jpg"
satellite_37.78028970865345_-122.43271211912064.png,"JS2QqITs6J_jXG49FVgrnw,37.780452,-122.432721,.jpg"
satellite_37.75765270942145_-122.44350204709421.png,"mwWqA807kMrBv0F6rAjaJQ,37.757815,-122.443373,.jpg"
satellite_37.74092101433693_-122.39328738229413.png,"qms361icaiQtmj27VTQQ7w,37.741038,-122.393316,.jpg"
satellite_37.784554650537736_-122.41486723824127.png,"JxB1gg_wG5zIql2gQjdDqw,37.784602,-122.414761,.jpg"
satellite_37.77996163620081_-122.41694222439004.png,"310AFqp8gZYxPUOmDERswg,37.779853,-122.416790,.jpg"
satellite_37.782258143369276_-122.44059706648594.png,"c6wWvBr95zbMQ99MjO5jiA,37.782314,-122.440720,.jpg"
satellite_37.76716681054794_-122.44391704432397.png,"KGivOg4GTmn2C6MZxQZSlQ,37.767230,-122.443799,.jpg"
satellite_37.742561376600115_-122.44059706648594.png,"KwAVKtO4oxUfMX5Ylk6dbg,37.742442,-122.440638,.jpg"
satellite_37.78291428827455_-122.42897714405287.png,"fGoQmRHEVY_OFiQh_ezJUA,37.782839,-122.428857,.jpg"
satellite_37.76749488300058_-122.4480670166215.png,"8gAtsMNf2ICaUFxv3FPIHQ,37.767436,-122.448141,.jpg"
satellite_37.739936796979016_-122.44557703324297.png,"A5udO6cmwTfsucdHQC_RZw,37.739799,-122.445782,.jpg"
satellite_37.74059294188429_-122.40781228533548.png,"VaSYuqbsLMnXqpeHzyGyxw,37.740572,-122.407963,.jpg"
satellite_37.73829643471583_-122.41445224101152.png,"H06FUoS3t-LlFxpREwbkWQ,37.738382,-122.414483,.jpg"
satellite_37.783898505632465_-122.43271211912064.png,"o1fNYWd7TboAiOwRjdeT8Q,37.783826,-122.432812,.jpg"
satellite_37.77307211469542_-122.42814714959336.png,"fU-YRHgPkjYoyhRwiFi42Q,37.772929,-122.428060,.jpg"
satellite_37.758964999232_-122.40532230195696.png,"XqQp67VJ7SZuce5_EcIH0g,37.758816,-122.405474,.jpg"
satellite_37.75798078187409_-122.43229712189088.png,"GPvVpJJxrpz6Yb3PvLb_3A,37.757938,-122.432289,.jpg"
satellite_37.783242360727186_-122.39494737121315.png,"NFeoZ6jc7yM7zDNgytbaBw,37.783261,-122.394868,.jpg"
satellite_37.78783537506411_-122.44889701108099.png,"rksbRrX8EdYQf0czVvEpJw,37.787927,-122.448954,.jpg"
satellite_37.75962114413728_-122.44640702770248.png,"gMKvdXi7xsOJRyQZzhIjzw,37.759714,-122.446437,.jpg"
satellite_37.7389525796211_-122.39785235182141.png,"Vw_HkqM-Q0l_P5OxkjG65w,37.739011,-122.397712,.jpg"
satellite_37.784554650537736_-122.3945323739834.png,"I1REGlaUgc6E93gEQIZoDw,37.784571,-122.394738,.jpg"
satellite_37.76027728904255_-122.40034233519994.png,"ZrcNzGT2ilmgbUQoqMAb1Q,37.760257,-122.400186,.jpg"
satellite_37.76191765130574_-122.39370237952389.png,"pvZjEAuhaSCPoqHRG6dc2A,37.761835,-122.393564,.jpg"
satellite_37.781601998464_-122.43976707202644.png,"OvK1pzgSdz8SjcpC7ffBNQ,37.781471,-122.439777,.jpg"
satellite_37.783242360727186_-122.39370237952389.png,"JiQmVlg2c6j1_oXfJ5QZ3g,37.783143,-122.393637,.jpg"
satellite_37.74977897055815_-122.43437210803965.png,"AeQoHiBPF7HVvxurKsst8Q,37.749684,-122.434500,.jpg"
satellite_37.7615895788531_-122.44433204155371.png,"CCBE2XDFHjVpgKkDauvhTA,37.761645,-122.444529,.jpg"
satellite_37.763886086021564_-122.4277321523636.png,"n60hSWuomzzKFxasjnx12w,37.763724,-122.427793,.jpg"
satellite_37.78816344751675_-122.41694222439004.png,"P35F9ceLLzCrR95ggpNAUg,37.788263,-122.416872,.jpg"
satellite_37.750107043010786_-122.41445224101152.png,"C_yMcDXZDO1_mrbfX5PUZw,37.750017,-122.414438,.jpg"
satellite_37.751419332821335_-122.44640702770248.png,"45DmMujE5kJPK5UsMbdVsg,37.751569,-122.446265,.jpg"
satellite_37.76749488300058_-122.43312711635039.png,"wwP9u8LyLF83zvVSHiKG_w,37.767509,-122.433205,.jpg"
satellite_37.77766512903235_-122.42399717729583.png,"uunXsFvKmA1f1ZQWrlIEiQ,37.777585,-122.423981,.jpg"
satellite_37.79013188223258_-122.41569723270078.png,"JFy1XlVTj_jC9aEbW2Gzyw,37.790279,-122.415494,.jpg"
satellite_37.764870303379475_-122.42109219668757.png,"u810Ed8vGTpXu7p0x1Hqfg,37.765000,-122.421293,.jpg"
satellite_37.76027728904255_-122.41611222993053.png,"CzwvpLjEHER7-Oq1LAe-9Q,37.760298,-122.415952,.jpg"
satellite_37.75437198489507_-122.4094722742545.png,"FrkdUuzAo3SNEMElYwGX_w,37.754402,-122.409636,.jpg"
satellite_37.74813860829496_-122.44557703324297.png,"lMuwpQwek36K3o8gMEG3_w,37.748283,-122.445688,.jpg"
satellite_37.753059695084524_-122.43644709418841.png,"Ux175EUH2d1LKFhj0mSWbw,37.753179,-122.436509,.jpg"
satellite_37.781601998464_-122.43022213574213.png,"uaY9r4-0GZLq4uoIG9hSoA,37.781733,-122.430175,.jpg"
satellite_37.751747405273974_-122.43188212466113.png,"IyJLBPueAu4-ZspXegAfHA,37.751611,-122.431928,.jpg"
satellite_37.78980380977994_-122.40075733242969.png,"w1GtUjP7YkEwowLU0cbgyg,37.789880,-122.400624,.jpg"
satellite_37.75798078187409_-122.4094722742545.png,"uSPtyfO1rSFX8muNm9daHQ,37.757944,-122.409645,.jpg"
satellite_37.77208789733751_-122.40781228533548.png,"_rzLXujrIbGfHF8a2C9bug,37.772104,-122.407607,.jpg"
satellite_37.784554650537736_-122.41943220776855.png,"_ShYnkEIKim0TE7iTy8xxg,37.784539,-122.419249,.jpg"
satellite_37.74813860829496_-122.44350204709421.png,"7gYWH3mAdMLb_4OojiJFmw,37.748175,-122.443507,.jpg"
satellite_37.78717923015884_-122.39909734351068.png,"AVjRWbUaeFbufZruuJAWOw,37.787018,-122.399074,.jpg"
satellite_37.7442017388633_-122.4032473158082.png,"dpokRiwsdgGvsRv1W35TWw,37.744276,-122.403118,.jpg"
satellite_37.75601234715826_-122.40988727148424.png,"nuDLHENPEJ9Fig-uncvWog,37.755974,-122.409899,.jpg"
satellite_37.74551402867385_-122.39162739337513.png,"ZhTWit6ldXlPCFqv__Q43Q,37.745546,-122.391814,.jpg"
satellite_37.77832127393762_-122.41860221330904.png,"-9hGG4Rrj4GXSqCBkB4YHg,37.778461,-122.418788,.jpg"
satellite_37.76847910035849_-122.41611222993053.png,"lQKr_09OWltSl-i8jqqYmw,37.768498,-122.416252,.jpg"
satellite_37.781601998464_-122.43063713297188.png,"EpEd-qzC2eV3sbbLEvT0Kw,37.781561,-122.430668,.jpg"
satellite_37.752403550179245_-122.4190172105388.png,"Jt0i7T1dxmYDCS1oheLdKQ,37.752488,-122.419078,.jpg"
satellite_37.77799320148498_-122.41071726594375.png,"tI5pJrgTqGJr_GcDK3ROHQ,37.777971,-122.410554,.jpg"
satellite_37.74617017357913_-122.40075733242969.png,"gyvhuWCZL1BGmoTIipYOSA,37.746330,-122.400945,.jpg"
satellite_37.753059695084524_-122.42939214128262.png,"xWkx7tdDMvnqHPgA3_qiCA,37.753190,-122.429525,.jpg"
satellite_37.739936796979016_-122.4111322631735.png,"KWDFtjCR_bk3GK1P7IoJ_w,37.739803,-122.410964,.jpg"
satellite_37.759949216589916_-122.42233718837683.png,"jvodSsf1jLhca8OhS7IEjA,37.760049,-122.422327,.jpg"
satellite_37.77996163620081_-122.40781228533548.png,"cu0cz4W7xi8t9vW06dfXyw,37.780062,-122.407863,.jpg"
satellite_37.782586215821915_-122.39370237952389.png,"_unODdhIdJIUmi-Un3U5Mg,37.782459,-122.393798,.jpg"
satellite_37.784882722990375_-122.44640702770248.png,"ejekVijHPmT7sGCWPn3Ciw,37.784997,-122.446394,.jpg"
satellite_37.75962114413728_-122.43810708310743.png,"oEmIKFwCTnQ6EIgk_DYObQ,37.759697,-122.438167,.jpg"
satellite_37.786195012800924_-122.41694222439004.png,"OuqyxUxxs7OIPzY9CavRdQ,37.786256,-122.416902,.jpg"
satellite_37.762573796211015_-122.43229712189088.png,"IzX92oeEmSI1DL97fc3w9Q,37.762647,-122.432408,.jpg"
satellite_37.75666849206354_-122.42441217452559.png,"T8Kq5X6Uo_N4E8iAsP43Ww,37.756688,-122.424551,.jpg"
satellite_37.742233304147476_-122.45014200277025.png,"-Ut-MMZf-q5n5p3hFJrkeQ,37.742310,-122.450040,.jpg"
satellite_37.78750730261148_-122.40739728810573.png,"o-LGZsvuLJdkwswIb1-lyg,37.787471,-122.407393,.jpg"
satellite_37.762245723758376_-122.40407731026771.png,"p7GH5O5zxl2ha1E2ySbNhw,37.762166,-122.403946,.jpg"
satellite_37.784882722990375_-122.42648716067436.png,"leXgGQPf-cbFkKpvolwSSA,37.785035,-122.426468,.jpg"
satellite_37.76749488300058_-122.39868234628092.png,"20j-kqmckdtOQmo6P_ch7w,37.767489,-122.398684,.jpg"
satellite_37.77602476676916_-122.39287238506438.png,"jw13sM1JvgyFJUfknRi7WA,37.776051,-122.393034,.jpg"
satellite_37.76880717281113_-122.39660736013217.png,"1Bu1-ftfoF0XcX4v7e3ekA,37.768899,-122.396651,.jpg"
satellite_37.783242360727186_-122.42648716067436.png,"6gSGSl_1A_JOEHkynscdKA,37.783124,-122.426600,.jpg"
satellite_37.751091260368696_-122.4426720526347.png,"NSaDG2ZV00XPqkr0QMXOrA,37.751098,-122.442822,.jpg"
satellite_37.784226578085104_-122.43229712189088.png,"iIRZz2XxZG_sELgmbNXWTA,37.784296,-122.432368,.jpg"
satellite_37.75601234715826_-122.41030226871399.png,"2SbTbnD1eeA2euYdMOGDTQ,37.756039,-122.410415,.jpg"
satellite_37.74715439093704_-122.44350204709421.png,"sN2plcSwmABT6Ari4uj_xQ,37.747313,-122.443456,.jpg"
satellite_37.78193007091664_-122.44765201939174.png,"3dYmca9vr3MzIlrUGHsxZg,37.781777,-122.447685,.jpg"
satellite_37.74354559395803_-122.44350204709421.png,"VSURFItWhiyPq9eiO265Hg,37.743575,-122.443436,.jpg"
satellite_37.74321752150539_-122.43686209141816.png,"gPMdMZc5IkJqPofi0PqPmA,37.743078,-122.436769,.jpg"
satellite_37.739936796979016_-122.4094722742545.png,"bCPwI_FQNrRsWVWQ5Z0teQ,37.739953,-122.409657,.jpg"
satellite_37.74879475320023_-122.43644709418841.png,"DQdrgKaUEhw63lrTQ7zYXA,37.748759,-122.436479,.jpg"
satellite_37.74059294188429_-122.44765201939174.png,"RbwhtWFauRO0Wbz4btJA0g,37.740526,-122.447500,.jpg"
satellite_37.751091260368696_-122.3953623684429.png,"QlDDgJXvQEcEwb-j8VtMuQ,37.750951,-122.395349,.jpg"
satellite_37.7442017388633_-122.41943220776855.png,"DiGbAiC3iYg843elTrqPfQ,37.744300,-122.419374,.jpg"
satellite_37.76060536149519_-122.4190172105388.png,"bHY3KE3LBlV5EcKG65gRyQ,37.760461,-122.419218,.jpg"
satellite_37.74617017357913_-122.40407731026771.png,"-NFGEm07uK10ES0Rg06BLw,37.746319,-122.404064,.jpg"
satellite_37.78914766487467_-122.38996740445612.png,"3EFtBtDIRtU1ZqAIXeGu3Q,37.789287,-122.389977,.jpg"
satellite_37.77700898412707_-122.41569723270078.png,"dyDc9I1iJZQXNVVxoum2kA,37.776938,-122.415637,.jpg"
satellite_37.77832127393762_-122.4480670166215.png,"m_lTCxfbBb56CRq3QA5b2g,37.778325,-122.447988,.jpg"
satellite_37.78816344751675_-122.43354211358015.png,"rBtvbzbWmiMK6FALPzcl0w,37.788014,-122.433449,.jpg"
satellite_37.7389525796211_-122.39494737121315.png,"VGPCd8u4PRLtJULUYv1J3w,37.739027,-122.394906,.jpg"
satellite_37.76749488300058_-122.43146712743138.png,"FYghaMx-bgOKwM58Fv8nvg,37.767626,-122.431347,.jpg"
satellite_37.751091260368696_-122.4356170997289.png,"IWJtpDj-yWfqFqXl56RTHA,37.751218,-122.435649,.jpg"
satellite_37.7389525796211_-122.4426720526347.png,"kPfHAQEAkEu6hiDVftfmkA,37.739068,-122.442560,.jpg"
satellite_37.78094585355873_-122.43727708864792.png,"oRqL9q3PHLKEIHIAFO5iCQ,37.780837,-122.437229,.jpg"
satellite_37.78061778110609_-122.42441217452559.png,"Q9lHKMuiiCMBK1U6bhAa5Q,37.780515,-122.424285,.jpg"
satellite_37.7668387380953_-122.43105213020164.png,"FAmV229N_WsitQj6vBr1tg,37.766976,-122.431127,.jpg"
satellite_37.73731221735791_-122.40905727702474.png,"M0X4dD35gem2olaax_SrUA,37.737417,-122.409087,.jpg"
satellite_37.76880717281113_-122.42316718283632.png,"4XkSrkXBMjHWi2koLLrLDA,37.768734,-122.423110,.jpg"
satellite_37.74748246338968_-122.42980713851237.png,"89Jp6ZX6ByPMjaRD9fdv8w,37.747553,-122.429773,.jpg"
satellite_37.77996163620081_-122.44599203047272.png,"BLWVZXEZKQbJkZe0UDNFWA,37.780069,-122.445974,.jpg"
satellite_37.73796836226319_-122.42565716621485.png,"DEdQ5cmYpFCbdae0Fjtiiw,37.737848,-122.425491,.jpg"
satellite_37.77536862186388_-122.43976707202644.png,"rlCSAEObcUTL5x0q9k2jYw,37.775318,-122.439576,.jpg"
satellite_37.771103679979596_-122.42856214682311.png,"jQfdtwi3Z2c-8EmD1YhDUQ,37.771018,-122.428540,.jpg"
satellite_37.78652308525356_-122.4198472049983.png,"re6B1HA8Y9kpEHra4BQOJA,37.786361,-122.420048,.jpg"
satellite_37.74748246338968_-122.41860221330904.png,"QvGA1kBm1KcWttx4M7BJMQ,37.747490,-122.418718,.jpg"
satellite_37.76880717281113_-122.40490730472722.png,"bhaQ4a2UjSUqgkfyoAGx4w,37.768881,-122.404900,.jpg"
satellite_37.7668387380953_-122.4269021579041.png,"d1E8TVQgCT9bdR0b3nCIkA,37.766743,-122.426700,.jpg"
satellite_37.74748246338968_-122.40407731026771.png,"HP92zrDm9awicl_-Jo-H-w,37.747626,-122.404172,.jpg"
satellite_37.74617017357913_-122.42233718837683.png,"ltgY5oCad92f5Dk0d2EUrg,37.746220,-122.422363,.jpg"
satellite_37.76454223092684_-122.41860221330904.png,"DnkpcMlX6wy3YBvX_f3zEg,37.764611,-122.418663,.jpg"
satellite_37.78028970865345_-122.4173572216198.png,"d_pnH5C6vSbUF2JleAy0zA,37.780420,-122.417350,.jpg"
satellite_37.73829643471583_-122.38955240722636.png,"JEtBwYdxetsOuBygPP5UpQ,37.738447,-122.389758,.jpg"
satellite_37.73764028981055_-122.41652722716029.png,"A_GP1_XUv1foghG1RUdmZw,37.737633,-122.416620,.jpg"
satellite_37.74977897055815_-122.4181872160793.png,"g6Sr5JhQDcDQZZyKDvp61A,37.749619,-122.418187,.jpg"
satellite_37.758964999232_-122.43022213574213.png,"3fsh_aIsP9pNK6Z018d67Q,37.758948,-122.430346,.jpg"
satellite_37.75601234715826_-122.4418420581752.png,"ke9L9KOnFIIUkiaIGGLlZA,37.756026,-122.441934,.jpg"
satellite_37.785210795443014_-122.39370237952389.png,"LprLQPlQ0MFxH2AD_iH38A,37.785134,-122.393715,.jpg"
satellite_37.74354559395803_-122.45014200277025.png,"RHwvZ3ahQ5U_CAWB-eGOKw,37.743642,-122.450025,.jpg"
satellite_37.76585452073739_-122.40366231303796.png,"eCNpKt7XEOKwcwQDJwf9pg,37.765822,-122.403674,.jpg"
satellite_37.74059294188429_-122.42067719945781.png,"2quzf0jiGNttCikAXETqDQ,37.740577,-122.420679,.jpg"
satellite_37.74354559395803_-122.4277321523636.png,"5P1ryp5dBX1_iLRy5HOMqg,37.743647,-122.427930,.jpg"
satellite_37.74584210112649_-122.40449230749746.png,"4Xq68E6ahuKX3ij5r0MbcA,37.745889,-122.404374,.jpg"
satellite_37.75732463696881_-122.43686209141816.png,"RXzBANcvYGCCKLov8eU2_g,37.757398,-122.436900,.jpg"
satellite_37.77996163620081_-122.40158732688919.png,"JL8WfFa-YT2wMN3QNOdiAw,37.780108,-122.401608,.jpg"
satellite_37.76060536149519_-122.44101206371569.png,"koxztl79utyzojyMwkkIeA,37.760540,-122.440806,.jpg"
satellite_37.73665607245264_-122.43644709418841.png,"waYny0peugiZvU80gxd4lw,37.736709,-122.436261,.jpg"
satellite_37.75470005734771_-122.39204239060489.png,"Fbv3h_7xOhvjqwYQfjctOA,37.754751,-122.392121,.jpg"
satellite_37.74977897055815_-122.41694222439004.png,"K7EYfGVoX8hRdLFg50VcJw,37.749686,-122.417148,.jpg"
satellite_37.76913524526377_-122.4173572216198.png,"QjYBnrsxPgyDHFdQZdTmnA,37.769234,-122.417419,.jpg"
satellite_37.761261506400466_-122.42482717175534.png,"sxX348LApec50vdPZqJ_jA,37.761115,-122.425011,.jpg"
satellite_37.74781053584232_-122.42648716067436.png,"Vhn7HGGk0O6xIJ2fuJWi6Q,37.747746,-122.426653,.jpg"
satellite_37.741249086789566_-122.39370237952389.png,"O5khYNutJNfcjhnfoUy0AQ,37.741316,-122.393795,.jpg"
satellite_37.76716681054794_-122.4252421689851.png,"0nB4vyvRH_jP5bmcOMB8fg,37.767168,-122.425297,.jpg"
satellite_37.7389525796211_-122.4032473158082.png,"uN8dxPxwSbQVCdxb4rViDQ,37.738950,-122.403046,.jpg"
satellite_37.77832127393762_-122.44889701108099.png,"8L2uLU8n52HYBcDwDcwY3g,37.778372,-122.448899,.jpg"
satellite_37.77733705657971_-122.43437210803965.png,"0SEGEvYloMB_WSWjXkQINw,37.777318,-122.434566,.jpg"
satellite_37.74354559395803_-122.43146712743138.png,"ylNZBmmLsuMvehvqdGIkbQ,37.743393,-122.431586,.jpg"
satellite_37.78849151996939_-122.41320724932227.png,"NHQvbgOOE6-Anwr_phkRmw,37.788627,-122.413399,.jpg"
satellite_37.783898505632465_-122.40490730472722.png,"Iet_0BDgabZRrI6JJOmxfQ,37.783910,-122.405044,.jpg"
satellite_37.758964999232_-122.43976707202644.png,"bjg204BqsE8C6y_lhjM8QA,37.759006,-122.439943,.jpg"
satellite_37.74321752150539_-122.39868234628092.png,"tfbLKUCyQpED-qDPN0jH1A,37.743125,-122.398666,.jpg"
satellite_37.73698414490528_-122.44474703878346.png,"pr5K--gabxs8jg7T3I_l9w,37.737089,-122.444593,.jpg"
satellite_37.782258143369276_-122.43271211912064.png,"WLgK3l6rHtrR7fo1IBnCpA,37.782392,-122.432523,.jpg"
satellite_37.784554650537736_-122.40739728810573.png,"-SMjfkZ_z-1SEVWP15fGvw,37.784686,-122.407309,.jpg"
satellite_37.75929307168464_-122.40117232965943.png,"GYx_0Oey8Ynbu3J-7qm1ug,37.759154,-122.401076,.jpg"
satellite_37.774056332053334_-122.41320724932227.png,"bZ05csvbA9HlsALYi1g_qw,37.774074,-122.413218,.jpg"
satellite_37.77930549129554_-122.43354211358015.png,"oSfwuMx6k3jxoOc9bJdSMg,37.779369,-122.433400,.jpg"
satellite_37.75830885432673_-122.39411737675364.png,"Nk0Z7uQk1CVxKW1hZMTRyw,37.758355,-122.394202,.jpg"
satellite_37.763886086021564_-122.43105213020164.png,"E5dJE3KbeG27jlzv6UaL9w,37.763932,-122.430865,.jpg"
satellite_37.77143175243223_-122.42856214682311.png,"lmg_xZcuXoRC4RlkWW0-Jw,37.771307,-122.428596,.jpg"
satellite_37.73764028981055_-122.40656729364622.png,"HrGU367ZWwWJc1ixNxGvxw,37.737502,-122.406768,.jpg"
satellite_37.74092101433693_-122.41030226871399.png,"yNUNxprU3h5K1fjAalIqXg,37.740936,-122.410417,.jpg"
satellite_37.75437198489507_-122.43229712189088.png,"TdwfWd6QvOQNsKYnQKukJA,37.754479,-122.432165,.jpg"
satellite_37.76716681054794_-122.40200232411894.png,"tFgnFwri8HVjtOJ6c9zvzg,37.767250,-122.401879,.jpg"
satellite_37.78717923015884_-122.39868234628092.png,"gKNcSldcuausoLurwTi_Bg,37.787169,-122.398713,.jpg"
satellite_37.74617017357913_-122.39411737675364.png,"WtI9LKdOszqSPPNblrl6Lg,37.746029,-122.393915,.jpg"
satellite_37.77011946262168_-122.42109219668757.png,"vUIKUNvMOdxFwOoM_JLrZg,37.770146,-122.421216,.jpg"
satellite_37.77438440450597_-122.4418420581752.png,"Dva3SdxKVclU7zC8Mw49gA,37.774526,-122.441729,.jpg"
satellite_37.784882722990375_-122.44225705540495.png,"wsIbms9ejNTK7pY_QnJbkg,37.784985,-122.442139,.jpg"
satellite_37.74748246338968_-122.4032473158082.png,"oy_qVHafilQEO2efyTfN7A,37.747362,-122.403314,.jpg"
satellite_37.78881959242203_-122.43893707756693.png,"nMG8qeNeGwDxGS33XwyvFw,37.788749,-122.438909,.jpg"
satellite_37.752403550179245_-122.43437210803965.png,"XttSmnVWSgrNb2s6lApbfQ,37.752525,-122.434200,.jpg"
satellite_37.78061778110609_-122.44765201939174.png,"fYCmf2WJJ8K6CkjBsAfRxQ,37.780480,-122.447504,.jpg"
satellite_37.75765270942145_-122.39162739337513.png,"pWEwwDIvfPihgTNXW8CtFA,37.757752,-122.391519,.jpg"
satellite_37.771103679979596_-122.3945323739834.png,"PLKqEv32pvLq2uSFX_Vhrw,37.771071,-122.394509,.jpg"
satellite_37.73698414490528_-122.41030226871399.png,"e_6xKguiL-eizo9OmNB3vA,37.736920,-122.410338,.jpg"
satellite_37.73960872452638_-122.44889701108099.png,"e9JpOOFS4Ky6j6KnrzVjeQ,37.739693,-122.448746,.jpg"
satellite_37.765198375832114_-122.43852208033718.png,"krPjErqLEwh_Vyv_5XPS0A,37.765153,-122.438365,.jpg"
satellite_37.74682631848441_-122.41279225209252.png,"_mAqrOBCn8D3Wl0QPqxtOg,37.746814,-122.412995,.jpg"
satellite_37.78061778110609_-122.41943220776855.png,"ZFKKgkhfFIs9NYUK3-mZFg,37.780685,-122.419496,.jpg"
satellite_37.74485788376858_-122.4190172105388.png,"Q8wK4YiS3v-3ZBtHVIvm2Q,37.744848,-122.419005,.jpg"
satellite_37.77930549129554_-122.42565716621485.png,"9QiJmH5gye_VY0jzUTASFA,37.779407,-122.425557,.jpg"
satellite_37.74912282565287_-122.41071726594375.png,"R7Fd4QN1ft70wU9FAb81bA,37.749036,-122.410633,.jpg"
satellite_37.7615895788531_-122.43478710526941.png,"DcPqSoAakNTqTMygMgQeTg,37.761677,-122.434610,.jpg"
satellite_37.7668387380953_-122.41528223547103.png,"fX817xVFEBbBMKp3RC4tOQ,37.766952,-122.415271,.jpg"
satellite_37.77766512903235_-122.40905727702474.png,"KDDzbodBQYeN_dXt3i3ZiQ,37.777519,-122.408902,.jpg"
satellite_37.77208789733751_-122.42441217452559.png,"DyPrzxzK8I2J2mYsqSQv-Q,37.771938,-122.424410,.jpg"
satellite_37.752731622631885_-122.4497270055405.png,"TwL7evOL7AENnNvPQg2T3g,37.752758,-122.449786,.jpg"
satellite_37.764870303379475_-122.43312711635039.png,"rWYsEAnMDtVlLuzVq4A2Ow,37.764955,-122.433160,.jpg"
satellite_37.75338776753716_-122.4418420581752.png,"cFpX52GmY8CituwQi1ZYAw,37.753421,-122.441862,.jpg"
satellite_37.741905231694844_-122.42233718837683.png,"MVXsiCoO01gh5WA1vpjW4g,37.741847,-122.422349,.jpg"
satellite_37.784226578085104_-122.43229712189088.png,"ihhK9SNd69kMfFZcRGMMzQ,37.784279,-122.432502,.jpg"
satellite_37.78586694034829_-122.42399717729583.png,"KTAezyEuy1ZxOPInkGWkJA,37.785952,-122.423903,.jpg"
satellite_37.7484666807476_-122.42856214682311.png,"LEfPgloIr_wMsUvzTfq7-A,37.748429,-122.428676,.jpg"
satellite_37.74092101433693_-122.39909734351068.png,"tTdhfEupq1EDulW6w92AFg,37.740777,-122.398972,.jpg"
satellite_37.782586215821915_-122.44723702216199.png,"fD8-RDJbP_pgEghUZmPlOA,37.782523,-122.447233,.jpg"
satellite_37.73764028981055_-122.43146712743138.png,"CkF_qhINj_j5S_r7tEbJHQ,37.737499,-122.431514,.jpg"
satellite_37.78717923015884_-122.44142706094544.png,"zfKjFMV-hi28sVfCe0TMaA,37.787018,-122.441285,.jpg"
satellite_37.75470005734771_-122.40034233519994.png,"zoNF7VTBi75ZeVGmVg9mFA,37.754675,-122.400310,.jpg"
satellite_37.761261506400466_-122.41279225209252.png,"6zw-vpMn-M9eavopVkH4QQ,37.761371,-122.412782,.jpg"
satellite_37.77602476676916_-122.40864227979499.png,"Cx2mlzGizxHwt3YcJlc0bw,37.776187,-122.408560,.jpg"
satellite_37.73698414490528_-122.43810708310743.png,"ZCbGYkUAqilno5PBKpfcSA,37.736855,-122.438194,.jpg"
satellite_37.7563404196109_-122.41320724932227.png,"X8_ucd5AT_gzWqSjA1YNIA,37.756473,-122.413390,.jpg"
satellite_37.78094585355873_-122.39743735459166.png,"yMaDsFFoxSMFj7BsctDHZg,37.780844,-122.397578,.jpg"
satellite_37.77077560752696_-122.40034233519994.png,"AAC3iZLkFKsbgFLt_0b94g,37.770653,-122.400240,.jpg"
satellite_37.78028970865345_-122.42150719391732.png,"NE6Uq-H92U9wob6SKOm64Q,37.780403,-122.421652,.jpg"
satellite_37.7442017388633_-122.40449230749746.png,"rxxi6wf0FJwZ0G3wfp4Hdg,37.744068,-122.404456,.jpg"
satellite_37.773728259600695_-122.43603209695866.png,"I3xHEc9fMnv-rx4OEAiOpw,37.773752,-122.435890,.jpg"
satellite_37.75830885432673_-122.40158732688919.png,"paB92T9xM8OCynu8GzvjDg,37.758281,-122.401499,.jpg"
satellite_37.77996163620081_-122.39868234628092.png,"pMyYr54rNdBfdrFP10oEww,37.779864,-122.398574,.jpg"
satellite_37.76782295545322_-122.42856214682311.png,"0tWQ9ghkNR5hJQKfwcV5sg,37.767846,-122.428436,.jpg"
satellite_37.74945089810551_-122.44101206371569.png,"1FMvcKT5ALsH3AAWBBQrYA,37.749295,-122.440849,.jpg"
satellite_37.785210795443014_-122.42026220222806.png,"S_p1nSp2ZSG6nGywEZnzXQ,37.785365,-122.420365,.jpg"
satellite_37.74321752150539_-122.42150719391732.png,"Yy0lacGiaV7gB0SjdwamCg,37.743253,-122.421658,.jpg"
satellite_37.76618259319003_-122.4426720526347.png,"N7O3w8WUpXQmpW8vSRC-eg,37.766086,-122.442594,.jpg"
satellite_37.742889449052754_-122.42275218560657.png,"b_bA3whCRx-yQbOfMShYxw,37.742898,-122.422594,.jpg"
satellite_37.77864934639026_-122.40034233519994.png,"axta1fluJtEr482Fa3zJig,37.778622,-122.400369,.jpg"
satellite_37.78816344751675_-122.40905727702474.png,"7-CfLnHeyc3Qm9_r6sB4Hg,37.788266,-122.408858,.jpg"
satellite_37.74059294188429_-122.4032473158082.png,"b0_m3UM10L5KXRAe1Ru60w,37.740713,-122.403292,.jpg"
satellite_37.762901868663654_-122.4260721634446.png,"dnqno421JAqHI3z3AhxsWw,37.762840,-122.426150,.jpg"
satellite_37.772415969790146_-122.42939214128262.png,"oX1KSTvdbKF0jRX2S7kl8A,37.772277,-122.429271,.jpg"
satellite_37.7484666807476_-122.4426720526347.png,"YrJRJ-kQGLIT2myGd-k8Ig,37.748418,-122.442570,.jpg"
satellite_37.763886086021564_-122.40822728256524.png,"65MImLJqj-LihD0zUrypeg,37.763833,-122.408397,.jpg"
satellite_37.77569669431652_-122.42399717729583.png,"HY8sbEQLQuz8LdJxlphXxg,37.775841,-122.423967,.jpg"
satellite_37.76716681054794_-122.43105213020164.png,"vfC9ZpBDCFuV-bckdhO6-g,37.767328,-122.431171,.jpg"
satellite_37.763229941116286_-122.44350204709421.png,"KpYEfIETfjwISYNtliKcTg,37.763289,-122.443406,.jpg"
satellite_37.7615895788531_-122.3945323739834.png,"eIMvV9jUAZRCrseKmj2OUg,37.761522,-122.394532,.jpg"
satellite_37.7389525796211_-122.41569723270078.png,"9MalO3VZQUlXJewp3cTU_w,37.738796,-122.415835,.jpg"
satellite_37.754043912442434_-122.42358218006608.png,"nVC-rotQp5hh8Ms5nNLBvA,37.754161,-122.423688,.jpg"
satellite_37.753059695084524_-122.43354211358015.png,"3s6ae1w4iWNqbu6HjNHrsg,37.752951,-122.433558,.jpg"
satellite_37.74977897055815_-122.41528223547103.png,"OpNiZ9fgnc0Turx1VzMP1A,37.749747,-122.415466,.jpg"
satellite_37.74781053584232_-122.43603209695866.png,"UhWrZDEDcM96R7x0T2R_lQ,37.747793,-122.435978,.jpg"
satellite_37.76946331771641_-122.40283231857845.png,"mNG742vGEHEx4or02877Sw,37.769484,-122.403007,.jpg"
satellite_37.7442017388633_-122.44474703878346.png,"HzbASctk-2BXNm-xC0v3Aw,37.744225,-122.444654,.jpg"
satellite_37.77143175243223_-122.4181872160793.png,"40rv2hwawSrlF4npQ5Zz2g,37.771471,-122.418260,.jpg"
satellite_37.76585452073739_-122.4181872160793.png,"L0I2xC3poSV-GKUTDnCRRQ,37.765744,-122.418102,.jpg"
satellite_37.771103679979596_-122.42482717175534.png,"LknJA-WlFl584DVnZbTChA,37.771029,-122.424658,.jpg"
satellite_37.742233304147476_-122.40075733242969.png,"1DAR79x6q1iRrJpKe5HSjQ,37.742342,-122.400707,.jpg"
satellite_37.75929307168464_-122.40200232411894.png,"hn8hhldGn_iZqiNe9UQUkA,37.759285,-122.402082,.jpg"
satellite_37.78652308525356_-122.39951234074043.png,"IRdmXSvc1M36IfELk4AUuw,37.786471,-122.399327,.jpg"
satellite_37.77799320148498_-122.40532230195696.png,"J12zvZI4J0yZH3-dOijo4w,37.778154,-122.405257,.jpg"
satellite_37.77930549129554_-122.4198472049983.png,"ZQOfNYHa7bSipq1eI0rBcg,37.779360,-122.420015,.jpg"
satellite_37.77963356374817_-122.4024173213487.png,"XwALFd7UQ0jGQauhI0QznA,37.779521,-122.402338,.jpg"
satellite_37.75929307168464_-122.42358218006608.png,"-VQbR50HhdRyiaI4ChOrOA,37.759173,-122.423756,.jpg"
satellite_37.740264869431655_-122.4198472049983.png,"Tp6POZ3fHBobavfol3IWNw,37.740415,-122.420022,.jpg"
satellite_37.784226578085104_-122.43810708310743.png,"zdNTie6Ro7gEst6w4l88CA,37.784271,-122.437960,.jpg"
satellite_37.78193007091664_-122.40117232965943.png,"ZoImjdMKHrqwj8p9gVDXaw,37.782025,-122.401126,.jpg"
satellite_37.79013188223258_-122.42316718283632.png,"A1ySyDdCxH2qOUn_u8c41g,37.790286,-122.423345,.jpg"
satellite_37.75765270942145_-122.4198472049983.png,"do44wt_Wix5xhMivrD0n9g,37.757736,-122.419764,.jpg"
satellite_37.75798078187409_-122.41445224101152.png,"APzbKHwKbKZLG2TmR6tf_Q,37.758039,-122.414658,.jpg"
satellite_37.741577159242205_-122.41196225763301.png,"pFYXT0NYNSAvdrqkDSvRfA,37.741451,-122.412130,.jpg"
satellite_37.77864934639026_-122.44018206925618.png,"OhNMDvQAwWraTrHHKo_-bA,37.778504,-122.440265,.jpg"
satellite_37.752403550179245_-122.39868234628092.png,"oWckZxhioO4K8Cf4a2JPQQ,37.752539,-122.398810,.jpg"
satellite_37.774056332053334_-122.41777221884955.png,"xyQuyctZGSEGMFi57Ugsuw,37.773968,-122.417636,.jpg"
satellite_37.751091260368696_-122.40905727702474.png,"NWLqdHyuAlx1x9IJpjXj7Q,37.750979,-122.409021,.jpg"
satellite_37.77077560752696_-122.41860221330904.png,"advWP1GLuwfO0SL16iT5rg,37.770939,-122.418661,.jpg"
satellite_37.75666849206354_-122.42441217452559.png,"U3zya68aW4VjK4NgFK6WGQ,37.756715,-122.424280,.jpg"
satellite_37.77143175243223_-122.43354211358015.png,"j1RiYXh7mw0T6b0noxiWfA,37.771525,-122.433710,.jpg"
satellite_37.76946331771641_-122.44848201385123.png,"w0kpCgwhOqJTSNKiK_ZMuA,37.769442,-122.448506,.jpg"
satellite_37.76749488300058_-122.43105213020164.png,"5swTWtIIx5peCcrRi3dofw,37.767603,-122.431200,.jpg"
satellite_37.75962114413728_-122.44889701108099.png,"G4sZtc-DohOO2w8gqUeN5A,37.759645,-122.448883,.jpg"
satellite_37.77700898412707_-122.39660736013217.png,"XNCdJJoDy7wt4unUWpVhsg,37.777044,-122.396609,.jpg"
satellite_37.76913524526377_-122.42109219668757.png,"R9ICr4T_UsWuRrZKZLdq8Q,37.769249,-122.420905,.jpg"
satellite_37.75338776753716_-122.39370237952389.png,"5-axpSNNJTiQNRo6W_IQoA,37.753291,-122.393717,.jpg"
satellite_37.773400187148056_-122.41611222993053.png,"S6moALrXEIq_cLKbte_91A,37.773525,-122.416149,.jpg"
satellite_37.7442017388633_-122.39038240168587.png,"DE3_Qoy6TaU4NEZQCdnwSA,37.744081,-122.390307,.jpg"
satellite_37.77963356374817_-122.40532230195696.png,"CpNN3EMMdCqA5vSoRnfutQ,37.779569,-122.405389,.jpg"
satellite_37.74092101433693_-122.4339571108099.png,"HaABEiY0FbmpRpCeCYmMpA,37.741073,-122.433783,.jpg"
satellite_37.75502812980035_-122.44474703878346.png,"P64j7U6Ph8tINuxJOtfmwA,37.754941,-122.444736,.jpg"
satellite_37.76060536149519_-122.40781228533548.png,"UkdxoFdP81PRIjLZFtR4EA,37.760640,-122.407697,.jpg"
satellite_37.78028970865345_-122.44557703324297.png,"TFuaeB2jTYKJHgiDfvF29g,37.780297,-122.445484,.jpg"
satellite_37.7615895788531_-122.38996740445612.png,"dFZ0JSL-5nBT5E1_LJD7CA,37.761711,-122.390028,.jpg"
satellite_37.741905231694844_-122.44101206371569.png,"TA5cQCGxIYQIXqHSGcIZMw,37.741978,-122.441038,.jpg"
satellite_37.74977897055815_-122.40283231857845.png,"kqnfCGidfZGpgL5gU-u1iw,37.749904,-122.402845,.jpg"
satellite_37.75830885432673_-122.44308704986446.png,"ejK5GkNhQEWStX6wvul1LQ,37.758424,-122.443152,.jpg"
satellite_37.74945089810551_-122.41943220776855.png,"XrfYrF9D87rSyeECuuU1HQ,37.749305,-122.419302,.jpg"
satellite_37.782258143369276_-122.43603209695866.png,"n21TMdICy157K2kJEyV2gw,37.782308,-122.435907,.jpg"
satellite_37.771103679979596_-122.41362224655202.png,"MjogM_xC8yyUgvQnpMv1fg,37.770962,-122.413746,.jpg"
satellite_37.74781053584232_-122.39619236290241.png,"EJVL_DEf0N44wtfSn2RIGA,37.747815,-122.396396,.jpg"
satellite_37.73764028981055_-122.44142706094544.png,"wjni02jaY2t6Bnel1mmNqw,37.737612,-122.441502,.jpg"
satellite_37.74354559395803_-122.42814714959336.png,"dr4tgH8cl3dWIDZe4EupkQ,37.743635,-122.428148,.jpg"
satellite_37.78750730261148_-122.38955240722636.png,"jafE8IpyXPeV_T-9efRkhw,37.787664,-122.389630,.jpg"
satellite_37.7642141584742_-122.44557703324297.png,"T9avpATXzPs2cCNJ1vTOHA,37.764136,-122.445421,.jpg"
satellite_37.753059695084524_-122.42150719391732.png,"TX6VZjl5KaLzCGsLeOSOFQ,37.753119,-122.421542,.jpg"
satellite_37.75076318791606_-122.42399717729583.png,"MJkdwjpeIYhlTSdTvhakIQ,37.750683,-122.423889,.jpg"
satellite_37.739936796979016_-122.40075733242969.png,"g1eZK524M-PRt7ZJJqUdug,37.739780,-122.400710,.jpg"
satellite_37.75338776753716_-122.4252421689851.png,"3eC3w2hSvJuHpwl5RHhWoA,37.753452,-122.425350,.jpg"
satellite_37.77175982488487_-122.44931200831074.png,"UWyeSaOpgdiDFMA1C36pSA,37.771607,-122.449293,.jpg"
satellite_37.76913524526377_-122.41237725486276.png,"RpufWsJUYiCg98NwMggeCQ,37.769200,-122.412443,.jpg"
satellite_37.783242360727186_-122.4094722742545.png,"NvQtIhw74I7rvYry9L1XYQ,37.783396,-122.409538,.jpg"
satellite_37.76093343394783_-122.40490730472722.png,"OkSlKjaAFpUwz4fMOpU_Cg,37.760810,-122.404712,.jpg"
satellite_37.75470005734771_-122.40034233519994.png,"0M6cibmHfwTykzJNLEW5vw,37.754670,-122.400415,.jpg"
satellite_37.752403550179245_-122.41694222439004.png,"oYxwG4tNYldOBKWXTna-Zg,37.752363,-122.416909,.jpg"
satellite_37.7894757373273_-122.40864227979499.png,"3-xkvgfMRgAPY47TD18mQg,37.789417,-122.408615,.jpg"
satellite_37.74518595622122_-122.42856214682311.png,"ezVspf6vz1os53y04CIRlQ,37.745205,-122.428733,.jpg"
satellite_37.74977897055815_-122.39370237952389.png,"-HmXk3-8aoxRqmX-aNwOJA,37.749887,-122.393776,.jpg"
satellite_37.78914766487467_-122.39494737121315.png,"kcdZk3g5jyLX0LfNYKBKpQ,37.789240,-122.395144,.jpg"
satellite_37.75699656451617_-122.43188212466113.png,"3YSq4Y7Gkg5vZ9llgloVGQ,37.757040,-122.431842,.jpg"
satellite_37.78127392601136_-122.39619236290241.png,"ypXWWueZTrqqsIBwmsTr-A,37.781193,-122.396110,.jpg"
satellite_37.75076318791606_-122.44557703324297.png,"UKv9SACjQXHoMXqaFG68QA,37.750729,-122.445570,.jpg"
satellite_37.753715839989795_-122.41320724932227.png,"xfQejFkEIiVSvrp8Lz8LgA,37.753742,-122.413134,.jpg"
satellite_37.74977897055815_-122.41652722716029.png,"r2TWkSfToLhV8XGy1qWDmg,37.749662,-122.416602,.jpg"
satellite_37.752075477726606_-122.43852208033718.png,"NIqobtp59eeMyVeMasjtnw,37.752203,-122.438602,.jpg"
satellite_37.772415969790146_-122.40615229641647.png,"x9Mrz5FemzcRyG_GvxHRCg,37.772579,-122.406203,.jpg"
satellite_37.752731622631885_-122.42275218560657.png,"FKWtU8SnjQq59pj9tuJ6ww,37.752812,-122.422641,.jpg"
satellite_37.7563404196109_-122.43769208587767.png,"NQoOFoegq7-ayB5CO4Po-A,37.756192,-122.437842,.jpg"
satellite_37.741905231694844_-122.40449230749746.png,"9pIFQYN6VSN9unXrpj0bdQ,37.742037,-122.404681,.jpg"
satellite_37.74518595622122_-122.42150719391732.png,"0w2nIRbDLobQM6Tz5ZxihA,37.745051,-122.421339,.jpg"
satellite_37.7389525796211_-122.4426720526347.png,"9lEuPnBu81XZqBuOXAVOUQ,37.738869,-122.442595,.jpg"
satellite_37.75929307168464_-122.4190172105388.png,"kcWBhmafZQvj6EYE2h_26w,37.759149,-122.419089,.jpg"
satellite_37.77536862186388_-122.44391704432397.png,"TIK0qzFCGDKg_fWnM5sXig,37.775220,-122.443805,.jpg"
satellite_37.786195012800924_-122.42109219668757.png,"AWDCHCm98YIqsK8KXdIEsQ,37.786257,-122.420906,.jpg"
satellite_37.784226578085104_-122.4260721634446.png,"LHvUI-Gq5hl0xpZxO0rYig,37.784187,-122.426258,.jpg"
satellite_37.78652308525356_-122.41154726040325.png,"Z7GK-Nfo612YPe0sxfswQA,37.786439,-122.411392,.jpg"
satellite_37.7389525796211_-122.4339571108099.png,"0O_fso_gcP79elE3M33tNw,37.738904,-122.434101,.jpg"
satellite_37.75699656451617_-122.4426720526347.png,"-LohS-V95nP2Nr7HVXVFsg,37.757020,-122.442576,.jpg"
satellite_37.73731221735791_-122.40739728810573.png,"Wu3Kie-MTVPuRCBQYnKxQQ,37.737446,-122.407498,.jpg"
satellite_37.76815102790585_-122.42026220222806.png,"QepMams7Hz9gL9SG29A3gA,37.768259,-122.420296,.jpg"
satellite_37.75830885432673_-122.42399717729583.png,"lMQnRoFYryh-xnPncon53Q,37.758350,-122.423878,.jpg"
satellite_37.7789774188429_-122.42192219114708.png,"fBOJnqpj9m1CZrrfbCMv8Q,37.778916,-122.421981,.jpg"
satellite_37.76060536149519_-122.41694222439004.png,"C06VbFIAJch0DunuVXgksw,37.760703,-122.417103,.jpg"
satellite_37.73796836226319_-122.42399717729583.png,"3qWYIDzJKCv0OyQ6UTF-Sw,37.737956,-122.424053,.jpg"
satellite_37.76749488300058_-122.4277321523636.png,"bWWCcViYo8KHfCmGQ-JPYw,37.767591,-122.427870,.jpg"
satellite_37.772415969790146_-122.4277321523636.png,"fOXLopiHrsMPtyZchPo6IQ,37.772484,-122.427731,.jpg"
satellite_37.76979139016904_-122.39038240168587.png,"HrfuaFN2QebwEsgrffn_vg,37.769687,-122.390341,.jpg"
satellite_37.774056332053334_-122.40864227979499.png,"6nkEaVSr83r4lnVAqNBcPQ,37.773918,-122.408762,.jpg"
satellite_37.774056332053334_-122.41445224101152.png,"vngMjccqoKh2ldv7lYno5g,37.774011,-122.414315,.jpg"
satellite_37.76847910035849_-122.43478710526941.png,"a4EKHdf8_PKnHOmQPBOkQg,37.768327,-122.434904,.jpg"
satellite_37.783570433179825_-122.43105213020164.png,"4BdCy76JrwxmVGMhz_iMBg,37.783472,-122.430942,.jpg"
satellite_37.73796836226319_-122.40117232965943.png,"h9YwUPHUz9aIdoK2oNGFEg,37.737979,-122.401302,.jpg"
satellite_37.783898505632465_-122.39038240168587.png,"IYQlPbaoxQCgFojfWOl-jA,37.783946,-122.390224,.jpg"
satellite_37.74452981131594_-122.42192219114708.png,"FvFknBpNQXg1J7BjyRY9RQ,37.744379,-122.421769,.jpg"
satellite_37.7615895788531_-122.39121239614538.png,"hqNEV3Y9ufffHSmceZfuNQ,37.761630,-122.391091,.jpg"
satellite_37.74945089810551_-122.4198472049983.png,"dEurmJspKRVYlaXG-kS2TQ,37.749397,-122.419845,.jpg"
satellite_37.7615895788531_-122.4497270055405.png,"_trmf7xf397agnBk5qoi9g,37.761629,-122.449678,.jpg"
satellite_37.76847910035849_-122.41403724378176.png,"dZUxDkVVenpq_YzlP9ygqw,37.768643,-122.414184,.jpg"
satellite_37.74912282565287_-122.40200232411894.png,"vxMkE_SplFiRlAnj7SQDhQ,37.748983,-122.402026,.jpg"
satellite_37.7563404196109_-122.42109219668757.png,"HT9EF7riQb7cSFvKRKq84Q,37.756344,-122.421138,.jpg"
satellite_37.75338776753716_-122.4260721634446.png,"UfruB8uS3PYmqvhuK5l9Rg,37.753542,-122.425982,.jpg"
satellite_37.750107043010786_-122.43022213574213.png,"_FX2U4pgVk8ENtum2_gfVA,37.749950,-122.430085,.jpg"
satellite_37.7642141584742_-122.39494737121315.png,"AFiWuLtM3sNjQ9QBNGCQGQ,37.764252,-122.394754,.jpg"
satellite_37.753059695084524_-122.39868234628092.png,"eQWvbZGtJcpcjErlHyydrQ,37.753059,-122.398591,.jpg"
satellite_37.75699656451617_-122.41030226871399.png,"BAfsJ8aRD6neyZtrXI5rvw,37.756905,-122.410493,.jpg"
satellite_37.78849151996939_-122.41154726040325.png,"D725jRi6Sf_TkGV8PrFFOg,37.788503,-122.411625,.jpg"
satellite_37.74485788376858_-122.38996740445612.png,"f2gcsyuY1i8CzOT4ZaF-xw,37.744716,-122.389813,.jpg"
satellite_37.78291428827455_-122.40781228533548.png,"2SSBg8KrO4HzhdJPg8jAfw,37.782894,-122.407696,.jpg"
satellite_37.76946331771641_-122.40200232411894.png,"VcuE_AGQ4WXQ-Yu_l2H23g,37.769457,-122.402087,.jpg"
satellite_37.77996163620081_-122.43727708864792.png,"6rfEfprG-3pYqPVlF7jGkw,37.779826,-122.437382,.jpg"
satellite_37.75470005734771_-122.42150719391732.png,"d7VL_rXDxw2IGF1CItoPxQ,37.754851,-122.421496,.jpg"
satellite_37.752075477726606_-122.41777221884955.png,"F73-0s97E4_gx7WiqziFdQ,37.752117,-122.417833,.jpg"
satellite_37.783898505632465_-122.38996740445612.png,"WB90idzhHSG0StOMWdV1hA,37.783763,-122.389983,.jpg"
satellite_37.74584210112649_-122.45014200277025.png,"JQdCQ1DBrtMyDbxfdWrLfw,37.745881,-122.450126,.jpg"
satellite_37.76454223092684_-122.42980713851237.png,"roYkmJgeTPyMVr8z1kc7gg,37.764446,-122.429959,.jpg"
satellite_37.78750730261148_-122.41320724932227.png,"yJbR1IsO1mMAng8_7T_fmw,37.787575,-122.413343,.jpg"
satellite_37.77799320148498_-122.4181872160793.png,"63wek1qjf9w--Ws2P3EJ6A,37.777956,-122.418316,.jpg"
satellite_37.76651066564266_-122.43727708864792.png,"l2QOP-Ki14PBnC6iCO1evw,37.766454,-122.437140,.jpg"
satellite_37.753059695084524_-122.4426720526347.png,"5No3jmCQ5hrsdqVYmGxRKA,37.752955,-122.442808,.jpg"
satellite_37.76027728904255_-122.39826734905117.png,"Fh0RiYv4XTIFK5K_R_w5TA,37.760150,-122.398231,.jpg"
satellite_37.73928065207374_-122.41528223547103.png,"aG449xmx6gWKf3S6H2z_wg,37.739170,-122.415285,.jpg"
satellite_37.751091260368696_-122.41777221884955.png,"ZFZ4ObOKAael5py_563SkQ,37.751005,-122.417784,.jpg"
satellite_37.742889449052754_-122.43644709418841.png,"qZgIFR4CTAWYlNkMdegDpw,37.742740,-122.436355,.jpg"
satellite_37.76913524526377_-122.41652722716029.png,"jYIc7RiI11Nafdc2aOkZBA,37.769279,-122.416562,.jpg"
satellite_37.782586215821915_-122.41486723824127.png,"rkeFNl9O78-7HWuLCFentw,37.782690,-122.414914,.jpg"
satellite_37.765198375832114_-122.40656729364622.png,"h_knVG_fQSYlRi51UpQgEA,37.765163,-122.406491,.jpg"
satellite_37.77143175243223_-122.4260721634446.png,"DhMpF0J-DCqGckdpO-Szvw,37.771404,-122.426231,.jpg"
satellite_37.771103679979596_-122.44557703324297.png,"_r1JZ5KiY8YA1NrS5XMwag,37.771113,-122.445572,.jpg"
satellite_37.759949216589916_-122.40615229641647.png,"_dxO5bGAgbY61grgkj7WeA,37.759791,-122.406116,.jpg"
satellite_37.73796836226319_-122.40739728810573.png,"I2PjGolSQJVIn92VwGGX6Q,37.737931,-122.407374,.jpg"
satellite_37.78750730261148_-122.43852208033718.png,"v0KuL45kWcFuaNsumtUA5A,37.787649,-122.438690,.jpg"
satellite_37.76815102790585_-122.43727708864792.png,"QUuCZMaTC8kSg2Na1hQkAA,37.768301,-122.437424,.jpg"
satellite_37.76815102790585_-122.41071726594375.png,"6J606Tf6ryYehdLCbDm4Ig,37.768188,-122.410775,.jpg"
satellite_37.762245723758376_-122.41320724932227.png,"j_XsgaKuYSYMWq0ILMV6xg,37.762085,-122.413202,.jpg"
satellite_37.75929307168464_-122.44059706648594.png,"R4bg4xBNT_lGcOhB-lT7pQ,37.759403,-122.440714,.jpg"
satellite_37.76913524526377_-122.44723702216199.png,"uwn7O5KReuoY619nb2t4Zw,37.769022,-122.447357,.jpg"
satellite_37.73796836226319_-122.43478710526941.png,"-pnwOKvAljc4dLJobufw_Q,37.737921,-122.434678,.jpg"
satellite_37.78586694034829_-122.42067719945781.png,"KS_6EbsvtK6H_ObQciyvSQ,37.785785,-122.420666,.jpg"
satellite_37.75765270942145_-122.42441217452559.png,"pgfCQFP7ItEqAIUivWEeJQ,37.757507,-122.424577,.jpg"
satellite_37.7442017388633_-122.40449230749746.png,"X1gWRiXWs0aPdZVtnzFjHg,37.744200,-122.404669,.jpg"
satellite_37.74945089810551_-122.39992733797018.png,"wGz7AiGH2MHfz9q2nOa2MA,37.749514,-122.400073,.jpg"
satellite_37.77536862186388_-122.42399717729583.png,"MDraHbtWgPbmCvrFC0t7PA,37.775532,-122.424155,.jpg"
satellite_37.742561376600115_-122.44350204709421.png,"fL3SuDaMiNdtjCjf6xdt1Q,37.742588,-122.443649,.jpg"
satellite_37.75732463696881_-122.39287238506438.png,"D-AOVArxUe5U9LXWod7inQ,37.757343,-122.392715,.jpg"
satellite_37.740264869431655_-122.39370237952389.png,"L6JX1_XPKswx3BB3ZmowwA,37.740425,-122.393618,.jpg"
satellite_37.75502812980035_-122.42565716621485.png,"l-3lS0LmANFtyOKspaBQ2w,37.755007,-122.425833,.jpg"
satellite_37.751091260368696_-122.43852208033718.png,"UmdRhZCce2-o1h01BObViA,37.751081,-122.438486,.jpg"
satellite_37.73829643471583_-122.44018206925618.png,"UHxaSCZOJFyaVMZDWDfWjQ,37.738325,-122.440088,.jpg"
satellite_37.739936796979016_-122.43022213574213.png,"385LSQj6B4Qr2Gi3PdP8Zw,37.740050,-122.430100,.jpg"
satellite_37.739936796979016_-122.41943220776855.png,"lxeWKqM4vlWuv8wUkL81Hw,37.739940,-122.419637,.jpg"
satellite_37.782586215821915_-122.42441217452559.png,"lrxHn8BmbcAQVMKFKYhLJA,37.782715,-122.424212,.jpg"
satellite_37.740264869431655_-122.40158732688919.png,"3jCaLpo2kqVAp84dlRvSdQ,37.740388,-122.401695,.jpg"
satellite_37.78849151996939_-122.4269021579041.png,"hi32ALgdPPjjC6EHSKOnKA,37.788469,-122.427002,.jpg"
satellite_37.77044753507432_-122.44474703878346.png,"rr6xpoNxbUff4iajNK4zmg,37.770316,-122.444803,.jpg"
satellite_37.76454223092684_-122.4260721634446.png,"s6m-dUNYaFw4J-9wwC8F3Q,37.764700,-122.426213,.jpg"
satellite_37.7484666807476_-122.39370237952389.png,"8gYsy0RZjZecbuMzLRLLEg,37.748583,-122.393814,.jpg"
satellite_37.77635283922179_-122.41154726040325.png,"BB_HSmLpv0wnD044VAF0-Q,37.776391,-122.411438,.jpg"
satellite_37.759949216589916_-122.41279225209252.png,"cSIG-c9Uz3ZQdeHxfX5unQ,37.760096,-122.412658,.jpg"
satellite_37.785210795443014_-122.39162739337513.png,"PSiNpeY5KV7CxskbifymEg,37.785126,-122.391445,.jpg"
satellite_37.73796836226319_-122.42731715513385.png,"G9w7GxxX4I65x4qjLJRgNA,37.737818,-122.427471,.jpg"
satellite_37.77733705657971_-122.4497270055405.png,"HCzweqH-2b8YTSBa7FoFpQ,37.777330,-122.449539,.jpg"
satellite_37.762901868663654_-122.4173572216198.png,"rRwugS2BYCDYx06CBDnVwQ,37.762994,-122.417342,.jpg"
satellite_37.77077560752696_-122.44931200831074.png,"ENez9dbzKD67DXez0YWz-g,37.770672,-122.449404,.jpg"
satellite_37.75568427470562_-122.41237725486276.png,"gZWxTeCIE-Yz_-HAG6gvSA,37.755828,-122.412306,.jpg"
satellite_37.75338776753716_-122.4426720526347.png,"YZH0JJspxjXLyhZkYfTFLQ,37.753486,-122.442606,.jpg"
satellite_37.77668091167443_-122.43644709418841.png,"H0guETL8qFhPdQ8eGdGVbQ,37.776696,-122.436441,.jpg"
satellite_37.75699656451617_-122.4173572216198.png,"6VzyVnlPcRQkCHlRBgytmQ,37.757125,-122.417497,.jpg"
satellite_37.76191765130574_-122.42275218560657.png,"U0faanESpVeiS17TM_uTkg,37.761960,-122.422884,.jpg"
satellite_37.77832127393762_-122.42648716067436.png,"E_pdXNLY_0FP-PS9RrhJsg,37.778385,-122.426564,.jpg"
satellite_37.74945089810551_-122.42150719391732.png,"47d7_LcwuPCGwsgk7HRVeg,37.749441,-122.421372,.jpg"
satellite_37.76716681054794_-122.44765201939174.png,"cL_UgJ7W5fFnQhLCBm1Fzw,37.767083,-122.447522,.jpg"
satellite_37.742561376600115_-122.40283231857845.png,"eFkFiroCnAH-Io5NEnOcXg,37.742613,-122.402788,.jpg"
satellite_37.78652308525356_-122.44848201385123.png,"_aSkdRSyOLgHP9a54Iyzhw,37.786577,-122.448546,.jpg"
satellite_37.76946331771641_-122.4173572216198.png,"MGs16lKURxLyTcXHLP96dw,37.769611,-122.417471,.jpg"
satellite_37.78193007091664_-122.3945323739834.png,"YmVOyzAold_Il6eC04pMGQ,37.781787,-122.394669,.jpg"
satellite_37.75043511546342_-122.41486723824127.png,"w_1tvECz7aQOU5drOywDCQ,37.750495,-122.415016,.jpg"
satellite_37.772415969790146_-122.4277321523636.png,"7UOArr9xFSyE_6zxhXwYew,37.772499,-122.427614,.jpg"
satellite_37.75732463696881_-122.41652722716029.png,"JQE0HmvLQcuVbr7JxDQIXw,37.757192,-122.416345,.jpg"
satellite_37.77963356374817_-122.40532230195696.png,"8SOn1kYGp3zj1XWJaftInQ,37.779626,-122.405302,.jpg"
satellite_37.73698414490528_-122.43603209695866.png,"IfwitCCQMmZ1y2iVEiG4Sg,37.736941,-122.436199,.jpg"
satellite_37.762901868663654_-122.39868234628092.png,"z540VroKEkNE_jAbIhfPBQ,37.762991,-122.398529,.jpg"
satellite_37.74518595622122_-122.41320724932227.png,"C3nooq02O_QxLjazcL6TVg,37.745256,-122.413412,.jpg"
satellite_37.759949216589916_-122.42109219668757.png,"0_SQqjIQ0x75Rqe45xz2AQ,37.760110,-122.421288,.jpg"
satellite_37.73665607245264_-122.43603209695866.png,"Q5NJ4_ibq_ep91-67jdkNg,37.736667,-122.435877,.jpg"
satellite_37.786195012800924_-122.40988727148424.png,"UoY7BfwyV73KM0Pz7flwLQ,37.786229,-122.409772,.jpg"
satellite_37.79013188223258_-122.39868234628092.png,"PTCvLZGpch1Yq5LkO5BqeQ,37.789980,-122.398524,.jpg"
satellite_37.741905231694844_-122.42358218006608.png,"1EbbnBoH9rnstMK0gkGYIQ,37.741857,-122.423561,.jpg"
satellite_37.782586215821915_-122.44433204155371.png,"ibPxzmIblBQ_folIe3q1Vg,37.782629,-122.444483,.jpg"
satellite_37.77700898412707_-122.41196225763301.png,"4QDHPHUOk_moQfQAEtsiFw,37.776897,-122.411906,.jpg"
satellite_37.784554650537736_-122.4190172105388.png,"kg1NA3l23B_HcJFHturreA,37.784591,-122.418910,.jpg"
satellite_37.78028970865345_-122.41943220776855.png,"Atp8cHMn6NDucqqBGNI4ug,37.780158,-122.419263,.jpg"
satellite_37.743873666410664_-122.42482717175534.png,"POGIcTTjjOyQjdWQXyiTfw,37.743822,-122.425033,.jpg"
satellite_37.76716681054794_-122.40532230195696.png,"z_JrfyNWuwPoQ2m6LNlIZg,37.767062,-122.405330,.jpg"
satellite_37.753715839989795_-122.44225705540495.png,"fyb3m4RtNooIfLOsMLZ5sQ,37.753735,-122.442402,.jpg"
satellite_37.753059695084524_-122.44350204709421.png,"we6vbMjPQEBbYwGZUJM9JQ,37.753060,-122.443597,.jpg"
satellite_37.78783537506411_-122.40075733242969.png,"6yZn6OkOS_6qwOlW2pj12w,37.787695,-122.400826,.jpg"
satellite_37.76847910035849_-122.40366231303796.png,"KzlFTDcLicMXUkEqaeeuuQ,37.768638,-122.403629,.jpg"
satellite_37.773728259600695_-122.42565716621485.png,"8o226OBF_qVVPg1OE-jPhw,37.773725,-122.425540,.jpg"
satellite_37.77996163620081_-122.39370237952389.png,"f_vDf_0B-VhSKqvGx6FwdQ,37.779824,-122.393858,.jpg"
satellite_37.759949216589916_-122.40988727148424.png,"PKBrMuPsa145QC72lQHHlA,37.760070,-122.409961,.jpg"
satellite_37.75765270942145_-122.44723702216199.png,"A0iVE_IeRg_IZM79C9iqCQ,37.757782,-122.447210,.jpg"
satellite_37.78061778110609_-122.42026220222806.png,"gLBbMyUma_R93oMyb61I6g,37.780529,-122.420366,.jpg"
satellite_37.73698414490528_-122.44059706648594.png,"kdLXujJyiU0BOnj2JtXW2A,37.737035,-122.440435,.jpg"
satellite_37.7389525796211_-122.43893707756693.png,"Uf541goqB_2HUOlSJ1y2MA,37.739058,-122.438918,.jpg"
satellite_37.76093343394783_-122.40698229087597.png,"AUQ3Gq6YM6LfW0VnsVc2iQ,37.761005,-122.407181,.jpg"
satellite_37.76913524526377_-122.43686209141816.png,"KnLGaCzGtgc3321SjV8btg,37.769038,-122.437057,.jpg"
satellite_37.77208789733751_-122.43852208033718.png,"lUPlD8AhYk03Bueq91oHRA,37.772094,-122.438361,.jpg"
satellite_37.75338776753716_-122.40739728810573.png,"OPzpmVA19bSF86r8mU-fVw,37.753523,-122.407356,.jpg"
satellite_37.75437198489507_-122.39287238506438.png,"leiAoR_Ib_ZTLwlw7_qpUg,37.754409,-122.392873,.jpg"
satellite_37.74879475320023_-122.42441217452559.png,"Nyp0qjeVPGMm532WG1A3TA,37.748681,-122.424398,.jpg"
satellite_37.77766512903235_-122.39204239060489.png,"4CWxKf4q5LDRZjR9qmaevA,37.777727,-122.392163,.jpg"
satellite_37.783570433179825_-122.44308704986446.png,"azbGcH-e38hGaVqSJPzKHg,37.783588,-122.442974,.jpg"
satellite_37.7894757373273_-122.42275218560657.png,"e43pe4ClngwT93ZbmmgfIQ,37.789599,-122.422580,.jpg"
satellite_37.765198375832114_-122.39743735459166.png,"fvIrTfgddI_y7zjWdYDrqA,37.765125,-122.397304,.jpg"
satellite_37.7389525796211_-122.39619236290241.png,"cKyVn2-O3QWN8YAhJD5FMw,37.738909,-122.396273,.jpg"
satellite_37.74879475320023_-122.4426720526347.png,"p6XeCNufmvfd8VbIwm9QAQ,37.748748,-122.442597,.jpg"
satellite_37.775040549411244_-122.4181872160793.png,"Rweis36YMJ659PxDUUbOFw,37.775091,-122.418015,.jpg"
satellite_37.73928065207374_-122.44640702770248.png,"3V23w7T5dRxstKv-97pdqw,37.739183,-122.446307,.jpg"
satellite_37.75863692677936_-122.40200232411894.png,"tYyME5HRGpYTaRdCDWFqGg,37.758780,-122.402034,.jpg"
satellite_37.754043912442434_-122.41611222993053.png,"fXqgBz5ev2RBnB4Y9FbjUg,37.754011,-122.416059,.jpg"
satellite_37.76749488300058_-122.40200232411894.png,"5GQ9ed-q8Fcbwozx2_BWaA,37.767449,-122.401900,.jpg"
satellite_37.77208789733751_-122.41860221330904.png,"dA-74v7MdFaVisxNhjlEAg,37.772250,-122.418523,.jpg"
satellite_37.74551402867385_-122.38996740445612.png,"5mZ_4oRlc0cQok8cn2-FgQ,37.745640,-122.389854,.jpg"
satellite_37.763229941116286_-122.4024173213487.png,"td1LLhzCsNkNCwR4ckQSlQ,37.763113,-122.402420,.jpg"
satellite_37.751419332821335_-122.44059706648594.png,"k4JhHO8QOzm-HdSJM35Ibw,37.751434,-122.440706,.jpg"
satellite_37.77635283922179_-122.40449230749746.png,"KuvV50paEpgUAjfauAdLXQ,37.776430,-122.404556,.jpg"
satellite_37.75765270942145_-122.40656729364622.png,"-EDjy0hfBIHQAQSGJOoTwA,37.757778,-122.406754,.jpg"
satellite_37.74682631848441_-122.3953623684429.png,"Wy21jpfpRrMRmD5F0tUAHw,37.746888,-122.395415,.jpg"
satellite_37.774712476958605_-122.43935207479669.png,"EYBQ-GCZ-KB9QfAl0k4XRQ,37.774565,-122.439432,.jpg"
satellite_37.76913524526377_-122.40158732688919.png,"ImdFrcedJXmlyTI1HP--nA,37.769209,-122.401775,.jpg"
satellite_37.76913524526377_-122.39577736567266.png,"YlHmb8r7jVBsUtRKYFUGUA,37.769264,-122.395643,.jpg"
satellite_37.77438440450597_-122.4426720526347.png,"g2jyncPwUvnLe1BoL_dlkw,37.774408,-122.442618,.jpg"
satellite_37.78717923015884_-122.41486723824127.png,"wtPEmuTQryyF6TOzpCDV5Q,37.787246,-122.414966,.jpg"
satellite_37.76651066564266_-122.42192219114708.png,"Cs8bj1K2mnOjPwiFt9G02g,37.766578,-122.421848,.jpg"
satellite_37.73796836226319_-122.43520210249916.png,"aU-_suML1vseFHbt8UI-Og,37.737900,-122.435175,.jpg"
satellite_37.74354559395803_-122.44225705540495.png,"W2Ju4jQnJ3Rm65III-0mPA,37.743558,-122.442376,.jpg"
satellite_37.7668387380953_-122.43271211912064.png,"9cWlRRPmvP04ZAbkAqxUJA,37.766703,-122.432870,.jpg"
satellite_37.77996163620081_-122.40366231303796.png,"pVrnP8aButAbME67a6fRrw,37.780009,-122.403726,.jpg"
satellite_37.781601998464_-122.44516203601322.png,"g8xMbNXIaw8W_h_D7VJlhA,37.781453,-122.445103,.jpg"
satellite_37.76913524526377_-122.44350204709421.png,"Rxi6LnxTkpxy5OfmDbjgwg,37.769280,-122.443423,.jpg"
satellite_37.75666849206354_-122.43769208587767.png,"uylo7q2INU9JPKci3M5-VA,37.756744,-122.437893,.jpg"
satellite_37.75929307168464_-122.44018206925618.png,"X9szxep41oVpy8GgMHlAtQ,37.759310,-122.440152,.jpg"
satellite_37.77930549129554_-122.40034233519994.png,"jGcgyuUGPn54RTps6ogamg,37.779259,-122.400431,.jpg"
satellite_37.78061778110609_-122.39992733797018.png,"9N3Hq2MHueaFQT6Iv7Kb5g,37.780594,-122.399994,.jpg"
satellite_37.783570433179825_-122.42316718283632.png,"hQR595mK0atPJrYigaNkTA,37.783557,-122.423250,.jpg"
satellite_37.7389525796211_-122.44101206371569.png,"9QHvfKmVsk0OiyOokr-8tA,37.738901,-122.441022,.jpg"
satellite_37.78028970865345_-122.4024173213487.png,"xIg477k0jDMRXMemfwAvsQ,37.780333,-122.402210,.jpg"
satellite_37.759949216589916_-122.42275218560657.png,"NdMbQ5kw3u0l0kAlqxGhrw,37.760033,-122.422561,.jpg"
satellite_37.74584210112649_-122.41777221884955.png,"IFJG7fC7ZYDsVOSVjGwN8Q,37.745953,-122.417828,.jpg"
satellite_37.773400187148056_-122.42109219668757.png,"lnoPccEN5fjm6xUfPCVvjg,37.773461,-122.421296,.jpg"
satellite_37.75929307168464_-122.44350204709421.png,"exz8mqrglu9EcuJToCqxmA,37.759356,-122.443529,.jpg"
satellite_37.781601998464_-122.44516203601322.png,"ltMwH4PSenvLxWYItxck0A,37.781501,-122.444984,.jpg"
satellite_37.73698414490528_-122.44723702216199.png,"uDjOvtcM9gLhB8-iow2yrw,37.737100,-122.447331,.jpg"
satellite_37.7789774188429_-122.4497270055405.png,"MnFCYvmjuh8m2XVxuYbjlA,37.778869,-122.449717,.jpg"
satellite_37.782586215821915_-122.41611222993053.png,"QCJar2yrJQXMJe0AcJsSZg,37.782545,-122.416110,.jpg"
satellite_37.75830885432673_-122.41154726040325.png,"dTG4RhoABjHjT8LqtTemUQ,37.758163,-122.411506,.jpg"
satellite_37.77930549129554_-122.44059706648594.png,"AUY80YP8MXeWeKIiUkCC6A,37.779427,-122.440482,.jpg"
satellite_37.76585452073739_-122.39411737675364.png,"d08INtJR7IgzgC5C4MsbNQ,37.765737,-122.394087,.jpg"
satellite_37.73796836226319_-122.42482717175534.png,"Kw1MJ6cFT8Z_MUPwCxkmrQ,37.737916,-122.424885,.jpg"
satellite_37.77602476676916_-122.38996740445612.png,"r_99_hhMllDzpBZ3amR8mQ,37.776182,-122.389929,.jpg"
satellite_37.73796836226319_-122.4111322631735.png,"Eit7nbsRc1Cid8S8bVcknA,37.737891,-122.410951,.jpg"
satellite_37.762901868663654_-122.40822728256524.png,"s3uF7Sl-MEDwWztMcaKIbA,37.763020,-122.408325,.jpg"
satellite_37.75765270942145_-122.40864227979499.png,"6sy3ZePP0l-ShqfjxgbROw,37.757675,-122.408770,.jpg"
satellite_37.741249086789566_-122.43105213020164.png,"n2LO44NR0xIE3om070s3UA,37.741129,-122.430845,.jpg"
satellite_37.751419332821335_-122.4173572216198.png,"5Ip5q_WnflvstH9DWFRsfA,37.751472,-122.417318,.jpg"
satellite_37.771103679979596_-122.42109219668757.png,"YLH3wIqhXkhMzsFwLFLQDw,37.771149,-122.421063,.jpg"
satellite_37.76454223092684_-122.40739728810573.png,"XNxVVSnNjqohB2zT5D0nhw,37.764537,-122.407216,.jpg"
satellite_37.74912282565287_-122.4032473158082.png,"LWZdBiYCqzyiRjEKSzZuaA,37.749270,-122.403308,.jpg"
satellite_37.765198375832114_-122.44308704986446.png,"KWU6NSI92PtLiduEGl799w,37.765167,-122.443275,.jpg"
satellite_37.75470005734771_-122.42814714959336.png,"6KwyIVZ-JAtHUhV4HD_JGA,37.754850,-122.428154,.jpg"
satellite_37.763229941116286_-122.42648716067436.png,"41eoGX-FGPDmeItC_rXFdg,37.763329,-122.426370,.jpg"
satellite_37.78586694034829_-122.42731715513385.png,"4cgiqrCaGfMhhdC2WcwOwg,37.785858,-122.427473,.jpg"
satellite_37.753715839989795_-122.42192219114708.png,"jH2phGZmHatS3vBOGxukBw,37.753658,-122.421898,.jpg"
satellite_37.74912282565287_-122.43271211912064.png,"3NZBAqOUTSLdEt5tp6pZ8A,37.748977,-122.432916,.jpg"
satellite_37.77011946262168_-122.40034233519994.png,"-fyBdNtbAaSNJc-eX9PtLg,37.770222,-122.400436,.jpg"
satellite_37.73698414490528_-122.41611222993053.png,"QnS5hVxJqTmIa7TcAPDdOg,37.736990,-122.416007,.jpg"
satellite_37.7563404196109_-122.39577736567266.png,"IQgoslgvQ7OogWrhmnwGLw,37.756339,-122.395671,.jpg"
satellite_37.739936796979016_-122.4418420581752.png,"kTTaN5BFLCEiA7nKon4K3A,37.739933,-122.441892,.jpg"
satellite_37.74977897055815_-122.44682202493223.png,"X51zMcQHDMy3qFUvGoAdCQ,37.749901,-122.446789,.jpg"
satellite_37.762901868663654_-122.41611222993053.png,"DCcPh1pPAI3gWbTgiffFoA,37.762990,-122.416210,.jpg"
satellite_37.77864934639026_-122.3945323739834.png,"S6A_E1xh6LEUTLxlUfQdfA,37.778749,-122.394442,.jpg"
satellite_37.78553886789565_-122.40532230195696.png,"QiFBoLVjKvWHRXt-j7EXcQ,37.785528,-122.405471,.jpg"
satellite_37.785210795443014_-122.41445224101152.png,"4OJ5DUYsqmRizMPe2ca00g,37.785316,-122.414583,.jpg"
satellite_37.773728259600695_-122.39121239614538.png,"TdRa0hovD0H2nDF4frqGxA,37.773662,-122.391030,.jpg"
satellite_37.77766512903235_-122.44723702216199.png,"wQgttyDd2Pv5_R36ne54pA,37.777675,-122.447107,.jpg"
satellite_37.78127392601136_-122.38955240722636.png,"zLZ06QSImO6ie6ShYvetQA,37.781288,-122.389740,.jpg"
satellite_37.79013188223258_-122.42316718283632.png,"Y5BiOgSNajFLP1CN6xDIpA,37.790295,-122.423229,.jpg"
satellite_37.7389525796211_-122.44599203047272.png,"1le_rHvN0KRbf6nlRMs2Kg,37.739008,-122.445996,.jpg"
satellite_37.782586215821915_-122.3953623684429.png,"ctWWk2Or4f8YTHpG08JgjA,37.782726,-122.395520,.jpg"
satellite_37.76191765130574_-122.41943220776855.png,"N9stYmNYQXOv1Vhx-4dgUg,37.761777,-122.419346,.jpg"
satellite_37.79045995468522_-122.42275218560657.png,"YeYhFx133bw_i-myDibBoQ,37.790331,-122.422875,.jpg"
satellite_37.752075477726606_-122.40822728256524.png,"hpHIdtWyQbbQZlVQ0l0i9A,37.752170,-122.408146,.jpg"
satellite_37.76552644828475_-122.41320724932227.png,"NNwo2ocs2lZ86Tj16wz2lg,37.765366,-122.413202,.jpg"
satellite_37.763229941116286_-122.40615229641647.png,"z9_M427kORFdboxR506dpA,37.763273,-122.406275,.jpg"
satellite_37.74977897055815_-122.44350204709421.png,"uVh_-tfx7-TwQfsZqQaqgw,37.749874,-122.443417,.jpg"
satellite_37.76191765130574_-122.43105213020164.png,"8wDmWSRLFx3ZSfBpWBNbJA,37.761933,-122.431038,.jpg"
satellite_37.741249086789566_-122.4426720526347.png,"aP8tr9L8GnIWnitDsVLx2w,37.741258,-122.442656,.jpg"
satellite_37.740264869431655_-122.44848201385123.png,"kArsMkMMptwB4nnick01iQ,37.740228,-122.448525,.jpg"
satellite_37.76913524526377_-122.41694222439004.png,"a1nfwDtyenuR2HdrAguaEQ,37.769267,-122.416791,.jpg"
satellite_37.77930549129554_-122.44225705540495.png,"-C0Mbmh7MxvBo-51B773Wg,37.779319,-122.442215,.jpg"
satellite_37.74518595622122_-122.39785235182141.png,"x3oLwh6VahNOBWJY7_9hMQ,37.745314,-122.397653,.jpg"
satellite_37.774712476958605_-122.43188212466113.png,"_1g47EhtYCqYOb-QeDiCwQ,37.774760,-122.431985,.jpg"
satellite_37.743873666410664_-122.45014200277025.png,"RQ1n4M_5dBUBSWGma9N3nQ,37.743837,-122.450072,.jpg"
satellite_37.77963356374817_-122.42192219114708.png,"h3kX-s_v2L4expo6zlW5yw,37.779659,-122.421841,.jpg"
satellite_37.78193007091664_-122.39660736013217.png,"VZ4y1wwmVP5q2r-5Lkjv5w,37.782044,-122.396755,.jpg"
satellite_37.75076318791606_-122.40034233519994.png,"TfCl5WvFydtRaK1t633mZA,37.750826,-122.400242,.jpg"
satellite_37.7668387380953_-122.39245738783463.png,"OcV5wDIBauH5EU6Eq2ix0g,37.766786,-122.392436,.jpg"
satellite_37.77635283922179_-122.4032473158082.png,"OIqaKh_cigE-LpRJIG9ytQ,37.776453,-122.403112,.jpg"
satellite_37.79045995468522_-122.39660736013217.png,"lcZT0kIJ2QBmRhfSX3EA6A,37.790427,-122.396739,.jpg"
satellite_37.78881959242203_-122.4480670166215.png,"XJ_dyGl5JeBO39ZePNTVTw,37.788929,-122.448253,.jpg"
satellite_37.75798078187409_-122.41777221884955.png,"krBEyLHrcUxXSwKwtEMaLw,37.757968,-122.417939,.jpg"
satellite_37.784882722990375_-122.43810708310743.png,"b48rOu4X9kX9wzMRWqq4tA,37.784779,-122.438068,.jpg"
satellite_37.742233304147476_-122.40366231303796.png,"s2b7MLiJE_vVVYGObwfc9g,37.742243,-122.403772,.jpg"
satellite_37.77668091167443_-122.4497270055405.png,"YYZmIIz6oNjjAvF557UOIw,37.776745,-122.449920,.jpg"
satellite_37.73928065207374_-122.3945323739834.png,"RGUNgxr_vHl4LVcDZc1lNQ,37.739230,-122.394728,.jpg"
satellite_37.75798078187409_-122.39992733797018.png,"nVfnNuF9qlyxMNhX64hunw,37.757927,-122.399985,.jpg"
satellite_37.784882722990375_-122.39577736567266.png,"-2WVGlmBo4wyRCpvrqHIkg,37.784891,-122.395972,.jpg"
satellite_37.77438440450597_-122.40905727702474.png,"ZDI4RRsBKeyIYQF5LFEgQQ,37.774221,-122.409141,.jpg"
satellite_37.752731622631885_-122.44225705540495.png,"lH9Z9mtB9cRvSXlUAFB5XA,37.752750,-122.442348,.jpg"
satellite_37.741905231694844_-122.44350204709421.png,"3IQpFU9ORPf0wd2uHChoEQ,37.741815,-122.443667,.jpg"
satellite_37.742561376600115_-122.42109219668757.png,"Nr90JIT0UYVROhIL3v4HkA,37.742644,-122.421234,.jpg"
satellite_37.77143175243223_-122.40200232411894.png,"lLjeea7iipH-o9ja-cSVzA,37.771501,-122.402056,.jpg"
satellite_37.75338776753716_-122.44142706094544.png,"P2wpFyuEIBetIvpnk_AH0w,37.753281,-122.441321,.jpg"
satellite_37.742889449052754_-122.44350204709421.png,"Mfqswzba9hKpYli9uooEZA,37.742918,-122.443345,.jpg"
satellite_37.75437198489507_-122.43810708310743.png,"ghkTpdNjnWsBSuBmVHxKyA,37.754270,-122.438078,.jpg"
satellite_37.75798078187409_-122.41569723270078.png,"TmxBE1MFVZzT-M5-11AIUA,37.757862,-122.415718,.jpg"
satellite_37.76979139016904_-122.42648716067436.png,"Tty8PIPy_0d-oqox_J99Cw,37.769649,-122.426503,.jpg"
satellite_37.78881959242203_-122.42441217452559.png,"X5Z9bFcPfqi5pZHD2CMHeg,37.788669,-122.424300,.jpg"
satellite_37.785210795443014_-122.39328738229413.png,"6o0AA6Le-O5WLtfZi-bPMg,37.785149,-122.393202,.jpg"
satellite_37.761261506400466_-122.42897714405287.png,"4uG6-yGU6mWN96B3ekIC_w,37.761295,-122.428778,.jpg"
satellite_37.7389525796211_-122.4339571108099.png,"GTmuAkCUiP4l76oYXYP_xg,37.738814,-122.434076,.jpg"
satellite_37.77930549129554_-122.44018206925618.png,"bxtme3X8YW0VMbZRxB00sw,37.779453,-122.440254,.jpg"
satellite_37.740264869431655_-122.44142706094544.png,"oddknkCafB11_wB1iZo5VA,37.740261,-122.441435,.jpg"
satellite_37.75732463696881_-122.42316718283632.png,"tT4eN6mVuWG7sy1LuMZZdg,37.757454,-122.423363,.jpg"
satellite_37.76913524526377_-122.43437210803965.png,"Jr-igvWEI24sbu68hLW8jw,37.769118,-122.434435,.jpg"
satellite_37.774712476958605_-122.39992733797018.png,"VchPFQyfD8lW6_arPhuWGA,37.774600,-122.399778,.jpg"
satellite_37.75732463696881_-122.41403724378176.png,"A35WmwunfHYGIbK6XUubQg,37.757340,-122.413856,.jpg"
satellite_37.76027728904255_-122.39121239614538.png,"AHwWd8Kt3xL9QPvQ-jaxxg,37.760316,-122.391116,.jpg"
satellite_37.759949216589916_-122.3953623684429.png,"wsQgxqAiyou5L-LfFp7iSg,37.759927,-122.395334,.jpg"
satellite_37.75929307168464_-122.41569723270078.png,"vAhtUcdUDvm4kv28wq4R2g,37.759416,-122.415867,.jpg"
satellite_37.73731221735791_-122.44059706648594.png,"MZVsR9txy--B2CIu-2Q61g,37.737187,-122.440528,.jpg"
satellite_37.77864934639026_-122.39992733797018.png,"QT1rkBeuEMA7SzeMBXfF_Q,37.778808,-122.400125,.jpg"
satellite_37.781601998464_-122.40283231857845.png,"d-97wf3X8wKzqHR03m3drw,37.781561,-122.402865,.jpg"
satellite_37.77175982488487_-122.44889701108099.png,"WLiMFa0z9GhsSJd967jpfw,37.771633,-122.448912,.jpg"
satellite_37.76191765130574_-122.39370237952389.png,"5olZ8UZMReYSck0OLVSPLA,37.761869,-122.393567,.jpg"
satellite_37.743873666410664_-122.38996740445612.png,"xJVHMZUtQgpvuK0OS5A2Jw,37.743721,-122.389828,.jpg"
satellite_37.7563404196109_-122.38996740445612.png,"fu6g04LKddOnITXU5LmapQ,37.756257,-122.390136,.jpg"
satellite_37.78783537506411_-122.4356170997289.png,"3vVi497wJ4HsLdYeQDoSmw,37.787738,-122.435627,.jpg"
satellite_37.79045995468522_-122.44433204155371.png,"ZSgryxtzeiCuC2o6rqJTZQ,37.790437,-122.444328,.jpg"
satellite_37.74321752150539_-122.39951234074043.png,"8EMecKc_Zw-MrFzaucPSaA,37.743304,-122.399455,.jpg"
satellite_37.786195012800924_-122.40200232411894.png,"XccVEjySR2iCSVSgthZzkw,37.786170,-122.401896,.jpg"
satellite_37.74912282565287_-122.42482717175534.png,"E_sc9UD2RDWzp0XamqzBbg,37.749005,-122.424991,.jpg"
satellite_37.76782295545322_-122.43935207479669.png,"q1XAIT8SB_zOUDLMDO3fNQ,37.767906,-122.439311,.jpg"
satellite_37.75470005734771_-122.41528223547103.png,"3yuk_NBSRYQ7GjzloL1Ntg,37.754623,-122.415410,.jpg"
satellite_37.74879475320023_-122.44433204155371.png,"sGR-qe1uLTTtyO8YW5vOPw,37.748927,-122.444530,.jpg"
satellite_37.74649824603177_-122.44765201939174.png,"64uYBimitXnhm_Lit1sLJg,37.746583,-122.447542,.jpg"
satellite_37.77307211469542_-122.44640702770248.png,"VdCBD-Lscmft6Ca2rrxZlg,37.772952,-122.446382,.jpg"
satellite_37.7615895788531_-122.41030226871399.png,"Huq4xMW8N37I6rUKrjGS7A,37.761672,-122.410156,.jpg"
satellite_37.7484666807476_-122.40656729364622.png,"RhCORVZd3Gcpn1-zetMm0w,37.748365,-122.406571,.jpg"
satellite_37.784554650537736_-122.39785235182141.png,"__zZxyUHz9Ip3MmXF2tY6Q,37.784604,-122.397970,.jpg"
satellite_37.78291428827455_-122.44599203047272.png,"VNKWflehltSlcKRudm_tOQ,37.783041,-122.445979,.jpg"
satellite_37.78849151996939_-122.43727708864792.png,"agxSGTiY49i3qAukBk3yLQ,37.788349,-122.437100,.jpg"
satellite_37.75962114413728_-122.42150719391732.png,"GgfBkzhzUuCdb2n2TJ02Lg,37.759524,-122.421440,.jpg"
satellite_37.752403550179245_-122.39370237952389.png,"FtnTHeRlNsiKFFNM7SGYSA,37.752478,-122.393607,.jpg"
satellite_37.75732463696881_-122.4269021579041.png,"3rRxwoMyoREfpLWK8uqsww,37.757361,-122.426904,.jpg"
satellite_37.77602476676916_-122.40366231303796.png,"44sWqHqL-gMPCTCvsvaxug,37.776023,-122.403618,.jpg"
satellite_37.773728259600695_-122.43437210803965.png,"328at3sYPCRJps-0taq-KQ,37.773757,-122.434191,.jpg"
satellite_37.76979139016904_-122.39951234074043.png,"RgdMOhiNTYFllKlnZIOZUA,37.769955,-122.399400,.jpg"
satellite_37.742889449052754_-122.41030226871399.png,"B9KDdKFJDjueJsDq03Limg,37.742747,-122.410101,.jpg"
satellite_37.74945089810551_-122.44516203601322.png,"-BPoTvWV0l0ExWTKGbkQhg,37.749307,-122.445206,.jpg"
satellite_37.75535620225298_-122.44640702770248.png,"wWmUwey44_ugnXfOykwr-Q,37.755423,-122.446326,.jpg"
satellite_37.76880717281113_-122.41777221884955.png,"g5QELd1WhB6hJ3y9QmI_Dg,37.768833,-122.417878,.jpg"
satellite_37.75863692677936_-122.44848201385123.png,"vzGHCGHmoDybmZl9QaKCBQ,37.758606,-122.448523,.jpg"
satellite_37.73862450716847_-122.40490730472722.png,"xKPKHeW0_CzSlsj8txoQCA,37.738587,-122.405008,.jpg"
satellite_37.771103679979596_-122.4173572216198.png,"tALkmgDGqNCg37ooAQzLcQ,37.770968,-122.417442,.jpg"
satellite_37.75535620225298_-122.42441217452559.png,"8Td50SLgBZwjBKMEQEFI9g,37.755384,-122.424339,.jpg"
satellite_37.7615895788531_-122.44931200831074.png,"9pfSNJSH6ynunbpkBmaYqg,37.761681,-122.449142,.jpg"
satellite_37.784554650537736_-122.4198472049983.png,"Wkpi6EUc8j8PfGK8l4261A,37.784477,-122.419816,.jpg"
satellite_37.75699656451617_-122.42980713851237.png,"F-hYkRJL6SSCv0bBIWUNKw,37.757156,-122.429934,.jpg"
satellite_37.78094585355873_-122.44889701108099.png,"9cYskJlyZFuYHBNdRKP66Q,37.780905,-122.449000,.jpg"
satellite_37.78881959242203_-122.3953623684429.png,"FtjREqnRdFD8zrwDHodkwg,37.788943,-122.395509,.jpg"
satellite_37.761261506400466_-122.44225705540495.png,"sJDayZZT87VLJorLdWShPg,37.761108,-122.442106,.jpg"
satellite_37.76552644828475_-122.4356170997289.png,"TErGrPQoNtLqVdfxHcfHXg,37.765404,-122.435446,.jpg"
satellite_37.75535620225298_-122.4024173213487.png,"iRXlQ0-U11sOVKyUZplaig,37.755202,-122.402615,.jpg"
satellite_37.763558013568925_-122.43520210249916.png,"jSAuESVMYcR4FXz-oz_CKw,37.763487,-122.435383,.jpg"
satellite_37.77175982488487_-122.43354211358015.png,"1aiEX33gbL1VpnXNZimC5g,37.771748,-122.433461,.jpg"
satellite_37.74551402867385_-122.42358218006608.png,"AgtfrFIPwvn0HsohaNzbUw,37.745515,-122.423402,.jpg"
satellite_37.759949216589916_-122.41486723824127.png,"NKrfOTbewkZwqtapeGtljQ,37.760079,-122.414856,.jpg"
satellite_37.76060536149519_-122.44350204709421.png,"7VxkwDIA_vlLa7XhsWSySw,37.760520,-122.443501,.jpg"
satellite_37.76782295545322_-122.39370237952389.png,"fnx_m5KceFYmLJ8IruI3Ow,37.767754,-122.393909,.jpg"
satellite_37.77996163620081_-122.42939214128262.png,"p0d4qvJOvvK_v5Zv-N9zmA,37.779901,-122.429187,.jpg"
satellite_37.77996163620081_-122.41237725486276.png,"R0-lN3yrUSrTYIklSUBdgg,37.779822,-122.412173,.jpg"
satellite_37.77799320148498_-122.4198472049983.png,"0ZREl1-HNlUoihlsPgg-6w,37.778004,-122.419740,.jpg"
satellite_37.75535620225298_-122.4032473158082.png,"IUCASUz66SM7j6KOVNn8_Q,37.755497,-122.403226,.jpg"
satellite_37.76060536149519_-122.42358218006608.png,"n86seHX2uxt0-Fozy3t3Pw,37.760618,-122.423665,.jpg"
satellite_37.761261506400466_-122.42026220222806.png,"nfck5aIzuHifR7IRvvDgGQ,37.761334,-122.420093,.jpg"
satellite_37.761261506400466_-122.44433204155371.png,"d3xZnULLajOuC14C4BmEMA,37.761144,-122.444231,.jpg"
satellite_37.7668387380953_-122.40739728810573.png,"NJ8O9brnLb_QsSlR-tHlXw,37.766814,-122.407604,.jpg"
satellite_37.762573796211015_-122.43063713297188.png,"tR8pfo0x98w6kcNkjKAuzg,37.762704,-122.430728,.jpg"
satellite_37.76847910035849_-122.40822728256524.png,"LJaCL1GkaBI1GmXc3HpEaw,37.768361,-122.408336,.jpg"
satellite_37.74879475320023_-122.42067719945781.png,"847I0Tx-9y1niqmoShs2LQ,37.748937,-122.420864,.jpg"
satellite_37.76093343394783_-122.43727708864792.png,"zVsv8raeiApKyXW-ShwSGQ,37.761075,-122.437256,.jpg"
satellite_37.76979139016904_-122.40573729918671.png,"1Ask1V7LYEncsPjUWRxPNg,37.769786,-122.405630,.jpg"
satellite_37.751419332821335_-122.4032473158082.png,"gl1TgiunqFBzT4NXZqInTQ,37.751392,-122.403374,.jpg"
satellite_37.77438440450597_-122.4277321523636.png,"LoTiFpyHw11MIF_JpV5BJg,37.774368,-122.427809,.jpg"
satellite_37.79013188223258_-122.41652722716029.png,"W8o8VSTtzND4lXUXJDfiXQ,37.790152,-122.416472,.jpg"
satellite_37.78652308525356_-122.43146712743138.png,"-ppujk2MpHgdcX86QJCjsA,37.786615,-122.431557,.jpg"
satellite_37.77930549129554_-122.40407731026771.png,"JKYuXuq04CoLSYhDzB75vA,37.779269,-122.404221,.jpg"
satellite_37.752731622631885_-122.42648716067436.png,"srSh8Em9ypVYsXiKMhuKHQ,37.752783,-122.426452,.jpg"
satellite_37.765198375832114_-122.3945323739834.png,"gN-pmgeXaGSypmEf_-CUjg,37.765287,-122.394732,.jpg"
satellite_37.78127392601136_-122.40615229641647.png,"Ca5xYuoJsbkYLkwbZElcQw,37.781144,-122.406056,.jpg"
satellite_37.77864934639026_-122.40698229087597.png,"Sn0iDeD0JAur4vPca-Ue0Q,37.778760,-122.407006,.jpg"
satellite_37.742561376600115_-122.43188212466113.png,"QUwjR3H-3uc4ROYb9MfY2Q,37.742585,-122.431962,.jpg"
satellite_37.73862450716847_-122.41196225763301.png,"5QIdWvvj5s7Jr_AluxPH5Q,37.738559,-122.412120,.jpg"
satellite_37.75699656451617_-122.43105213020164.png,"CWQvAjR3Lou7JRgZvLOo2A,37.757139,-122.430870,.jpg"
satellite_37.74551402867385_-122.43478710526941.png,"cOOzP6ilQpU39PP928yOIA,37.745600,-122.434884,.jpg"
satellite_37.76913524526377_-122.43188212466113.png,"EISjAa7mR4EwMgx2qqE39A,37.769275,-122.431840,.jpg"
satellite_37.762573796211015_-122.44391704432397.png,"d-Gjoed3-DWrbI5gu4b0FQ,37.762650,-122.443939,.jpg"
satellite_37.783570433179825_-122.43727708864792.png,"XeFZIlMyMJ54F8dPQWucyQ,37.783692,-122.437275,.jpg"
satellite_37.76815102790585_-122.40407731026771.png,"OmZiuA3IFqU3UjI8hUSO-A,37.767998,-122.403881,.jpg"
satellite_37.76880717281113_-122.39785235182141.png,"TGKHcTyt2MJVJOzaj9w5zw,37.768724,-122.397735,.jpg"
satellite_37.76946331771641_-122.41071726594375.png,"Au4hQbfwqxSkLK_iJ8aqVA,37.769595,-122.410671,.jpg"
satellite_37.74813860829496_-122.42275218560657.png,"8_oR-7cnsTcRjSWUvi-fWA,37.747995,-122.422928,.jpg"
satellite_37.79013188223258_-122.40698229087597.png,"bSd6B78W8mb8taEdVCBoRw,37.789989,-122.407061,.jpg"
satellite_37.77044753507432_-122.39204239060489.png,"otjkp4J-raI0KnYu9J8l5Q,37.770546,-122.392038,.jpg"
satellite_37.784554650537736_-122.42233718837683.png,"A5MCX1TyC_knFx48pmIGGA,37.784638,-122.422253,.jpg"
satellite_37.772415969790146_-122.4024173213487.png,"iYlrWWop5nRMjGbirps9_A,37.772481,-122.402431,.jpg"
satellite_37.77044753507432_-122.39204239060489.png,"3rOyHqIfo1ca54QAJWPXfw,37.770556,-122.391861,.jpg"
satellite_37.772744042242785_-122.43437210803965.png,"boAULULnJU96pS3Mo94Fdw,37.772618,-122.434167,.jpg"
satellite_37.77799320148498_-122.44433204155371.png,"Cq957rwHfy2XhvlTra69Pg,37.777988,-122.444303,.jpg"
satellite_37.73665607245264_-122.40573729918671.png,"2tSJfvsU6qPjp8Dh-79kHg,37.736819,-122.405785,.jpg"
satellite_37.73698414490528_-122.40698229087597.png,"szbUho5Nqao69uNiancqbg,37.737030,-122.406866,.jpg"
satellite_37.7642141584742_-122.39079739891562.png,"Wkj_t8OLet1I3iHkwgBNCA,37.764086,-122.390856,.jpg"
satellite_37.751747405273974_-122.44350204709421.png,"U4CzW8nddJ3Imd_eJqVXBQ,37.751725,-122.443611,.jpg"
satellite_37.773400187148056_-122.42150719391732.png,"y_QJQgGr5D9ZlZPaUC5I8w,37.773554,-122.421484,.jpg"
satellite_37.784882722990375_-122.42026220222806.png,"YNevP03TzrI_7wI0jKbNhw,37.784910,-122.420209,.jpg"
satellite_37.73796836226319_-122.43022213574213.png,"f5WXhuIXg3lCnAtu_BtWjg,37.737841,-122.430056,.jpg"
satellite_37.77733705657971_-122.39992733797018.png,"-LCb9bbXGzS32vLUFhvlpQ,37.777444,-122.399781,.jpg"
satellite_37.73928065207374_-122.41777221884955.png,"p0vKTsdkAq9LIShIpelPOw,37.739349,-122.417764,.jpg"
satellite_37.77536862186388_-122.39245738783463.png,"4eu_HGa1V_dDFPuhVCskwg,37.775272,-122.392636,.jpg"
satellite_37.771103679979596_-122.44225705540495.png,"GLY1yKmjKZPmqS7mXOGAkA,37.771247,-122.442135,.jpg"
satellite_37.762573796211015_-122.39370237952389.png,"NQmpGMh3Kqe3oVryw7eDkA,37.762505,-122.393623,.jpg"
satellite_37.76815102790585_-122.39660736013217.png,"rJ18Xx0ynJuHNpgmuauybQ,37.768008,-122.396787,.jpg"
satellite_37.742561376600115_-122.44018206925618.png,"BDo8Vwip6e6YXBGsmln1ig,37.742492,-122.440111,.jpg"
satellite_37.77044753507432_-122.40864227979499.png,"vK-syUINsDOcnAKQoeUTOg,37.770393,-122.408708,.jpg"
satellite_37.78028970865345_-122.4426720526347.png,"s3X0-jEk9POpbfvYHS95wQ,37.780172,-122.442662,.jpg"
satellite_37.77996163620081_-122.39909734351068.png,"9ZCI2xto7H6lqiOnxqXMqQ,37.779962,-122.399250,.jpg"
satellite_37.78783537506411_-122.38996740445612.png,"XvUKYkG_EY8tf-utnapEjw,37.787917,-122.389943,.jpg"
satellite_37.78849151996939_-122.43312711635039.png,"fnCQvjIFHyFcGJ4F_ugyIw,37.788594,-122.432946,.jpg"
satellite_37.7642141584742_-122.42399717729583.png,"yiGQztV0bABRRN76T0GFHw,37.764246,-122.424139,.jpg"
satellite_37.77635283922179_-122.4418420581752.png,"YWV504HQl3I0EuBJKW1Cug,37.776444,-122.441648,.jpg"
satellite_37.75732463696881_-122.42731715513385.png,"oGdP2VaGUwBvnikFLpXhrQ,37.757329,-122.427438,.jpg"
satellite_37.74945089810551_-122.41860221330904.png,"u_5IB4m8kDmdz-1jChvNZA,37.749376,-122.418770,.jpg"
satellite_37.7789774188429_-122.42814714959336.png,"2NjYAOdI2OuDuDhIoPhWog,37.779133,-122.428037,.jpg"
satellite_37.75798078187409_-122.40075733242969.png,"4UiPkndQqunskB3z1pabpA,37.757855,-122.400956,.jpg"
satellite_37.7642141584742_-122.39660736013217.png,"TTks7-VUCoqHnO9twmHGfw,37.764365,-122.396729,.jpg"
satellite_37.783898505632465_-122.43437210803965.png,"Fg851IyjfaBjPYL0AAroRw,37.784046,-122.434306,.jpg"
satellite_37.782586215821915_-122.40988727148424.png,"Pb6utkSLcpCMsrdXv7lKew,37.782517,-122.410081,.jpg"
satellite_37.758964999232_-122.40864227979499.png,"Bcuo94vzXOtu5aElgtRZHg,37.759051,-122.408803,.jpg"
satellite_37.75798078187409_-122.40781228533548.png,"_DRS-cCj4nw9QqcgsnTLKA,37.758119,-122.407819,.jpg"
satellite_37.78717923015884_-122.43935207479669.png,"Z11TLRONoCKfXETHzNpuEg,37.787248,-122.439469,.jpg"
satellite_37.75535620225298_-122.44433204155371.png,"yU1Qvj0fpD2TbVVKwnw_HA,37.755413,-122.444228,.jpg"
satellite_37.76782295545322_-122.40283231857845.png,"IZ0lDNq4w8uWPBf1q9e4Og,37.767894,-122.402858,.jpg"
satellite_37.76651066564266_-122.43478710526941.png,"mNsB6UoYSKUfVece7Jyo_w,37.766588,-122.434684,.jpg"
satellite_37.75962114413728_-122.40615229641647.png,"hnwDNGfUW4gpchavhgkxqA,37.759622,-122.406295,.jpg"
satellite_37.77799320148498_-122.41362224655202.png,"TpkvqmD_ifb_7_rE1Ml1Gw,37.777832,-122.413546,.jpg"
satellite_37.75043511546342_-122.42150719391732.png,"JKEwelEAulRx3xi_QfJbCQ,37.750449,-122.421583,.jpg"
satellite_37.77077560752696_-122.40573729918671.png,"aJKkb_nQ6GfBZHST50Eskw,37.770802,-122.405738,.jpg"
satellite_37.76749488300058_-122.40366231303796.png,"3jDQFjPD1LoPfSFVK0ZP7A,37.767347,-122.403818,.jpg"
satellite_37.75765270942145_-122.42233718837683.png,"Ep7GMilqbUl6hWVauTMJ1A,37.757637,-122.422544,.jpg"
satellite_37.752075477726606_-122.42399717729583.png,"qzMBGdjoTTi_p6QbCMLI8Q,37.751943,-122.423815,.jpg"
satellite_37.773728259600695_-122.39785235182141.png,"wFzZcEnSgO7rAXpl30xn3Q,37.773616,-122.397703,.jpg"
satellite_37.74912282565287_-122.41528223547103.png,"ghZn_xT0s0wNNhdvNztu8A,37.749223,-122.415086,.jpg"
satellite_37.781601998464_-122.39992733797018.png,"D7q1ZgZafbC_Q8pWopp2mg,37.781558,-122.399816,.jpg"
satellite_37.75666849206354_-122.44225705540495.png,"4Y9ZvGIonAd3ervcRSLLkg,37.756584,-122.442070,.jpg"
satellite_37.75470005734771_-122.40490730472722.png,"osPEPucoL0T1_gbTF0lIdw,37.754770,-122.405096,.jpg"
satellite_37.775040549411244_-122.4198472049983.png,"du98-IgkqRy9alUbYIwGDw,37.774913,-122.419677,.jpg"
satellite_37.77832127393762_-122.39951234074043.png,"AptqZvWvB89GqpjBZccYjA,37.778463,-122.399452,.jpg"
satellite_37.75437198489507_-122.42441217452559.png,"x0VMexXiJ_qOra4ckpbRCQ,37.754529,-122.424263,.jpg"
satellite_37.78881959242203_-122.41071726594375.png,"pohsTqBmZN2u_5rQMgHfjA,37.788982,-122.410634,.jpg"
satellite_37.74452981131594_-122.40615229641647.png,"q09qtCHEJa5MfEYb_eIq_g,37.744603,-122.406119,.jpg"
satellite_37.742889449052754_-122.4260721634446.png,"oM1-4W5h7effFMpQfCoCaQ,37.742942,-122.425924,.jpg"
satellite_37.75043511546342_-122.44391704432397.png,"rTVWGmLAcB5ihDpnfw4_Jg,37.750476,-122.443972,.jpg"
satellite_37.73731221735791_-122.42316718283632.png,"ZTTVOUKSkGLEy-oqSjvRcg,37.737390,-122.423094,.jpg"
satellite_37.754043912442434_-122.43105213020164.png,"gAA1OF1bcknKaA-e9uYj7g,37.753888,-122.431119,.jpg"
satellite_37.758964999232_-122.44433204155371.png,"8ZBR7x3QdR03HFU6lkdo1A,37.758867,-122.444132,.jpg"
satellite_37.7442017388633_-122.44599203047272.png,"lIyPb1doaxj--g-n3laryg,37.744241,-122.446069,.jpg"
satellite_37.782586215821915_-122.39079739891562.png,"lZHodavNSMKkAPlJHSWkXg,37.782708,-122.390985,.jpg"
satellite_37.763558013568925_-122.4497270055405.png,"85LzqYxxg585Bwiqs0sPMQ,37.763497,-122.449535,.jpg"
satellite_37.76191765130574_-122.43686209141816.png,"AJRTqj3MqDEaMtoh90IyQw,37.761938,-122.437062,.jpg"
satellite_37.752075477726606_-122.42731715513385.png,"od-ZCayDZASjPnnFPHJbtQ,37.752130,-122.427464,.jpg"
satellite_37.763558013568925_-122.39328738229413.png,"fGlbCK7tWWg-jJkiWUtOWg,37.763691,-122.393135,.jpg"
satellite_37.752403550179245_-122.44474703878346.png,"hMqqb2meYUl6-T0NNPh0tg,37.752270,-122.444611,.jpg"
satellite_37.75568427470562_-122.4173572216198.png,"yGUB6vM_4YiaQFp-c7spdg,37.755524,-122.417302,.jpg"
satellite_37.73829643471583_-122.39826734905117.png,"YTfW5ia6kL1vlgT-6vRQCA,37.738318,-122.398338,.jpg"
satellite_37.77438440450597_-122.40158732688919.png,"BY-KVBOv6UPOqT1K3eoDBA,37.774253,-122.401639,.jpg"
satellite_37.751419332821335_-122.44848201385123.png,"MMOmglHdIqj5LEIr_qUCrg,37.751514,-122.448499,.jpg"
satellite_37.758964999232_-122.41445224101152.png,"_jpMnY-bL4Dkq9qjaTcv7g,37.758913,-122.414463,.jpg"
satellite_37.758964999232_-122.3970223573619.png,"CWCfiDCuqgCyIr3-VLydVw,37.759036,-122.397195,.jpg"
satellite_37.74977897055815_-122.40739728810573.png,"EKg8HMb3noeqjv1Zj35Ylw,37.749708,-122.407277,.jpg"
satellite_37.7789774188429_-122.40158732688919.png,"Iefv2shX9fubqOoL2pyIxQ,37.778964,-122.401712,.jpg"
satellite_37.74813860829496_-122.40615229641647.png,"-Ydx0-OgOMXE1aHQFcwbDw,37.747982,-122.406025,.jpg"
satellite_37.782586215821915_-122.44931200831074.png,"O3Ve28FRvKaZZRV01JbKoQ,37.782690,-122.449186,.jpg"
satellite_37.75338776753716_-122.41528223547103.png,"XhfzRMLdqD_g_ZFHeQsmog,37.753257,-122.415280,.jpg"
satellite_37.786195012800924_-122.4173572216198.png,"Sgn2sQVAaKtbhsYaFWySew,37.786206,-122.417302,.jpg"
satellite_37.74059294188429_-122.40075733242969.png,"jFRrgJlhSiAQTOWcHbCiJg,37.740527,-122.400848,.jpg"
satellite_37.77438440450597_-122.43603209695866.png,"s3Hmavh0CCMcJj3LNEJUPA,37.774279,-122.435826,.jpg"
satellite_37.7615895788531_-122.41486723824127.png,"xLFO_-rjrl5aA0naoxfT4w,37.761429,-122.414999,.jpg"
satellite_37.739936796979016_-122.44142706094544.png,"Dc5ETQzJYhROsWmyVHHn6g,37.740044,-122.441338,.jpg"
satellite_37.783570433179825_-122.39411737675364.png,"EkwdzL9dg_nGrWu7BXURog,37.783477,-122.394296,.jpg"
satellite_37.78586694034829_-122.43603209695866.png,"ZF1LRt8UVDAdX3lmufT4Zw,37.785754,-122.436126,.jpg"
satellite_37.773400187148056_-122.41569723270078.png,"kbTq2zLJN1Kh9KPLI-ocKw,37.773353,-122.415855,.jpg"
satellite_37.762573796211015_-122.44018206925618.png,"bHIUDbl-1z4SOVqfWIOHeg,37.762546,-122.440217,.jpg"
satellite_37.75798078187409_-122.44018206925618.png,"1m6UhXw_GJhedAdsuMbNfA,37.758136,-122.440079,.jpg"
satellite_37.76913524526377_-122.42150719391732.png,"rslOHyZCXiRlKQwhx3QLKQ,37.769029,-122.421483,.jpg"
satellite_37.77536862186388_-122.41611222993053.png,"pzSUom-VCCbQXu75m6ApKA,37.775271,-122.415931,.jpg"
satellite_37.77307211469542_-122.39992733797018.png,"r56iwmh8LE8gUCvL4ciTsQ,37.773168,-122.399996,.jpg"
satellite_37.78553886789565_-122.42026220222806.png,"pM38LgzwfYeUvtwLdSMoDA,37.785381,-122.420158,.jpg"
satellite_37.762573796211015_-122.44142706094544.png,"ofpCj6T0R6N6-R7sghn2OA,37.762727,-122.441615,.jpg"
satellite_37.784554650537736_-122.39743735459166.png,"97l1rbipiAnO6NlSFV1Msg,37.784417,-122.397565,.jpg"
satellite_37.77011946262168_-122.42150719391732.png,"zMhBNQzzq42HjO2DGYlb2g,37.770275,-122.421667,.jpg"
satellite_37.76716681054794_-122.43935207479669.png,"pxZP-ENMTCHA53qt6EZIaw,37.767157,-122.439268,.jpg"
satellite_37.76454223092684_-122.39577736567266.png,"6U-ariSkWqXbjkQj19Z_jA,37.764580,-122.395773,.jpg"
satellite_37.7442017388633_-122.40573729918671.png,"CbELm2GPlCPjgqWZXLuHHw,37.744092,-122.405704,.jpg"
satellite_37.78291428827455_-122.41320724932227.png,"7fknN-DzCFod1m4objgIsw,37.782889,-122.413393,.jpg"
satellite_37.75699656451617_-122.44350204709421.png,"h4gTwkuc418jBFTnvatVXw,37.756949,-122.443503,.jpg"
satellite_37.73731221735791_-122.43893707756693.png,"4H4s8uEAIUDIqygbgL1FFQ,37.737152,-122.438896,.jpg"
satellite_37.75076318791606_-122.43063713297188.png,"FKuTSDxrHUQ9_W12zenJfA,37.750692,-122.430782,.jpg"
satellite_37.7484666807476_-122.4252421689851.png,"uF9CdcmnBck7W5qnLdmLbA,37.748613,-122.425224,.jpg"
satellite_37.75732463696881_-122.41320724932227.png,"om7hw0rA7tZpJArg1w1lkg,37.757378,-122.413234,.jpg"
satellite_37.75666849206354_-122.44931200831074.png,"4qvowgSDksXNa9a2jB_R6w,37.756822,-122.449203,.jpg"
satellite_37.786195012800924_-122.4339571108099.png,"YKdoV-W9U6kcMJxBvui1Lw,37.786047,-122.433849,.jpg"
satellite_37.74617017357913_-122.43810708310743.png,"Q-YU1syg9mVWut1Swn1itw,37.746159,-122.438022,.jpg"
satellite_37.774056332053334_-122.42109219668757.png,"fzlRWLhqThPI-Q6H58UT-Q,37.773903,-122.421021,.jpg"
satellite_37.74518595622122_-122.41486723824127.png,"271_Vy5xWdZN0I28rJDgoQ,37.745233,-122.414974,.jpg"
satellite_37.76815102790585_-122.40283231857845.png,"tdnw2dlfhlgMEGC-B4Wjdw,37.768257,-122.402891,.jpg"
satellite_37.76782295545322_-122.39660736013217.png,"OXNB4IMSx7Jy4JPNM0wL9Q,37.767757,-122.396465,.jpg"
satellite_37.77044753507432_-122.43686209141816.png,"4W_O_3iFvtyw1TvGkg6_XQ,37.770309,-122.436890,.jpg"
satellite_37.77011946262168_-122.42856214682311.png,"CTz_avTG7aSrJ-WuZf2ceA,37.769986,-122.428368,.jpg"
satellite_37.74649824603177_-122.41569723270078.png,"7Su1jOe2ZCZScl4Am_cVQg,37.746645,-122.415832,.jpg"
satellite_37.74059294188429_-122.42275218560657.png,"ocLly_WgAoslJe-m9M2ZBQ,37.740592,-122.422930,.jpg"
satellite_37.78127392601136_-122.43354211358015.png,"dEBCOhbjlmMcrcdKRwASVg,37.781287,-122.433687,.jpg"
satellite_37.77307211469542_-122.39909734351068.png,"ThIegk6b3tbTKavZ3hilvg,37.773048,-122.399237,.jpg"
satellite_37.74912282565287_-122.42939214128262.png,"bPPo0vZlpIDO4VLgkhsKWQ,37.749220,-122.429509,.jpg"
satellite_37.76815102790585_-122.4356170997289.png,"YM0aawV4_6rTml28Ed7L2A,37.768042,-122.435740,.jpg"
satellite_37.743873666410664_-122.4032473158082.png,"llvKwCyh3J6aF8ZvTSICXw,37.744036,-122.403280,.jpg"
satellite_37.78849151996939_-122.42441217452559.png,"ddesZkV0iPsdvH05dTzfmA,37.788642,-122.424507,.jpg"
satellite_37.77044753507432_-122.43520210249916.png,"BzVfEBagXiX8VNtRliMEEA,37.770556,-122.435103,.jpg"
satellite_37.77832127393762_-122.4339571108099.png,"MKWGfUS6TEHoHnj2Onmu3g,37.778369,-122.433861,.jpg"
satellite_37.76027728904255_-122.39162739337513.png,"45QUm9lYs-7fN6qjItWlSA,37.760171,-122.391432,.jpg"
satellite_37.78094585355873_-122.39992733797018.png,"S3YbutOfF7_RvabVTUuPHw,37.780969,-122.399927,.jpg"
satellite_37.78914766487467_-122.42358218006608.png,"dJc98wHCL97hpAizTGQA4w,37.789269,-122.423453,.jpg"
satellite_37.764870303379475_-122.42482717175534.png,"cJ5Q-Wcd3qAGDo7HJQJOAg,37.764793,-122.424638,.jpg"
satellite_37.74452981131594_-122.41403724378176.png,"0kWnBTiGtf-VqXCnfL-yMA,37.744670,-122.414131,.jpg"
satellite_37.75338776753716_-122.42316718283632.png,"nu0bq32Utc8XiMUTvP8dWw,37.753494,-122.423085,.jpg"
satellite_37.75338776753716_-122.42897714405287.png,"klVXQ7xxA2NXhjjX4wEsRw,37.753250,-122.428792,.jpg"
satellite_37.77536862186388_-122.43976707202644.png,"q-YCVNJ3_Fjr5RBk24wyxQ,37.775493,-122.439615,.jpg"
satellite_37.75732463696881_-122.44142706094544.png,"8WtkEtNpVHI4xGTq2YN6WQ,37.757355,-122.441229,.jpg"
satellite_37.73960872452638_-122.41237725486276.png,"mrgyLEYad5gX5wo8uGGM_Q,37.739468,-122.412397,.jpg"
satellite_37.77175982488487_-122.43437210803965.png,"KqTYfMhQ5tqdWvr46VyztA,37.771614,-122.434518,.jpg"
satellite_37.784226578085104_-122.40366231303796.png,"VUtxnV-FHilSFVI4dPjvcA,37.784116,-122.403763,.jpg"
satellite_37.77799320148498_-122.40573729918671.png,"4KvpBxOhkIeSdssYPjMYDg,37.778037,-122.405898,.jpg"
satellite_37.78586694034829_-122.3953623684429.png,"rE6aIPleF3CABHd4pFjoqw,37.786018,-122.395294,.jpg"
satellite_37.78816344751675_-122.44848201385123.png,"A9FosXwgs0fhsmLGGWDHrQ,37.788017,-122.448543,.jpg"
satellite_37.75437198489507_-122.42275218560657.png,"LTbMJfg6tlQsBx4-7IdysA,37.754407,-122.422787,.jpg"
satellite_37.761261506400466_-122.4252421689851.png,"orLNJjPLx74-0V5HB11jIA,37.761372,-122.425040,.jpg"
satellite_37.74977897055815_-122.44516203601322.png,"NSZoU-ue53d2AR6JoHHNrg,37.749774,-122.445297,.jpg"
satellite_37.78914766487467_-122.41196225763301.png,"cMF7dq73Hc4vPNTkN0twAQ,37.789176,-122.411972,.jpg"
satellite_37.74617017357913_-122.41943220776855.png,"d-h1orr4hfH5nMTfEgWlJw,37.746155,-122.419512,.jpg"
satellite_37.781601998464_-122.41237725486276.png,"fQrsn3V9hJiuMeTobdPfEA,37.781752,-122.412190,.jpg"
satellite_37.772744042242785_-122.40988727148424.png,"AchQEYOcK4E4u83L2tDfKw,37.772817,-122.409698,.jpg"
satellite_37.76093343394783_-122.40407731026771.png,"AgfreAbsIJnhP2BdOjpzBQ,37.760854,-122.403911,.jpg"
satellite_37.772744042242785_-122.41694222439004.png,"_m3UbSu75ML4tmAnQp_9Ng,37.772831,-122.416930,.jpg"
satellite_37.743873666410664_-122.41071726594375.png,"FW8nYw1nUHLPGNPBTmCheQ,37.743716,-122.410565,.jpg"
satellite_37.78717923015884_-122.40532230195696.png,"1vwm6Sn4kq4K3fyU4aAnhg,37.787068,-122.405419,.jpg"
satellite_37.751747405273974_-122.42067719945781.png,"lCl-kXYPlKgsESfj4G8edA,37.751844,-122.420696,.jpg"
satellite_37.753059695084524_-122.44931200831074.png,"TKS-RfHRQju9kKnlYxHmHw,37.752908,-122.449254,.jpg"
satellite_37.78980380977994_-122.43354211358015.png,"mGmIIFa2ZbfQDzOcwuvvhw,37.789899,-122.433523,.jpg"
satellite_37.78028970865345_-122.42150719391732.png,"XX2GXTDWjMOcWzQVhcHFFg,37.780434,-122.421502,.jpg"
satellite_37.78094585355873_-122.39038240168587.png,"heA-gXpPtml7LNIA-iMfvA,37.780810,-122.390339,.jpg"
satellite_37.739936796979016_-122.43810708310743.png,"h9Wtv-80U6q2DEmQONMeHw,37.739983,-122.438161,.jpg"
satellite_37.79045995468522_-122.4024173213487.png,"9DcA2H81EiTaY2TVLHmDwg,37.790396,-122.402240,.jpg"
satellite_37.751419332821335_-122.42275218560657.png,"P1TicQZn_5k6-U5bxBeCCw,37.751417,-122.422910,.jpg"
satellite_37.76913524526377_-122.40656729364622.png,"ZSG75cnYPBYvTlZkqCz2Qw,37.769084,-122.406422,.jpg"
satellite_37.74912282565287_-122.41569723270078.png,"VzGO_SW_knrJGhjUgDgXHw,37.749182,-122.415816,.jpg"
satellite_37.77668091167443_-122.42648716067436.png,"4NmpvpBYMJrzMmdKZKOX4w,37.776749,-122.426322,.jpg"
satellite_37.7442017388633_-122.39577736567266.png,"UgjQTWiOzpvX5wQtLjOP_A,37.744171,-122.395923,.jpg"
satellite_37.753059695084524_-122.39121239614538.png,"Ia49g5hZiHFH_pbelEoAZg,37.752996,-122.391281,.jpg"
satellite_37.74092101433693_-122.39328738229413.png,"hWTvGY8-p26M6yOQ2BGfNA,37.740913,-122.393133,.jpg"
satellite_37.74977897055815_-122.43852208033718.png,"Rq06Xede0w2j32KML5AwOg,37.749809,-122.438395,.jpg"
satellite_37.78553886789565_-122.41569723270078.png,"n065QSYjaARxSeX_ONEzTw,37.785493,-122.415613,.jpg"
satellite_37.73960872452638_-122.42441217452559.png,"qyFnEhp5RT2ILEiZ30_P3g,37.739592,-122.424378,.jpg"
satellite_37.73960872452638_-122.4418420581752.png,"MIYu2ZCVbYgjEDAdySyyuw,37.739742,-122.441813,.jpg"
satellite_37.74617017357913_-122.42358218006608.png,"Ps_lh23c34m-tnhzFdkCRg,37.746323,-122.423577,.jpg"
satellite_37.784554650537736_-122.44308704986446.png,"zKE9AqnjsXhSS58Yal2G0A,37.784619,-122.443187,.jpg"
satellite_37.73796836226319_-122.40656729364622.png,"HUZfGLxpSE_yqhKFj655Hw,37.737996,-122.406629,.jpg"
satellite_37.77438440450597_-122.40615229641647.png,"04AAS9kcwdNx1G-IRoeypA,37.774403,-122.406349,.jpg"
satellite_37.74617017357913_-122.4497270055405.png,"7FRDjOQj0kXC7lTokyJBIA,37.746025,-122.449901,.jpg"
satellite_37.78914766487467_-122.43146712743138.png,"e_ZG340IR3Bonm-HFp_j4g,37.789199,-122.431278,.jpg"
satellite_37.7868511577062_-122.40200232411894.png,"ddd8Ye7_Yrj5R3yETyFcpw,37.787010,-122.402159,.jpg"
satellite_37.759949216589916_-122.39577736567266.png,"-xqkTts0emyGspJmZxnhYw,37.760067,-122.395604,.jpg"
satellite_37.78750730261148_-122.42026220222806.png,"Bm5JyP4nBfEDDKp-i-yPsw,37.787626,-122.420122,.jpg"
satellite_37.74813860829496_-122.44682202493223.png,"GVO1a-R78Fabeh-HnI9YAQ,37.748074,-122.446974,.jpg"
satellite_37.73960872452638_-122.42939214128262.png,"bc9jq-PHRjZ6hbgYqf7KXQ,37.739646,-122.429381,.jpg"
satellite_37.73862450716847_-122.39577736567266.png,"f9rKuYRrFfU0ICPgNzfU7w,37.738545,-122.395653,.jpg"
satellite_37.75666849206354_-122.4269021579041.png,"CMMwMbG6hO89U4tRgvwEsQ,37.756571,-122.426936,.jpg"
satellite_37.763886086021564_-122.40739728810573.png,"1xa_sJmhLSr2qpwa8klDtQ,37.763846,-122.407354,.jpg"
satellite_37.7868511577062_-122.40490730472722.png,"_n0bWlUiEPsYGomSZUntlA,37.786857,-122.404953,.jpg"
satellite_37.75437198489507_-122.41652722716029.png,"7uoEGWVCmHOPY6BtdBKWLw,37.754291,-122.416522,.jpg"
satellite_37.76979139016904_-122.39619236290241.png,"WkwHh1Ufhm0Ccl07QY3tfw,37.769951,-122.396028,.jpg"
satellite_37.742561376600115_-122.44640702770248.png,"THB7QAw9zL_RnaVSi89RHA,37.742416,-122.446601,.jpg"
satellite_37.77438440450597_-122.44308704986446.png,"4IStDrQd1NVCd9pzntCo7g,37.774337,-122.443204,.jpg"
satellite_37.78127392601136_-122.42731715513385.png,"kv3SuM3V8p1R_q7kNNRVuA,37.781225,-122.427270,.jpg"
satellite_37.741905231694844_-122.40864227979499.png,"g0xs9DnNgjOpyZpZLKzxLw,37.741918,-122.408842,.jpg"
satellite_37.74682631848441_-122.43146712743138.png,"HLbrIyhF8beADFhIuoci7w,37.746889,-122.431480,.jpg"
satellite_37.75470005734771_-122.39868234628092.png,"6ULdFbA2IWYnpDqN7O4eAA,37.754699,-122.398687,.jpg"
satellite_37.742233304147476_-122.42192219114708.png,"Y-L6NBbLPFVfKYwaGnt7Tw,37.742127,-122.421863,.jpg"
satellite_37.773400187148056_-122.43769208587767.png,"VI7o23HguLPiuJI5IXnQNA,37.773449,-122.437537,.jpg"
satellite_37.774056332053334_-122.44640702770248.png,"bvMkLjr2OunStVB4ByYEZQ,37.773956,-122.446262,.jpg"
satellite_37.73698414490528_-122.40366231303796.png,"4yc28LCbnpJoC_zy6cRGAQ,37.736995,-122.403847,.jpg"
satellite_37.7615895788531_-122.39370237952389.png,"Fzkf9MORP1YBfaw4CamPKg,37.761743,-122.393558,.jpg"
satellite_37.77011946262168_-122.41943220776855.png,"44GEa6xfkRPQMZoMIq9qWw,37.770012,-122.419499,.jpg"
satellite_37.762245723758376_-122.3953623684429.png,"jhdpP_ebOCK1-PH8_61tyg,37.762408,-122.395551,.jpg"
satellite_37.76454223092684_-122.39868234628092.png,"cuiy5EXFFRnmW_nbO7suGQ,37.764443,-122.398603,.jpg"
satellite_37.781601998464_-122.44225705540495.png,"7nfq2NS7hNajA5CsvvztIw,37.781548,-122.442265,.jpg"
satellite_37.752731622631885_-122.3945323739834.png,"p7dDd0bPfTNnqH_GYhrbdQ,37.752715,-122.394590,.jpg"
satellite_37.76716681054794_-122.42648716067436.png,"RaO1ZOWDZGAobHTldNc_UQ,37.767219,-122.426570,.jpg"
satellite_37.783242360727186_-122.39245738783463.png,"WdscuMcC_QY1w5NHVNbbIg,37.783121,-122.392524,.jpg"
satellite_37.74813860829496_-122.43437210803965.png,"OSq4Tm1nJHWUmPrFQeKOgg,37.748065,-122.434389,.jpg"
satellite_37.73796836226319_-122.39868234628092.png,"GpPWWElbe5CFGxHkvM-DDQ,37.737882,-122.398727,.jpg"
satellite_37.76060536149519_-122.41528223547103.png,"8BzVvmsJqTw3wsb7sTDn0A,37.760504,-122.415165,.jpg"
satellite_37.786195012800924_-122.44682202493223.png,"Y-54OL6L2u_HNcd40JqWog,37.786160,-122.446891,.jpg"
satellite_37.74551402867385_-122.39743735459166.png,"npp8YtvdLrmtZrtdjU0pXg,37.745417,-122.397551,.jpg"
satellite_37.78193007091664_-122.42233718837683.png,"FA_4B_teEOqqH9LBxoZXWg,37.781810,-122.422188,.jpg"
satellite_37.75798078187409_-122.40864227979499.png,"UeMMj3m_sjxO4tjrcK8USQ,37.758029,-122.408698,.jpg"
satellite_37.78652308525356_-122.44433204155371.png,"2OlB0GX2gHCtcuZsAvXAzQ,37.786634,-122.444313,.jpg"
satellite_37.764870303379475_-122.4024173213487.png,"PFi1kkjJKupa8ED2ZpcX2g,37.764930,-122.402603,.jpg"
satellite_37.751419332821335_-122.44350204709421.png,"i_plXg4gsUM111nnK4mfZQ,37.751472,-122.443304,.jpg"
satellite_37.763886086021564_-122.43852208033718.png,"N-hyeV_i4EroH1VguLzIrg,37.764016,-122.438564,.jpg"
satellite_37.78980380977994_-122.40200232411894.png,"l9Srth3AKJY8oF6x78CgRQ,37.789884,-122.402128,.jpg"
satellite_37.76979139016904_-122.39121239614538.png,"tIv9hfeNSBnpdU0Dg4LNFg,37.769917,-122.391109,.jpg"
satellite_37.73960872452638_-122.41071726594375.png,"gWSnhG86INPW4doNC6JbAw,37.739725,-122.410759,.jpg"
satellite_37.762245723758376_-122.44059706648594.png,"AM6KlaNxj1SOlnh0u8clgg,37.762179,-122.440759,.jpg"
satellite_37.77996163620081_-122.44889701108099.png,"Eo-XXwWMkgmIcPqD0_1Hbw,37.779844,-122.448920,.jpg"
satellite_37.78652308525356_-122.39743735459166.png,"N07bjYukihcPWBQYnEe5VA,37.786588,-122.397412,.jpg"
satellite_37.758964999232_-122.43852208033718.png,"H60Inlm7CgY3geOTYjawCw,37.759084,-122.438541,.jpg"
satellite_37.74354559395803_-122.4497270055405.png,"eClyNSK4f5ofxk8KK_s3Iw,37.743490,-122.449899,.jpg"
satellite_37.7642141584742_-122.42939214128262.png,"irAVxzVBp9aUF2IsTsL9jA,37.764309,-122.429420,.jpg"
satellite_37.74059294188429_-122.4111322631735.png,"JtWYF2ySHG2R6qo3nzL5ug,37.740658,-122.411321,.jpg"
satellite_37.77536862186388_-122.42109219668757.png,"SxQa_53_r_9mmZQ_mRPDlw,37.775350,-122.420961,.jpg"
satellite_37.75765270942145_-122.41154726040325.png,"-f06vuQ0WKWQm8uCGfsV_g,37.757790,-122.411464,.jpg"
satellite_37.763229941116286_-122.41362224655202.png,"8WZl-6zJLuwjPxtsL71tzw,37.763265,-122.413776,.jpg"
satellite_37.77963356374817_-122.39162739337513.png,"BexnuQ6GA-icht-3f-idug,37.779740,-122.391769,.jpg"
satellite_37.75798078187409_-122.43686209141816.png,"R023YDeKkpANggkaj1R-GQ,37.758073,-122.436975,.jpg"
satellite_37.7789774188429_-122.42150719391732.png,"U7GEexQt7PHjVfX6g-cr-g,37.778942,-122.421536,.jpg"
satellite_37.74649824603177_-122.44391704432397.png,"_p0rAwfzXkVlZRIl8D_8kw,37.746639,-122.444008,.jpg"
satellite_37.759949216589916_-122.44682202493223.png,"7_ducxcyB4-pOofEafNHgQ,37.759963,-122.446876,.jpg"
satellite_37.741577159242205_-122.41030226871399.png,"j2ACGs2MZ6HbBP9eVf-DPw,37.741652,-122.410416,.jpg"
satellite_37.78914766487467_-122.39743735459166.png,"UrgojX6-CZSt3TNkpotPVw,37.789002,-122.397491,.jpg"
satellite_37.7484666807476_-122.42731715513385.png,"d9rID45ahE5kiYtEiP-ldg,37.748507,-122.427398,.jpg"
satellite_37.78881959242203_-122.41030226871399.png,"9mPRN9M9Eej_euMwD7R1-Q,37.788907,-122.410213,.jpg"
satellite_37.76815102790585_-122.43976707202644.png,"C2c7nHfFwuGqgloiVdzl0g,37.768057,-122.439687,.jpg"
satellite_37.76060536149519_-122.38996740445612.png,"j6qw6I7LanE5Q5XSK3naJw,37.760475,-122.389780,.jpg"
satellite_37.75962114413728_-122.4181872160793.png,"IjMUNW8L0H1ddK6cHoDmlA,37.759482,-122.418089,.jpg"
satellite_37.752403550179245_-122.43852208033718.png,"cukFq8Wjx7JRECNhoEjPFg,37.752551,-122.438632,.jpg"
satellite_37.774056332053334_-122.4260721634446.png,"fBocQlpHnkDKj1gZTysF1g,37.774141,-122.425869,.jpg"
satellite_37.75732463696881_-122.41279225209252.png,"qdk0GJzqDMDse07YpcNxkw,37.757398,-122.412899,.jpg"
satellite_37.773400187148056_-122.41860221330904.png,"rMDln1zdW0eioPJ0Bv5Fxg,37.773251,-122.418742,.jpg"
satellite_37.763229941116286_-122.4426720526347.png,"avdpVR6vu83v3lt9cNnV8w,37.763275,-122.442833,.jpg"
satellite_37.785210795443014_-122.40366231303796.png,"7zDl7bpdLtS7QUizuC4Q3A,37.785335,-122.403733,.jpg"
satellite_37.77011946262168_-122.40366231303796.png,"i9oftiK53y63GVJhhWj7UA,37.770246,-122.403693,.jpg"
satellite_37.77569669431652_-122.42565716621485.png,"-3X-c_TyUqa5MWgqo13hLw,37.775567,-122.425655,.jpg"
satellite_37.751419332821335_-122.44474703878346.png,"0I8BUpBX1NNbtyULBT3cCw,37.751343,-122.444619,.jpg"
satellite_37.76782295545322_-122.39411737675364.png,"UMv88iCPeuEPbLjtqWLrnQ,37.767881,-122.394069,.jpg"
satellite_37.77307211469542_-122.3970223573619.png,"19FeWuMdZAbgyOdxUafbmg,37.773045,-122.396821,.jpg"
satellite_37.76651066564266_-122.42026220222806.png,"HdUKnu4YVWEAMKxnUgj1nQ,37.766670,-122.420295,.jpg"
satellite_37.74945089810551_-122.40864227979499.png,"KVbxaBJB-tIv0UcGmpZKjg,37.749604,-122.408819,.jpg"
satellite_37.784226578085104_-122.39743735459166.png,"lPgnpC01O6XQYdi2_iUftQ,37.784347,-122.397489,.jpg"
satellite_37.77799320148498_-122.39785235182141.png,"3By8ZwGdyEXP9NPMbzsT-Q,37.778035,-122.397998,.jpg"
satellite_37.751747405273974_-122.43644709418841.png,"H0wWcVGeKgcEFzALzCXlzQ,37.751753,-122.436363,.jpg"
satellite_37.76454223092684_-122.43769208587767.png,"JAaIIiAQzlPo1YENxC-38A,37.764425,-122.437737,.jpg"
satellite_37.751747405273974_-122.39162739337513.png,"5aIYad8n1uzb9aOOiwgPQA,37.751733,-122.391715,.jpg"
satellite_37.763558013568925_-122.40075733242969.png,"DD_4hmxfaFS77aVTwLueDQ,37.763645,-122.400689,.jpg"
satellite_37.76191765130574_-122.40407731026771.png,"FSfmu9G2XYFZz_6K1787YA,37.761772,-122.404237,.jpg"
satellite_37.754043912442434_-122.43935207479669.png,"_WESEV2I_6CJeOr7tbIgsw,37.754204,-122.439443,.jpg"
satellite_37.785210795443014_-122.4111322631735.png,"tnIdRj00-YDQoAbjvv9idg,37.785269,-122.411154,.jpg"
satellite_37.740264869431655_-122.3970223573619.png,"OPzeCf6OyBS7ZJA_bYCU3Q,37.740329,-122.397176,.jpg"
satellite_37.741905231694844_-122.42897714405287.png,"2KqiWURTGuZeEW0sVMJLMw,37.741871,-122.428919,.jpg"
satellite_37.74551402867385_-122.42565716621485.png,"BbR3TLqjXt_fx__ByE-msw,37.745377,-122.425535,.jpg"
satellite_37.76651066564266_-122.43769208587767.png,"vHyyqCznuTwGysQxUHpzYQ,37.766583,-122.437763,.jpg"
satellite_37.78127392601136_-122.43354211358015.png,"euk3LHCdRov9pW4NkfRxQw,37.781300,-122.433575,.jpg"
satellite_37.750107043010786_-122.44723702216199.png,"UYNY5uzTYqPWZbzR7PKeDA,37.750099,-122.447318,.jpg"
satellite_37.78028970865345_-122.4252421689851.png,"Ci7ehFwn6xfF4d1YgmigyQ,37.780416,-122.425056,.jpg"
satellite_37.75830885432673_-122.42233718837683.png,"cRDMr4bFz4ehE2umrEgGtA,37.758440,-122.422419,.jpg"
satellite_37.75437198489507_-122.41071726594375.png,"-WLd2CoVkLVfyOR3E3AEOA,37.754324,-122.410894,.jpg"
satellite_37.741577159242205_-122.4111322631735.png,"u4drlYIsRgPQGD6rpUDxVg,37.741474,-122.411073,.jpg"
satellite_37.78750730261148_-122.44516203601322.png,"hjy27oH0s2bl0pjnYcY2Fw,37.787444,-122.445061,.jpg"
satellite_37.783898505632465_-122.4426720526347.png,"tGiU96zmuE4TmowQV6ccIg,37.783983,-122.442523,.jpg"
satellite_37.78553886789565_-122.42441217452559.png,"1e9Ggqxeo8VH4iji-s_btw,37.785496,-122.424456,.jpg"
satellite_37.784882722990375_-122.44350204709421.png,"PD5LAaho2UBsEeW7xDXTdQ,37.784796,-122.443300,.jpg"
satellite_37.78980380977994_-122.39909734351068.png,"aX2CXlZ_h8q6BkbYFR_sSg,37.789658,-122.398907,.jpg"
satellite_37.75863692677936_-122.40366231303796.png,"qD-KMKFQ8qctNqulqvivrA,37.758503,-122.403847,.jpg"
satellite_37.753715839989795_-122.3970223573619.png,"2XBGnFY2_aT0L_6x82GkRQ,37.753559,-122.397150,.jpg"
satellite_37.75076318791606_-122.41860221330904.png,"w7vjVLhPbNJCJ916tZA9vg,37.750628,-122.418582,.jpg"
satellite_37.77996163620081_-122.4032473158082.png,"PpiBNnVAf55PdTBJ4BFeqA,37.780120,-122.403126,.jpg"
satellite_37.775040549411244_-122.40573729918671.png,"hkh-GStxgGPdN7inCrcxrg,37.775046,-122.405640,.jpg"
satellite_37.74551402867385_-122.42482717175534.png,"lZgDn8p_O_BL664o9fyz7g,37.745416,-122.424969,.jpg"
satellite_37.76552644828475_-122.4111322631735.png,"3i6HpARzdsfKpbeCHSQclA,37.765618,-122.410960,.jpg"
satellite_37.75863692677936_-122.44682202493223.png,"xCEKzMOK_WZGTbYRa-LJgA,37.758526,-122.446890,.jpg"
satellite_37.73960872452638_-122.43437210803965.png,"N37JqvMq6WRkoYEhdM2Neg,37.739742,-122.434342,.jpg"
satellite_37.75732463696881_-122.40034233519994.png,"QCx7fQCV1p6eyGniot8wWQ,37.757239,-122.400407,.jpg"
satellite_37.74781053584232_-122.44557703324297.png,"9EWDZforFNxivcv97Damfw,37.747943,-122.445530,.jpg"
satellite_37.77832127393762_-122.41528223547103.png,"XIW4LtZ8_gzxfJiuVwrJ-g,37.778356,-122.415335,.jpg"
satellite_37.765198375832114_-122.42150719391732.png,"TgD3brAv6U6l7knYWA7UHQ,37.765156,-122.421418,.jpg"
satellite_37.74945089810551_-122.43603209695866.png,"1Nlur2eRnONV0F88-Wslyg,37.749456,-122.436133,.jpg"
satellite_37.7894757373273_-122.42233718837683.png,"iOtvq8LkLfu6pOKH_8FoIA,37.789568,-122.422499,.jpg"
satellite_37.74321752150539_-122.44557703324297.png,"71EuDGi9Jcd3ZEr_zIAjDw,37.743377,-122.445744,.jpg"
satellite_37.74977897055815_-122.39411737675364.png,"gB6Pt9HG0ZPZwdBiGd7MvA,37.749876,-122.394000,.jpg"
satellite_37.7868511577062_-122.45014200277025.png,"iWReb_0OqJz2UgDRMjLWxw,37.786814,-122.450050,.jpg"
satellite_37.76651066564266_-122.39121239614538.png,"eCm7zgS3lAdzCQGewd-ZvQ,37.766349,-122.391349,.jpg"
satellite_37.78849151996939_-122.43769208587767.png,"dheromVp8K32-d4CWUpNJA,37.788392,-122.437656,.jpg"
satellite_37.75863692677936_-122.40366231303796.png,"4dLdE0twwjYqCVt67brTSA,37.758718,-122.403868,.jpg"
satellite_37.7894757373273_-122.42856214682311.png,"t2f6xuW9TJuxoJjQStM-Iw,37.789594,-122.428401,.jpg"
satellite_37.7484666807476_-122.44848201385123.png,"Or9cRXPAAUWYkinJDwT0mQ,37.748364,-122.448444,.jpg"
satellite_37.75798078187409_-122.42565716621485.png,"RJg0sNLMHt-qm4ZhMpdyAg,37.757913,-122.425852,.jpg"
satellite_37.74518595622122_-122.3953623684429.png,"AuXXY9VoDz7caDuqOmvlvg,37.745084,-122.395466,.jpg"
satellite_37.74518595622122_-122.41860221330904.png,"O8MtDIbtgkxvrYqEzjQzrA,37.745228,-122.418779,.jpg"
satellite_37.75568427470562_-122.41279225209252.png,"epv8BFTqDge-9FX9j1pwlQ,37.755811,-122.412633,.jpg"
satellite_37.765198375832114_-122.44682202493223.png,"iQXrCd9yrGfrM-KEaLHVQw,37.765103,-122.446817,.jpg"
satellite_37.76979139016904_-122.44765201939174.png,"Y1oky-zTQN3brwydMAIrBQ,37.769943,-122.447673,.jpg"
satellite_37.751419332821335_-122.40988727148424.png,"zgdoiTTPN-pEutY7mIOYlg,37.751346,-122.409964,.jpg"
satellite_37.74452981131594_-122.4269021579041.png,"iMeTqztYcvHbe9SgZ7Mwrw,37.744371,-122.426786,.jpg"
satellite_37.77208789733751_-122.40739728810573.png,"6un5DYuSvCOF6gJrYfv-eA,37.772200,-122.407489,.jpg"
satellite_37.73862450716847_-122.40075733242969.png,"6Q0aE4Umu0R_k-uA5UyhsQ,37.738583,-122.400686,.jpg"
satellite_37.78193007091664_-122.39826734905117.png,"QzO6zgGUMMHesZ75rdmSzQ,37.781889,-122.398436,.jpg"
satellite_37.761261506400466_-122.42316718283632.png,"JmoG77BQRU-z7x-qpsDdSA,37.761131,-122.422987,.jpg"
satellite_37.77536862186388_-122.43520210249916.png,"KLSnScaI-ml--z7ROuuk_A,37.775334,-122.435383,.jpg"
satellite_37.74945089810551_-122.44599203047272.png,"zKMk0vAq5qnDbcGT8kD91Q,37.749514,-122.446153,.jpg"
satellite_37.774056332053334_-122.44557703324297.png,"TmJVnQ8i_895h58Ox9BElw,37.774022,-122.445676,.jpg"
satellite_37.76093343394783_-122.43810708310743.png,"DjpygA8JbrwEn7kAulM0zg,37.760921,-122.438289,.jpg"
satellite_37.7789774188429_-122.40781228533548.png,"TtXPYABOfSJkSHYwAwHfDg,37.779099,-122.408005,.jpg"
satellite_37.74649824603177_-122.41071726594375.png,"ODpjHl1OFY49mvn145xKPA,37.746636,-122.410626,.jpg"
satellite_37.74584210112649_-122.40656729364622.png,"-Jus25wxiRsQ2Q2Gs10J_g,37.745915,-122.406697,.jpg"
satellite_37.773728259600695_-122.42358218006608.png,"4QkFoxHW_AtnI4LPF2z8Gg,37.773603,-122.423757,.jpg"
satellite_37.75830885432673_-122.42275218560657.png,"oW3TW_qCJzfxSs6FqEAc-Q,37.758410,-122.422884,.jpg"
satellite_37.76782295545322_-122.39494737121315.png,"DFVUE7NdNd3VBEcomOg5oQ,37.767894,-122.395016,.jpg"
satellite_37.76027728904255_-122.39328738229413.png,"wC-rrD1vXxqLKo4iH7JK-Q,37.760226,-122.393092,.jpg"
satellite_37.783898505632465_-122.44848201385123.png,"MzxIT79O7N1KJoNHBowFzA,37.783931,-122.448402,.jpg"
satellite_37.742561376600115_-122.4356170997289.png,"5cuIsk9I5RgtOLIPzZRaog,37.742651,-122.435525,.jpg"
satellite_37.741577159242205_-122.41071726594375.png,"xbPh4z5LzQFLjoV-FI4eEQ,37.741567,-122.410685,.jpg"
satellite_37.75765270942145_-122.40407731026771.png,"IH6siVDTxJtMnu48msFHRg,37.757544,-122.403871,.jpg"
satellite_37.762901868663654_-122.4418420581752.png,"XX_kUQl1jSbA20AYFPzSeg,37.762895,-122.441760,.jpg"
satellite_37.76060536149519_-122.4190172105388.png,"KhRZcpo03kgmh3cy3hCYUw,37.760507,-122.419222,.jpg"
satellite_37.78291428827455_-122.41196225763301.png,"HwaGwmPZPFMRSurW5fiN_A,37.783020,-122.412055,.jpg"
satellite_37.76946331771641_-122.40739728810573.png,"_yo_OjV8lzEu7-cwvA-4tQ,37.769396,-122.407356,.jpg"
satellite_37.783242360727186_-122.41237725486276.png,"1iwK3hNZnAnieWlth6qz6w,37.783282,-122.412449,.jpg"
satellite_37.751091260368696_-122.39826734905117.png,"Bt0vf4fGHRBdaqMfkDgwQw,37.751112,-122.398449,.jpg"
satellite_37.75765270942145_-122.39370237952389.png,"JtFqRgM19hBiEATrelZgbg,37.757645,-122.393700,.jpg"
satellite_37.77996163620081_-122.39411737675364.png,"eds8jNDvDKi2VVmJWxOEqg,37.779950,-122.394130,.jpg"
satellite_37.74781053584232_-122.44599203047272.png,"ESeDsID3gf6w1vxprLqUUA,37.747885,-122.446154,.jpg"
satellite_37.74912282565287_-122.44889701108099.png,"xZfe7NZQ2e7E2_-p8OW3Ww,37.749100,-122.448691,.jpg"
satellite_37.75830885432673_-122.39826734905117.png,"GBlaUtXhj0UMwgLKeMqBqw,37.758188,-122.398116,.jpg"
satellite_37.76552644828475_-122.40158732688919.png,"v5sln4BQN6KBXwWkiGrlaA,37.765434,-122.401708,.jpg"
satellite_37.75929307168464_-122.39826734905117.png,"TEnMJ8xUe5BveHIp6EXwuw,37.759279,-122.398214,.jpg"
satellite_37.74912282565287_-122.41652722716029.png,"GEWvrcOEnYGjzcOklregrQ,37.749283,-122.416561,.jpg"
satellite_37.73796836226319_-122.42939214128262.png,"CX5I4A_qsgKgDRAhTgThuw,37.737893,-122.429448,.jpg"
satellite_37.771103679979596_-122.41777221884955.png,"QwVKnzgTq6gweA3Z8SkvJg,37.771004,-122.417949,.jpg"
satellite_37.78717923015884_-122.43312711635039.png,"FjTg6ZjSgQsxtvhFHOVyuw,37.787035,-122.433238,.jpg"
satellite_37.74518595622122_-122.40822728256524.png,"HQ4Y5QVrvB2kyXgDIwT9Ng,37.745267,-122.408354,.jpg"
satellite_37.763886086021564_-122.43229712189088.png,"7mmiKDS2uuWISATb_jEAxg,37.763905,-122.432252,.jpg"
satellite_37.758964999232_-122.44059706648594.png,"hFp_6cfhKeHZNAZr5rU--w,37.759048,-122.440507,.jpg"
satellite_37.78061778110609_-122.43769208587767.png,"C4Ia4D-Sbuaa3DQj6ka1iA,37.780758,-122.437874,.jpg"
satellite_37.762573796211015_-122.43935207479669.png,"-x0Qabcqj73pKuFK58SgGg,37.762556,-122.439539,.jpg"
satellite_37.74977897055815_-122.42109219668757.png,"5nBHFhd5AdF5M19fuEfpyg,37.749817,-122.420946,.jpg"
satellite_37.78816344751675_-122.42482717175534.png,"IDoKuBoJRP4nv-N3mW9VPA,37.788154,-122.424699,.jpg"
satellite_37.76454223092684_-122.40573729918671.png,"FgdRGbs_3re9j8fo009xYQ,37.764625,-122.405767,.jpg"
satellite_37.77963356374817_-122.41652722716029.png,"SoS0co5R-v1W66vojWsvtg,37.779701,-122.416604,.jpg"
satellite_37.752731622631885_-122.44765201939174.png,"WhowW9JE4VnN5oFc2v1H9w,37.752803,-122.447746,.jpg"
satellite_37.74813860829496_-122.40283231857845.png,"SLqIjWZNk6-Tj6U8SKG-3g,37.748165,-122.402988,.jpg"
satellite_37.742233304147476_-122.41279225209252.png,"MOSUMemAJbG1YzvBUvOmpw,37.742279,-122.412645,.jpg"
satellite_37.78061778110609_-122.40698229087597.png,"euQYZaoOy_MCldPaEvsTUQ,37.780724,-122.407042,.jpg"
satellite_37.7868511577062_-122.41860221330904.png,"Mo6IRkqWtnR__fZ4Nb-WeA,37.787007,-122.418629,.jpg"
satellite_37.75437198489507_-122.40781228533548.png,"xI2DMbTB2yTHVH2G1E05qg,37.754512,-122.407777,.jpg"
satellite_37.784882722990375_-122.43644709418841.png,"W7csJBX8Dbce4J-b659LtA,37.784770,-122.436370,.jpg"
satellite_37.75798078187409_-122.42939214128262.png,"LeDW8USovDQCB3JSUppIKQ,37.758016,-122.429333,.jpg"
satellite_37.78094585355873_-122.43229712189088.png,"39xQDd_T5BzYHltCwwzaFw,37.780834,-122.432246,.jpg"
satellite_37.76913524526377_-122.44682202493223.png,"rHJd9KjgDeGAVsRvL3cUgQ,37.769067,-122.447014,.jpg"
satellite_37.741905231694844_-122.42939214128262.png,"QvIACs_4KXOE2WIKgifXvg,37.741949,-122.429355,.jpg"
satellite_37.7442017388633_-122.39826734905117.png,"bUu1AV-ZhZhv6ViKsfocDg,37.744166,-122.398093,.jpg"
satellite_37.77175982488487_-122.42192219114708.png,"cVPfyeheQJSZJ6H2DmhcYQ,37.771663,-122.422030,.jpg"
satellite_37.78094585355873_-122.44059706648594.png,"HPASfZxKoHlO9aIMxTPkjg,37.780971,-122.440732,.jpg"
satellite_37.7789774188429_-122.40615229641647.png,"4MFmqeUaf0w4t9tT55619A,37.778827,-122.406109,.jpg"
satellite_37.75798078187409_-122.42856214682311.png,"JIXiPKv2eLgAz8nlMZSkUg,37.758069,-122.428546,.jpg"
satellite_37.74682631848441_-122.4480670166215.png,"kNqd3utVcwQkiTtysYp7_g,37.746796,-122.448134,.jpg"
satellite_37.783898505632465_-122.44059706648594.png,"-sHHGQtQtcpJnzVQ6iqMAA,37.783756,-122.440466,.jpg"
satellite_37.771103679979596_-122.39660736013217.png,"Gq2Fr8jU44ZafJVO9cqO6g,37.771095,-122.396443,.jpg"
satellite_37.76618259319003_-122.42441217452559.png,"Io2fEGx7xEFciFC6AnFmFA,37.766145,-122.424321,.jpg"
satellite_37.785210795443014_-122.41694222439004.png,"mH-ZA2px56Mz-q45o4b5eg,37.785310,-122.417042,.jpg"
satellite_37.783898505632465_-122.43727708864792.png,"DvtgFjiJ-XYGrH05LAJYCg,37.783916,-122.437370,.jpg"
satellite_37.784554650537736_-122.39619236290241.png,"NF2LjKRZ30GN_oPUANiTcw,37.784670,-122.396227,.jpg"
satellite_37.772744042242785_-122.4190172105388.png,"XQAjlGuHVbrwE8AOFrtscQ,37.772895,-122.418961,.jpg"
satellite_37.78586694034829_-122.44018206925618.png,"ntQZDFigJmo37WBGr4YZPA,37.785731,-122.440026,.jpg"
satellite_37.77602476676916_-122.39370237952389.png,"E2rbXJ0qWEPlkLUyVLLUWQ,37.776042,-122.393547,.jpg"
satellite_37.74551402867385_-122.43520210249916.png,"KaH3wAHjYqF1ZU_mRbaqtg,37.745601,-122.435057,.jpg"
satellite_37.75962114413728_-122.41694222439004.png,"qlTeLXAIFTfIjVaYir-Gfw,37.759555,-122.417023,.jpg"
satellite_37.741249086789566_-122.42399717729583.png,"BRInyApitZqPHx_VHd9UJw,37.741087,-122.423872,.jpg"
satellite_37.77143175243223_-122.39121239614538.png,"2FuwqxUtF4ddAM-7TlFxBw,37.771577,-122.391269,.jpg"
satellite_37.77077560752696_-122.4269021579041.png,"m6kHNrHnobW82tbKLnUSwg,37.770677,-122.426869,.jpg"
satellite_37.74813860829496_-122.41196225763301.png,"xAYty3wLcdeAViR6fvnpCQ,37.748238,-122.411975,.jpg"
satellite_37.773400187148056_-122.41320724932227.png,"CcvJh6XH2UxXDUeEixSj8A,37.773269,-122.413325,.jpg"
satellite_37.77077560752696_-122.41528223547103.png,"pHDPUbFmmtzl3pTGmjEcPQ,37.770745,-122.415083,.jpg"
satellite_37.78881959242203_-122.4426720526347.png,"L0xaOMrMysNd-Dl0uq16RA,37.788712,-122.442851,.jpg"
satellite_37.76782295545322_-122.40407731026771.png,"diyd4vZLuzPVRJ9Jd0Dmrg,37.767906,-122.403873,.jpg"
satellite_37.74092101433693_-122.44931200831074.png,"kc3AE8S1EvAjt8rAq-OITg,37.740986,-122.449315,.jpg"
satellite_37.7642141584742_-122.44931200831074.png,"q25aZAlqX-VRj27_pgAqIQ,37.764081,-122.449262,.jpg"
satellite_37.73698414490528_-122.42939214128262.png,"Xid9ny9TSWY5LT8OFPVTSA,37.737038,-122.429377,.jpg"
satellite_37.75535620225298_-122.43686209141816.png,"nRtZQc1QasjdEwtrlRGdQg,37.755222,-122.436693,.jpg"
satellite_37.76585452073739_-122.40532230195696.png,"9dvP0H4Kpse06N7A-Kpm-g,37.765942,-122.405403,.jpg"
satellite_37.79013188223258_-122.42482717175534.png,"0LEmGTB0A_dFlHcM4JzMeQ,37.790040,-122.424688,.jpg"
satellite_37.75830885432673_-122.39577736567266.png,"KghIijDTq6kxhd6UrJ13VQ,37.758330,-122.395751,.jpg"
satellite_37.75076318791606_-122.42856214682311.png,"aXcEs0taRYF3G5KAX043gw,37.750811,-122.428702,.jpg"
satellite_37.786195012800924_-122.39785235182141.png,"iUVwthVNZFqZgxCGqxuJlA,37.786353,-122.397785,.jpg"
satellite_37.75601234715826_-122.39121239614538.png,"eJhSbX7s9yNxCm6TA4nhoQ,37.756131,-122.391051,.jpg"
satellite_37.741577159242205_-122.42897714405287.png,"MH6n_iMRFRnO2q4nuMQv9Q,37.741515,-122.428892,.jpg"
satellite_37.73928065207374_-122.41362224655202.png,"VzAnzCtqE6dUHEYsNpofWQ,37.739151,-122.413416,.jpg"
satellite_37.774712476958605_-122.42856214682311.png,"lmlf3czjDT9VZS2bKvFejw,37.774754,-122.428624,.jpg"
satellite_37.77766512903235_-122.40117232965943.png,"tenXT-8SJ7zklNsy81d96Q,37.777735,-122.401335,.jpg"
satellite_37.77569669431652_-122.38996740445612.png,"XKDkWACZe9lktL_PU3lLDg,37.775774,-122.390059,.jpg"
satellite_37.74781053584232_-122.42109219668757.png,"l_oL3vOXGiZk1eqedgmK7w,37.747974,-122.421002,.jpg"
satellite_37.78914766487467_-122.41777221884955.png,"Te9mhROIvt01edURt-m53A,37.789008,-122.417961,.jpg"
satellite_37.74518595622122_-122.41071726594375.png,"ANShrj9qAihUfdDjBrzlaQ,37.745320,-122.410575,.jpg"
satellite_37.73731221735791_-122.43312711635039.png,"NJoEXGCc7nobyPkwtdvQcQ,37.737466,-122.433193,.jpg"
satellite_37.78652308525356_-122.41569723270078.png,"_hxHnIEXKDipSxeOm2Lmpw,37.786422,-122.415568,.jpg"
satellite_37.79013188223258_-122.42897714405287.png,"mpeP0xhu35c86bYhEnYSgw,37.790238,-122.429087,.jpg"
satellite_37.74813860829496_-122.41486723824127.png,"wUL1ZKuj4v9Yrausyx6Qqg,37.748176,-122.414951,.jpg"
satellite_37.741577159242205_-122.41403724378176.png,"q-nxkQgk-9hAWeIt2tfL7w,37.741468,-122.413843,.jpg"
satellite_37.785210795443014_-122.44640702770248.png,"bfZRrMiSRIxMAk8lH26ybQ,37.785326,-122.446495,.jpg"
satellite_37.784554650537736_-122.43852208033718.png,"E3n5JXXkooNDEv3oO9Iqgg,37.784512,-122.438419,.jpg"
satellite_37.74945089810551_-122.44142706094544.png,"qvu2WkdKDi4V-i0v1nf2NQ,37.749575,-122.441588,.jpg"
satellite_37.783242360727186_-122.43354211358015.png,"1gJbsq2Jvdv7ypvQNprdBw,37.783162,-122.433740,.jpg"
satellite_37.784226578085104_-122.44889701108099.png,"zLPilCBqOZEKVWnbMWxIFQ,37.784283,-122.448959,.jpg"
satellite_37.76651066564266_-122.40449230749746.png,"u3kUdxIWs9HDjnz0PwiKRg,37.766452,-122.404658,.jpg"
satellite_37.76880717281113_-122.38955240722636.png,"oKkJlGXTgCmRrvJ1VO_4Ew,37.768918,-122.389724,.jpg"
satellite_37.76585452073739_-122.4094722742545.png,"gZuzBEhafeedluyGk92P1Q,37.765707,-122.409296,.jpg"
satellite_37.73928065207374_-122.43105213020164.png,"kAzukWHUHLVBeq6ve5FHbg,37.739117,-122.431190,.jpg"
satellite_37.74682631848441_-122.41860221330904.png,"b8wTV2kkKcurdyP271oouA,37.746713,-122.418579,.jpg"
satellite_37.762901868663654_-122.42939214128262.png,"HbG0sfLSslj34jLbdWfCWw,37.762832,-122.429519,.jpg"
satellite_37.75338776753716_-122.39079739891562.png,"jdy7CW9zov_X61Vb2fdoIg,37.753394,-122.390716,.jpg"
satellite_37.751419332821335_-122.41279225209252.png,"QakD0jMhFnglVSASSLumWQ,37.751462,-122.412915,.jpg"
satellite_37.74715439093704_-122.43354211358015.png,"Tb2MP5zyIFrgwgZW0C2clw,37.747298,-122.433712,.jpg"
satellite_37.76913524526377_-122.4252421689851.png,"ujMl_X20fzV-B2pXjMIahw,37.769092,-122.425362,.jpg"
satellite_37.743873666410664_-122.42150719391732.png,"ULGSpMRO1CATRBgEXxUyUw,37.743994,-122.421637,.jpg"
satellite_37.758964999232_-122.41694222439004.png,"243v-kp3V_NqMhuUT3josA,37.758801,-122.416750,.jpg"
satellite_37.772744042242785_-122.41320724932227.png,"VL5mke9btapfev0jAS07RQ,37.772639,-122.413015,.jpg"
satellite_37.75535620225298_-122.44599203047272.png,"3GHnX6kyTVwEQc5rrrRdoA,37.755471,-122.446101,.jpg"
satellite_37.76454223092684_-122.43769208587767.png,"1qChJQDpgEG5YUZL69UXOA,37.764409,-122.437751,.jpg"
satellite_37.7563404196109_-122.40200232411894.png,"8sIgpUQfU7EvgR3mQ3Jnsg,37.756446,-122.401828,.jpg"
satellite_37.750107043010786_-122.4252421689851.png,"gCldcoGnIzim_Dzq10CNfw,37.750204,-122.425112,.jpg"
satellite_37.785210795443014_-122.42939214128262.png,"JG-uLwSNsUBkjROgRmlEMw,37.785102,-122.429481,.jpg"
satellite_37.75765270942145_-122.43769208587767.png,"1mLHbxt0lTqbBmP8zlPuBw,37.757545,-122.437534,.jpg"
satellite_37.743873666410664_-122.40490730472722.png,"YZMLmykkdXoCFjjYRE8eZA,37.743713,-122.405006,.jpg"
satellite_37.753059695084524_-122.4497270055405.png,"XZEOrSmBXOFdWX5v3YDDDw,37.753183,-122.449727,.jpg"
satellite_37.78291428827455_-122.4426720526347.png,"85YD2nitf6DA563t-_MzQg,37.783032,-122.442538,.jpg"
satellite_37.763558013568925_-122.43976707202644.png,"mYKVxCqtiQYAuHt-zQqqEw,37.763713,-122.439586,.jpg"
satellite_37.74059294188429_-122.42399717729583.png,"efXMa0ogDaqvjqR9vCeVyw,37.740591,-122.423967,.jpg"
satellite_37.77799320148498_-122.41154726040325.png,"eHFECl9rEJQtZDk2Vohj1w,37.777848,-122.411588,.jpg"
satellite_37.774712476958605_-122.43893707756693.png,"h0Dv2WPuxa0cJFH8TLTHwQ,37.774876,-122.438940,.jpg"
satellite_37.76093343394783_-122.44640702770248.png,"7DvGGGDzvFoxtZEmB9KVeA,37.760836,-122.446380,.jpg"
satellite_37.77700898412707_-122.43603209695866.png,"U-ZtpmknXfPPMcVYWPMi_Q,37.777149,-122.436162,.jpg"
satellite_37.75830885432673_-122.43686209141816.png,"qbvhSuwcsW7Rpbib9jupHw,37.758249,-122.436977,.jpg"
satellite_37.77799320148498_-122.43520210249916.png,"ocBFW90uoRlMBZMjrWso4w,37.778103,-122.435069,.jpg"
satellite_37.74452981131594_-122.40864227979499.png,"LnG218aGOvA0NlIyrKOmtQ,37.744599,-122.408577,.jpg"
satellite_37.742233304147476_-122.43893707756693.png,"95IIk9QWQFQeHvAJOAg4Dw,37.742397,-122.438756,.jpg"
satellite_37.786195012800924_-122.42358218006608.png,"4e_khltQZvzmjuvJn4CkxA,37.786358,-122.423750,.jpg"
satellite_37.77668091167443_-122.42150719391732.png,"izSlf8kJXBmzJI5eOMr73A,37.776612,-122.421518,.jpg"
satellite_37.782586215821915_-122.44350204709421.png,"6LHlZVy_jzzuS-JjesM7VA,37.782712,-122.443492,.jpg"
satellite_37.76027728904255_-122.4181872160793.png,"5DGiMBCJg3RxzOq-cUc-lg,37.760138,-122.418154,.jpg"
satellite_37.74945089810551_-122.40781228533548.png,"70j7KQ_MemvvE8Yb2GSbDw,37.749477,-122.407890,.jpg"
satellite_37.74813860829496_-122.40822728256524.png,"99dR2HS3SpjyjR0XRbwFEw,37.748206,-122.408130,.jpg"
satellite_37.75502812980035_-122.39287238506438.png,"4ru-IT5KvTSfoP9h339org,37.754968,-122.392902,.jpg"
satellite_37.763229941116286_-122.41528223547103.png,"2z49ip4volTXBWKeT2FXdA,37.763323,-122.415183,.jpg"
satellite_37.78094585355873_-122.40739728810573.png,"3F05r9zpKawi2T_xApAKMg,37.781084,-122.407482,.jpg"
satellite_37.771103679979596_-122.40490730472722.png,"RWaY0wdQ9SAPgC6Box1Z0w,37.771024,-122.405054,.jpg"
satellite_37.782586215821915_-122.43769208587767.png,"ZxhQ3xkKAq1RHzo7vkobuw,37.782749,-122.437641,.jpg"
satellite_37.772744042242785_-122.41652722716029.png,"INoPSYvfDpJLbaMhNfR64Q,37.772698,-122.416704,.jpg"
satellite_37.741905231694844_-122.44433204155371.png,"1V0bpJRu6TgyRlRhoaqpQg,37.742042,-122.444132,.jpg"
satellite_37.762245723758376_-122.44101206371569.png,"wCDxHidZz9gA53dZthyuXw,37.762167,-122.440991,.jpg"
satellite_37.7668387380953_-122.44101206371569.png,"_XdgeyieAuo0AJnKvtBt_Q,37.766710,-122.441040,.jpg"
satellite_37.751091260368696_-122.43976707202644.png,"92kGBfaLJSr1AFmEcs6_4Q,37.750948,-122.439738,.jpg"
satellite_37.7615895788531_-122.44101206371569.png,"00El8F078nVzOCZrhYWnzg,37.761668,-122.441129,.jpg"
satellite_37.76027728904255_-122.41362224655202.png,"bvLaw2fT3IsYZs-BcAfjMA,37.760244,-122.413757,.jpg"
satellite_37.76060536149519_-122.4418420581752.png,"2WMOOmo9RJp1S-sLmSJqnQ,37.760481,-122.441721,.jpg"
satellite_37.77832127393762_-122.40905727702474.png,"RPIcneuQB_BtqjSgN6d2Tw,37.778199,-122.409246,.jpg"
satellite_37.78291428827455_-122.43686209141816.png,"afY8IiRfxeS52bC0x_h1IA,37.782778,-122.437002,.jpg"
satellite_37.77963356374817_-122.43354211358015.png,"kukEZHwoW10WkaWhynqevw,37.779497,-122.433627,.jpg"
satellite_37.773400187148056_-122.40864227979499.png,"3S4nb169aVgUZtIgNuJJNw,37.773516,-122.408812,.jpg"
satellite_37.78816344751675_-122.40822728256524.png,"HIjFiGiwUDXcQJFVMTiHZg,37.788198,-122.408320,.jpg"
satellite_37.77044753507432_-122.43976707202644.png,"yJzTxX6bXHUZgl2xtXqlLQ,37.770579,-122.439758,.jpg"
satellite_37.73862450716847_-122.43893707756693.png,"AwA-a0hqh_wXjhgRSWipjw,37.738553,-122.438978,.jpg"
satellite_37.74092101433693_-122.40283231857845.png,"NFdXwXjoqq2DCQa4Ulcdcw,37.740921,-122.402630,.jpg"
satellite_37.78652308525356_-122.39951234074043.png,"d7lMF4sTgdmSjx06iYM8tA,37.786545,-122.399686,.jpg"
satellite_37.77175982488487_-122.42150719391732.png,"0eTaoqJIcQZKgqmggv2xEg,37.771669,-122.421580,.jpg"
satellite_37.7563404196109_-122.39785235182141.png,"pwdg4lt_qOv6T3ZjnqjxqQ,37.756324,-122.397921,.jpg"
satellite_37.76651066564266_-122.3953623684429.png,"wqMiIADBRKi8hXjG1XkF2Q,37.766544,-122.395547,.jpg"
satellite_37.77766512903235_-122.39245738783463.png,"UMIDNzUNjsmtSbDHa9ZoMg,37.777639,-122.392275,.jpg"
satellite_37.75535620225298_-122.4480670166215.png,"wmhw2DfGN6F6zygc0WMb5w,37.755424,-122.447903,.jpg"
satellite_37.76847910035849_-122.39909734351068.png,"CJdh0IdK6hwMtXEwHki1Cg,37.768332,-122.399125,.jpg"
satellite_37.74485788376858_-122.41569723270078.png,"942JO_GVwycRSs17_-WHBg,37.745017,-122.415501,.jpg"
satellite_37.76093343394783_-122.43312711635039.png,"ZnVjmbh2S5f7_fpXNJttIQ,37.761029,-122.433112,.jpg"
satellite_37.78881959242203_-122.3970223573619.png,"h6elA1ELrk8r1bv1YEUrWw,37.788661,-122.397025,.jpg"
satellite_37.73764028981055_-122.41694222439004.png,"meHZH5x6iWJOTWVGx42rWg,37.737695,-122.416743,.jpg"
satellite_37.739936796979016_-122.41279225209252.png,"YJl_gmipzC7Y0DVdB-wIHw,37.739880,-122.412739,.jpg"
satellite_37.752075477726606_-122.42565716621485.png,"2fTG-jIxc0MPq1rMYKeULw,37.752026,-122.425833,.jpg"
satellite_37.73796836226319_-122.44350204709421.png,"MF2kXhBQLaZd16CL6YM3-Q,37.738131,-122.443664,.jpg"
satellite_37.77733705657971_-122.42731715513385.png,"FSogzFZttXB5J9J28HwgJQ,37.777342,-122.427128,.jpg"
satellite_37.772744042242785_-122.39245738783463.png,"QOv5K1l9hVwmgtS7W1Rurw,37.772702,-122.392469,.jpg"
satellite_37.79045995468522_-122.42399717729583.png,"SKawFe6aZ7HAnkW-plxfaw,37.790421,-122.424014,.jpg"
satellite_37.73764028981055_-122.41154726040325.png,"Mk_9PXeC0x9zcWN7_DlypQ,37.737619,-122.411587,.jpg"
satellite_37.761261506400466_-122.4356170997289.png,"90zpkXSuav7yRAlGYrW4Hg,37.761171,-122.435797,.jpg"
satellite_37.78881959242203_-122.40407731026771.png,"9wOLz_L8M7WtrxQCMQeZzA,37.788908,-122.404000,.jpg"
satellite_37.74584210112649_-122.40615229641647.png,"MBqhsoed9DP-of9Jc3KyRA,37.745785,-122.406044,.jpg"
satellite_37.783898505632465_-122.43935207479669.png,"k8tiLSoUviHBGUlg6SxnDg,37.783839,-122.439545,.jpg"
satellite_37.77536862186388_-122.43935207479669.png,"6IFuux5W8XHWFsT1GyDB3A,37.775228,-122.439558,.jpg"
satellite_37.75437198489507_-122.43437210803965.png,"B-RwMDsRatawqj5zh1SmDg,37.754274,-122.434369,.jpg"
satellite_37.74059294188429_-122.42192219114708.png,"sPYHWAkkJcnAc3QdYPKg_A,37.740702,-122.422068,.jpg"
satellite_37.78783537506411_-122.44682202493223.png,"unNhUkX-N3rpXnzsKdEEQw,37.787819,-122.446889,.jpg"
satellite_37.76749488300058_-122.41652722716029.png,"rWHzOODWMJGDst-mcwp9Qg,37.767494,-122.416637,.jpg"
satellite_37.74682631848441_-122.44599203047272.png,"fUgpm2XR1pMa_-boEs1ZRg,37.746897,-122.445887,.jpg"
satellite_37.73764028981055_-122.39204239060489.png,"dM3tDGy0PzlBPeEmyImn6Q,37.737510,-122.392159,.jpg"
satellite_37.77602476676916_-122.43105213020164.png,"Ia2k3jFUaj4TS3Q_4ubORw,37.775901,-122.431166,.jpg"
satellite_37.74977897055815_-122.43312711635039.png,"GLjvUD0Ud_KlBajTObWvog,37.749771,-122.432958,.jpg"
satellite_37.78980380977994_-122.39743735459166.png,"GNumGgMeRwbxX7-aATHaxg,37.789841,-122.397555,.jpg"
satellite_37.75470005734771_-122.39826734905117.png,"gu2WTfiWonjKRLawQCBCqw,37.754802,-122.398145,.jpg"
satellite_37.75076318791606_-122.3945323739834.png,"b_NklRWhbEgvzqDa_X-eLQ,37.750706,-122.394732,.jpg"
satellite_37.76552644828475_-122.44391704432397.png,"HpGKH8ZhZDvrr_cf3oJaYg,37.765516,-122.443740,.jpg"
satellite_37.79045995468522_-122.39079739891562.png,"rrL89uCYK9RR_Ew2s1MBcg,37.790326,-122.390771,.jpg"
satellite_37.75437198489507_-122.40283231857845.png,"saijepFHr1WZVFLUAcQrFQ,37.754493,-122.402901,.jpg"
satellite_37.76585452073739_-122.43354211358015.png,"p3MMQwCUd9QLNbrgPWc7dA,37.765857,-122.433707,.jpg"
satellite_37.75765270942145_-122.40988727148424.png,"4ygu2xEI7HepssstbVzdvw,37.757588,-122.409784,.jpg"
satellite_37.74715439093704_-122.44640702770248.png,"lWogTwwDuRNch2QB0IrXiQ,37.747272,-122.446563,.jpg"
satellite_37.753715839989795_-122.3970223573619.png,"OnapyZsvAC4FFnwCgHg9nQ,37.753632,-122.397217,.jpg"
satellite_37.752403550179245_-122.43063713297188.png,"4hKlNAj5wknk6YZkFzIpAg,37.752316,-122.430541,.jpg"
satellite_37.75863692677936_-122.4260721634446.png,"q1u7JygOW8F7_p9vBHJamg,37.758579,-122.425919,.jpg"
satellite_37.784554650537736_-122.45014200277025.png,"6eMeLHNiOm157guegZa19g,37.784619,-122.450096,.jpg"
satellite_37.75666849206354_-122.41569723270078.png,"4kZaD20U4cEhRqX9af3yzA,37.756626,-122.415596,.jpg"
satellite_37.751747405273974_-122.40449230749746.png,"aE7MOV5O4yf-wJtzVOP2LQ,37.751840,-122.404359,.jpg"
satellite_37.784554650537736_-122.4181872160793.png,"5kicemJsoaJsjhnlBlSFPg,37.784710,-122.418025,.jpg"
satellite_37.73928065207374_-122.43769208587767.png,"RqgAcHPHkEMRrE0SFaLyvQ,37.739294,-122.437704,.jpg"
satellite_37.78291428827455_-122.43105213020164.png,"2R92GIp5ywmjOpbQb--HNw,37.782994,-122.430845,.jpg"
satellite_37.73665607245264_-122.39577736567266.png,"iyCNW_b_uKl1WcDKR54FVg,37.736818,-122.395603,.jpg"
satellite_37.76979139016904_-122.40656729364622.png,"kMj2MR4Mz8jzOWMBjiuYPw,37.769795,-122.406584,.jpg"
satellite_37.742561376600115_-122.42192219114708.png,"V_6XRixXNnt4p-hJL8v0tg,37.742715,-122.421792,.jpg"
satellite_37.77175982488487_-122.43478710526941.png,"sNEtNaIcCcOqOV0zX5BZ6w,37.771599,-122.434635,.jpg"
satellite_37.784554650537736_-122.4198472049983.png,"y3TfM3HBuodX1ymJ0ugrbg,37.784464,-122.419924,.jpg"
satellite_37.73862450716847_-122.4356170997289.png,"4E1d0jC3eJw-u5y7Can8FQ,37.738668,-122.435518,.jpg"
satellite_37.75929307168464_-122.40698229087597.png,"sqlKWHE46hIfBX5uLxxdBQ,37.759229,-122.406878,.jpg"
satellite_37.77208789733751_-122.43810708310743.png,"bmPxGTgZ8AamnkqvB8HyxA,37.772132,-122.438025,.jpg"
satellite_37.75798078187409_-122.4497270055405.png,"AEAGa7vjKlZ6Wiw7O0zU2A,37.757862,-122.449915,.jpg"
satellite_37.74617017357913_-122.42192219114708.png,"IKjhqNRerNvSR_1rbIaLEA,37.746163,-122.421826,.jpg"
satellite_37.7868511577062_-122.44350204709421.png,"m14r6w8Jn5MpYpmb4_XF5w,37.786831,-122.443603,.jpg"
satellite_37.7389525796211_-122.43271211912064.png,"tfyGmEzuFo7XppngBl0fMQ,37.738894,-122.432786,.jpg"
satellite_37.77438440450597_-122.42233718837683.png,"X4DKBh2sFAYNWOfc3t_-9g,37.774400,-122.422537,.jpg"
satellite_37.78717923015884_-122.42026220222806.png,"Afi4nBrHK0Mdwxzn5Baz5w,37.787286,-122.420296,.jpg"
satellite_37.75962114413728_-122.45014200277025.png,"fgXwJoZeV2sOg3_RM08LpA,37.759572,-122.450093,.jpg"
satellite_37.784226578085104_-122.4181872160793.png,"_rn9bQGaY0Ih0X9GE__nrQ,37.784239,-122.417984,.jpg"
satellite_37.783570433179825_-122.39868234628092.png,"2UvPjk5DZeapbgCugyZqrw,37.783651,-122.398796,.jpg"
satellite_37.74748246338968_-122.41030226871399.png,"ukMw9Pu8fJQwfqFJo5S7NQ,37.747392,-122.410123,.jpg"
satellite_37.750107043010786_-122.4418420581752.png,"y_qFkpzkAlLVlqAX0K6dxw,37.750120,-122.441639,.jpg"
satellite_37.785210795443014_-122.44018206925618.png,"eZCPHgxl4uYprlPijbzFZw,37.785219,-122.440280,.jpg"
satellite_37.74452981131594_-122.40573729918671.png,"U0zd-ut8O93YcyXdQSeMKg,37.744663,-122.405756,.jpg"
satellite_37.785210795443014_-122.39660736013217.png,"D2jjqtT7Wnwq_MQ-AC2FRQ,37.785244,-122.396413,.jpg"
satellite_37.74551402867385_-122.43146712743138.png,"sOPVugi3JD18vcA-Dwxoiw,37.745478,-122.431340,.jpg"
satellite_37.78193007091664_-122.41030226871399.png,"RkFeSYtov81NyLUlX1NHJQ,37.782002,-122.410507,.jpg"
satellite_37.77208789733751_-122.41071726594375.png,"CWe9bB7M6Z5Q1QhAeKxYcA,37.772149,-122.410586,.jpg"
satellite_37.75666849206354_-122.44723702216199.png,"gyrl5wJFPYwgiwiCTQ4y4g,37.756692,-122.447047,.jpg"
satellite_37.78193007091664_-122.41320724932227.png,"gwRIJVtJG1OEI_NlOJPnGg,37.781939,-122.413350,.jpg"
satellite_37.774056332053334_-122.40117232965943.png,"MGOw7Cahan6Lgsab3Xv9jQ,37.774007,-122.401036,.jpg"
satellite_37.74977897055815_-122.43063713297188.png,"150M1U-r91e8Yha86KCS_A,37.749917,-122.430542,.jpg"
satellite_37.78881959242203_-122.39743735459166.png,"Fj9x-8NtKzT8iwO05rWwuA,37.788938,-122.397571,.jpg"
satellite_37.7789774188429_-122.39411737675364.png,"r8uQV8sP13Aok7TNccck1g,37.778960,-122.393961,.jpg"
satellite_37.77044753507432_-122.42441217452559.png,"HZBvEGBZonqlCMNzSdWKrQ,37.770367,-122.424605,.jpg"
satellite_37.752731622631885_-122.38996740445612.png,"xhLypF_UzVqmYpUsGdfILg,37.752895,-122.389765,.jpg"
satellite_37.74649824603177_-122.39370237952389.png,"sl70lLnmaMZLflMGPCAhUg,37.746558,-122.393671,.jpg"
satellite_37.76651066564266_-122.42441217452559.png,"go1I8_J7S2i5-8mOz3sG0w,37.766438,-122.424238,.jpg"
satellite_37.77438440450597_-122.44433204155371.png,"yLd8pOeBbUGBl2H2kcPfzQ,37.774356,-122.444489,.jpg"
satellite_37.75535620225298_-122.42399717729583.png,"iJppip0Fna0b4zZREtfWrg,37.755420,-122.423805,.jpg"
satellite_37.74813860829496_-122.43478710526941.png,"eoNn2EwfW-nZkMWY5saq0A,37.748030,-122.434956,.jpg"
satellite_37.77635283922179_-122.39370237952389.png,"sATXHSzwAnpiChNltJ1AQA,37.776305,-122.393777,.jpg"
satellite_37.78816344751675_-122.43312711635039.png,"1ssOiaLUhZXKeDtXu3Yekg,37.788081,-122.432923,.jpg"
satellite_37.773728259600695_-122.39204239060489.png,"5_C9FHo5qlsG1oHavKC7Hw,37.773881,-122.392241,.jpg"
satellite_37.78127392601136_-122.3953623684429.png,"IP9wQTTzFczFwy_THBdgsw,37.781310,-122.395258,.jpg"
satellite_37.74321752150539_-122.40407731026771.png,"b-arwCiUB7-Ncv-lYJE4iA,37.743147,-122.403934,.jpg"
satellite_37.743873666410664_-122.41030226871399.png,"vQuKwiA0h7oDQQZc0Qd8Ag,37.743929,-122.410405,.jpg"
satellite_37.754043912442434_-122.39204239060489.png,"vd88DzxBHKoXk0OQjT1NqQ,37.754104,-122.391901,.jpg"
satellite_37.76585452073739_-122.42856214682311.png,"8p3zdslLdC6uPHsTkgQeFg,37.765734,-122.428753,.jpg"
satellite_37.785210795443014_-122.39619236290241.png,"k91PS6rHjOfn1UwyA1zF_w,37.785183,-122.396337,.jpg"
satellite_37.75830885432673_-122.4269021579041.png,"Ib00CdHwbpeBiP4-ESCLEg,37.758174,-122.427070,.jpg"
satellite_37.75601234715826_-122.41445224101152.png,"2bTDsMr17S6f_Opp5rqD8Q,37.755861,-122.414449,.jpg"
satellite_37.76552644828475_-122.43146712743138.png,"wIcSk0L182M4xCyeLgL0Tg,37.765587,-122.431462,.jpg"
satellite_37.77832127393762_-122.40117232965943.png,"eLsVfXdNVl1F_8oD2aqM-Q,37.778288,-122.401005,.jpg"
satellite_37.73698414490528_-122.40490730472722.png,"HPKRpKgA0eI79fMraRePuA,37.737023,-122.404874,.jpg"
satellite_37.763558013568925_-122.4198472049983.png,"Io6NSSViNC3yrPHjBV7g7g,37.763399,-122.420031,.jpg"
satellite_37.742233304147476_-122.4024173213487.png,"6W9-t6PDJ2YZYVZ53cUSBw,37.742290,-122.402235,.jpg"
satellite_37.73960872452638_-122.41237725486276.png,"DZnE5mhayzQJGRZRrPJDXA,37.739521,-122.412307,.jpg"
satellite_37.74059294188429_-122.44225705540495.png,"nW1IJcPip-K1X_MQmp6doQ,37.740752,-122.442107,.jpg"
satellite_37.77307211469542_-122.42565716621485.png,"nUtavywUv9ZIqxh-JJ6F5g,37.773217,-122.425571,.jpg"
satellite_37.76946331771641_-122.43520210249916.png,"ep5IyiHxlqXgGREWD2YK5Q,37.769409,-122.435002,.jpg"
satellite_37.74059294188429_-122.4173572216198.png,"93sR9OIIthJLhs_jiTXMfw,37.740500,-122.417548,.jpg"
satellite_37.78193007091664_-122.41362224655202.png,"CCKtWJc_XYJ4E2LseBaTow,37.781910,-122.413581,.jpg"
satellite_37.78586694034829_-122.4497270055405.png,"zdzy4kCKgxTdiy8-Q1W94Q,37.786004,-122.449568,.jpg"
satellite_37.742233304147476_-122.42067719945781.png,"PPPeUpnd3qaQi3RW7bDzGg,37.742359,-122.420619,.jpg"
satellite_37.773728259600695_-122.39079739891562.png,"KLsNd3dkXzTfy4dCpUj5jw,37.773662,-122.390937,.jpg"
satellite_37.772744042242785_-122.4480670166215.png,"hnUPEoTXhckAO-SRgxG5Fg,37.772736,-122.448257,.jpg"
satellite_37.771103679979596_-122.41196225763301.png,"54I8T7K0sZxaSjr4L3TKQA,37.771101,-122.411955,.jpg"
satellite_37.74617017357913_-122.4173572216198.png,"nGhW5LIi9HikjSxG8glS_A,37.746088,-122.417542,.jpg"
satellite_37.77635283922179_-122.39494737121315.png,"qmfnnWlbWh1BilP_WWlmmA,37.776468,-122.394745,.jpg"
satellite_37.76946331771641_-122.4269021579041.png,"zEkIwrLcogeWz5haNjel1g,37.769345,-122.426703,.jpg"
satellite_37.774712476958605_-122.40117232965943.png,"JhdUtgimHXAn5WqmlrRkYg,37.774679,-122.401115,.jpg"
satellite_37.75470005734771_-122.42814714959336.png,"sd3oPrZhRfrIO9radi3Dcw,37.754864,-122.428043,.jpg"
satellite_37.7484666807476_-122.42980713851237.png,"xMlep6_ndLO1b6s-3YiFIw,37.748366,-122.429754,.jpg"
satellite_37.763558013568925_-122.39743735459166.png,"jnVX-U0rSJw3i3wazoz43A,37.763555,-122.397605,.jpg"
satellite_37.78553886789565_-122.43063713297188.png,"sU338oDcUV4r4viu0MwFwA,37.785420,-122.430447,.jpg"
satellite_37.75699656451617_-122.43437210803965.png,"S8wv-Eul6LCu8c-esJ6s0A,37.756923,-122.434478,.jpg"
satellite_37.7789774188429_-122.4111322631735.png,"VnT5QY51fAmSQf2-LABfdw,37.779052,-122.411138,.jpg"
satellite_37.753715839989795_-122.40822728256524.png,"NVLUo2ZYUpH-jJaBu2uzZg,37.753751,-122.408297,.jpg"
satellite_37.74518595622122_-122.43146712743138.png,"RPxzL2gRY_apjQ8aF5OefA,37.745023,-122.431538,.jpg"
satellite_37.78094585355873_-122.42358218006608.png,"LCAiXWJpY1s20DhHpnEV6g,37.781094,-122.423651,.jpg"
satellite_37.74321752150539_-122.43520210249916.png,"XZuLGabkwaHcQjFK2SP5vQ,37.743185,-122.435253,.jpg"
satellite_37.77668091167443_-122.43229712189088.png,"g0gr-l7kFH-nCrxzZUveQw,37.776667,-122.432262,.jpg"
satellite_37.742561376600115_-122.4111322631735.png,"LIm7TzXAcObAw7K6uyy8sA,37.742439,-122.411168,.jpg"
satellite_37.77602476676916_-122.44640702770248.png,"bQtAI5kz4CWphgi4H4QCpA,37.776058,-122.446491,.jpg"
satellite_37.774056332053334_-122.40864227979499.png,"2r7Xhwr5uoe2Z0rUn5DM8A,37.773976,-122.408833,.jpg"
satellite_37.7442017388633_-122.40490730472722.png,"v4ix0IZv5a-Pc25SbHkiLQ,37.744104,-122.404704,.jpg"
satellite_37.76880717281113_-122.42897714405287.png,"zIvPbmAMt-JfJRMlgoS9Pw,37.768732,-122.428978,.jpg"
satellite_37.76946331771641_-122.41569723270078.png,"VvNmOdcwyCECHzBj1xsKtQ,37.769543,-122.415629,.jpg"
satellite_37.74617017357913_-122.4181872160793.png,"ooML9chbo7C71Y1hhGWzkg,37.746039,-122.418039,.jpg"
satellite_37.751091260368696_-122.4426720526347.png,"5gDyl_PHrdipEtDah0R0pw,37.751189,-122.442826,.jpg"
satellite_37.784554650537736_-122.39328738229413.png,"RU7qc6yp4TvLvBC0XrlTzg,37.784585,-122.393119,.jpg"
satellite_37.76552644828475_-122.39785235182141.png,"gQ_a3V_p6iSW37pCx9S8tA,37.765480,-122.397771,.jpg"
satellite_37.77668091167443_-122.44101206371569.png,"HD6OvX7WSxN7mfCULOenEw,37.776548,-122.440846,.jpg"
satellite_37.774056332053334_-122.41694222439004.png,"wgK-Ewdr1s_MvgiqYd7-Pg,37.774097,-122.416770,.jpg"
satellite_37.7615895788531_-122.42399717729583.png,"hJ-FddGlGoxf7U1aEnc2mg,37.761637,-122.423912,.jpg"
satellite_37.76716681054794_-122.43686209141816.png,"Ra8ITh_Xamrte8Vpq3fjnw,37.767234,-122.436981,.jpg"
satellite_37.7563404196109_-122.43146712743138.png,"Z1ADULydWiDzWCO68S3E_Q,37.756280,-122.431442,.jpg"
satellite_37.75863692677936_-122.43229712189088.png,"ygdT1G4QMZa4QKrX8Gjnyw,37.758646,-122.432194,.jpg"
satellite_37.75666849206354_-122.40698229087597.png,"tMYzjl_0jeP23NF-CrAIAA,37.756771,-122.406781,.jpg"
satellite_37.74551402867385_-122.4356170997289.png,"llLIGYX-vFlUDNKgRiWTOQ,37.745550,-122.435813,.jpg"
satellite_37.76880717281113_-122.44889701108099.png,"i2BN9Mj9MnZnW6j8t4bZPw,37.768811,-122.448817,.jpg"
satellite_37.78980380977994_-122.39785235182141.png,"8mYLCPvgfkt18NfDDCyvfw,37.789677,-122.397765,.jpg"
satellite_37.77208789733751_-122.44059706648594.png,"EsBia6ArbX8Ju2O-TuFJAg,37.772026,-122.440637,.jpg"
satellite_37.75732463696881_-122.43229712189088.png,"n8qEchrSGxAqfpV-g4aQxw,37.757186,-122.432430,.jpg"
satellite_37.753715839989795_-122.41860221330904.png,"Eju51-1TxSLihDwSKzwBeQ,37.753853,-122.418679,.jpg"
satellite_37.76027728904255_-122.4111322631735.png,"82iW1IiS3hgEA8acnSmsVw,37.760261,-122.410979,.jpg"
satellite_37.74781053584232_-122.39287238506438.png,"5_ndR0rx5nmycVKTp-q65g,37.747705,-122.393024,.jpg"
satellite_37.75666849206354_-122.4260721634446.png,"3sO66UiaQdw6dl4byyjjhQ,37.756624,-122.425881,.jpg"
satellite_37.753059695084524_-122.4111322631735.png,"hY5yaID8ks0Epac4sDlXBQ,37.753082,-122.411023,.jpg"
satellite_37.764870303379475_-122.44101206371569.png,"vbBc24VVpzwEPMrW5jLPeg,37.764974,-122.440891,.jpg"
satellite_37.74912282565287_-122.4181872160793.png,"e0oo0-D6bv2K1CbIkqncxA,37.748963,-122.418120,.jpg"
satellite_37.75962114413728_-122.43229712189088.png,"inNfTdVELOD0syw23YNKOA,37.759479,-122.432162,.jpg"
satellite_37.76552644828475_-122.42150719391732.png,"pr4gEkwh69egstfFdAXIdQ,37.765542,-122.421457,.jpg"
satellite_37.763558013568925_-122.41569723270078.png,"_LtN0EpiUzKGMvnIA4_guQ,37.763700,-122.415554,.jpg"
satellite_37.783898505632465_-122.44848201385123.png,"aonQeTnC3bSpDmgd9yXeFA,37.783956,-122.448286,.jpg"
satellite_37.743873666410664_-122.4190172105388.png,"8VTaMOe88X8a4dDQzDSsPw,37.743806,-122.418851,.jpg"
satellite_37.77700898412707_-122.42482717175534.png,"EsmMhP0ONcf-0KF5ilHU6g,37.776859,-122.424662,.jpg"
satellite_37.76880717281113_-122.45014200277025.png,"yk1B0LFkoaI23-dIXeuwBQ,37.768671,-122.449935,.jpg"
satellite_37.73862450716847_-122.4190172105388.png,"nmlqNl5D8alkEoeaGuT7hA,37.738510,-122.418851,.jpg"
satellite_37.78028970865345_-122.40117232965943.png,"1Q3QW0tn8PAS6RjNEWS0JQ,37.780330,-122.401326,.jpg"
satellite_37.786195012800924_-122.42109219668757.png,"6YPzTcZYRs3GZLT1QK9T2Q,37.786224,-122.421149,.jpg"
satellite_37.75929307168464_-122.43603209695866.png,"z7Nl02TOiM7YDDWXFySC1w,37.759195,-122.436000,.jpg"
satellite_37.74092101433693_-122.39909734351068.png,"iVFfWuyeRS8SICO94MS4IA,37.740834,-122.398921,.jpg"
satellite_37.76847910035849_-122.44599203047272.png,"RbTBwPn3msR2zVqc_Ga6TA,37.768638,-122.445840,.jpg"
satellite_37.73862450716847_-122.39909734351068.png,"6ZmjjGYriQZy6fw0WEal4g,37.738618,-122.399128,.jpg"
satellite_37.74452981131594_-122.40822728256524.png,"vcV5gmT1ON6SBi5UJoGu-A,37.744470,-122.408020,.jpg"
satellite_37.762573796211015_-122.43312711635039.png,"G64t0ujwQHjxPe8Ws0My-A,37.762681,-122.432981,.jpg"
satellite_37.76880717281113_-122.40905727702474.png,"DTDi6m5TxmfFfPUj-OEMkw,37.768924,-122.408902,.jpg"
satellite_37.77733705657971_-122.44682202493223.png,"Hare9dBhPLLtwX4K9AAe2Q,37.777367,-122.446876,.jpg"
satellite_37.786195012800924_-122.4497270055405.png,"C2GbDFk0iBJAbJNaY6xWdQ,37.786036,-122.449607,.jpg"
satellite_37.751419332821335_-122.40739728810573.png,"tnmRar5g04Bc0qkEWsFl8Q,37.751293,-122.407555,.jpg"
satellite_37.75470005734771_-122.42939214128262.png,"UsXBAqaUo_RN3kKg28BuXw,37.754795,-122.429457,.jpg"
satellite_37.77766512903235_-122.39992733797018.png,"EOz-e4JHVqximUFVkBzlig,37.777604,-122.399986,.jpg"
satellite_37.75437198489507_-122.39868234628092.png,"UlDNElrhaUBi7FNHsLySpg,37.754304,-122.398652,.jpg"
satellite_37.752731622631885_-122.40656729364622.png,"6IFhil1IVMZCur8cJ4sbIg,37.752862,-122.406426,.jpg"
satellite_37.74092101433693_-122.44682202493223.png,"J8xFUGfunWn4k6eA1VWZhw,37.741003,-122.446726,.jpg"
satellite_37.76060536149519_-122.43810708310743.png,"WgK09_eujW3dk3sSV4AY-Q,37.760732,-122.438269,.jpg"
satellite_37.77766512903235_-122.43271211912064.png,"83hKzSHJM29YvoobARTrCA,37.777576,-122.432848,.jpg"
satellite_37.78061778110609_-122.4426720526347.png,"9tfPr0aXlYLhtZ9jJY9p1g,37.780635,-122.442748,.jpg"
satellite_37.78061778110609_-122.40117232965943.png,"MwDEYNj5WN4SCcxZ13W5dg,37.780487,-122.401124,.jpg"
satellite_37.75863692677936_-122.44765201939174.png,"Xie9BYQDIxfF4gjRx3f1zw,37.758661,-122.447496,.jpg"
satellite_37.741577159242205_-122.43852208033718.png,"YKve0zWxHwY68VnaqV48MQ,37.741449,-122.438629,.jpg"
satellite_37.751419332821335_-122.4497270055405.png,"aXEWsqTJhPBZf4bVbCKETw,37.751256,-122.449746,.jpg"
satellite_37.752731622631885_-122.39121239614538.png,"Pi6VCwqrwTkJ4Jz5amLwlQ,37.752627,-122.391260,.jpg"
satellite_37.772744042242785_-122.39826734905117.png,"9rGfquqmZbOsRSq2SwelEg,37.772614,-122.398160,.jpg"
satellite_37.74945089810551_-122.42565716621485.png,"DBtadQv4pPR-RIzgyrYXTQ,37.749399,-122.425835,.jpg"
satellite_37.73764028981055_-122.4252421689851.png,"GNw-UZJK6AnXckVYFuhkew,37.737478,-122.425253,.jpg"
satellite_37.77799320148498_-122.41569723270078.png,"hZP72PwlOjFgkV8jgPSzxQ,37.778102,-122.415665,.jpg"
satellite_37.77077560752696_-122.40615229641647.png,"MCWUZGe2OaXgx3UqdKgUSw,37.770761,-122.406152,.jpg"
satellite_37.763229941116286_-122.39743735459166.png,"7ubb5USdrix_qZSl3eENNQ,37.763149,-122.397567,.jpg"
satellite_37.74059294188429_-122.39619236290241.png,"7BgyP2FLGvuvP_s3gZXdGA,37.740571,-122.396347,.jpg"
satellite_37.77143175243223_-122.41694222439004.png,"-mVocT6WtB7PMl1Z6B7biQ,37.771582,-122.417089,.jpg"
satellite_37.772415969790146_-122.43893707756693.png,"YYr2_RTZQtvS-YHWfy0Tpg,37.772431,-122.438991,.jpg"
satellite_37.73665607245264_-122.42980713851237.png,"ByS8QxAW8z-TLI8udyz79A,37.736755,-122.429799,.jpg"
satellite_37.78717923015884_-122.43520210249916.png,"xW6H5-6Xb_s9kbtGjGTGKw,37.787304,-122.435021,.jpg"
satellite_37.74715439093704_-122.44059706648594.png,"6UOBNwBuYaD0wXDQ_4V2Og,37.747071,-122.440432,.jpg"
satellite_37.77175982488487_-122.43437210803965.png,"SVcFZCinFCbNcD3iMKYHXg,37.771629,-122.434401,.jpg"
satellite_37.74945089810551_-122.4480670166215.png,"5prMH0NbK7NlMZ10RL38-g,37.749303,-122.447886,.jpg"
satellite_37.763886086021564_-122.43354211358015.png,"ny1LmJQFYbPpVDFoBs8EgA,37.763919,-122.433574,.jpg"
satellite_37.774712476958605_-122.40739728810573.png,"WWAMgpTG4B9MIDdgqP99bg,37.774798,-122.407194,.jpg"
satellite_37.78849151996939_-122.38996740445612.png,"72oQwQ2oL_jrV_U_hvBU8w,37.788517,-122.389902,.jpg"
satellite_37.7442017388633_-122.4356170997289.png,"bYWwnNw4iKr_Kl-uDrnksA,37.744205,-122.435635,.jpg"
satellite_37.7789774188429_-122.40739728810573.png,"s-yIMsFQ4XjxUCiazDYszg,37.779137,-122.407486,.jpg"
satellite_37.73928065207374_-122.43810708310743.png,"sqxfd9RrSr-oAqeB84JZ6A,37.739301,-122.437933,.jpg"
satellite_37.76027728904255_-122.3953623684429.png,"zFw3AjaWI3EShH4Sy7XNxA,37.760372,-122.395401,.jpg"
satellite_37.762245723758376_-122.41362224655202.png,"8dRAlAwDUVCIdt4mY5LavA,37.762213,-122.413420,.jpg"
satellite_37.774056332053334_-122.44557703324297.png,"QQ9RgKaoywZDzEh0OPtKQw,37.774052,-122.445443,.jpg"
satellite_37.74092101433693_-122.40532230195696.png,"1Bx5S1WfY8yldxMVNM3b4A,37.740896,-122.405241,.jpg"
satellite_37.73960872452638_-122.42399717729583.png,"6nxVH3FdzCRJUPgRs6Epkg,37.739527,-122.424193,.jpg"
satellite_37.76847910035849_-122.40034233519994.png,"d_0JJX3tEChd4n4MZiqO_g,37.768609,-122.400476,.jpg"
satellite_37.7789774188429_-122.41403724378176.png,"o2S6P1A2Ppuo_hS8KL1dYg,37.779130,-122.414181,.jpg"
satellite_37.78127392601136_-122.42026220222806.png,"xv_Hzmbqh4p9MUePeVkh7Q,37.781376,-122.420404,.jpg"
satellite_37.77077560752696_-122.44225705540495.png,"6fFgS37NAPZbZQwNe1F9YQ,37.770858,-122.442060,.jpg"
satellite_37.77700898412707_-122.40781228533548.png,"r0qNbSJJSwE3gQ7x7w-OeA,37.776918,-122.407639,.jpg"
satellite_37.7868511577062_-122.43188212466113.png,"JfOJwxlK8cymCklbwZgOww,37.786710,-122.431712,.jpg"
satellite_37.78061778110609_-122.39079739891562.png,"NTbJxJOWmroYcSswQh-QDw,37.780711,-122.390756,.jpg"
satellite_37.77077560752696_-122.41777221884955.png,"qqmDRuKUZ1glRk-jqDHcyA,37.770617,-122.417783,.jpg"
satellite_37.784226578085104_-122.40988727148424.png,"_hgbsSBoDRjkZFMRGiK-tg,37.784288,-122.409792,.jpg"
satellite_37.78750730261148_-122.44350204709421.png,"37E78FdtQM9GQEpTrCBNPw,37.787633,-122.443597,.jpg"
satellite_37.742889449052754_-122.44516203601322.png,"aNU_9LukzLKH1KhjNnOa6g,37.742939,-122.445214,.jpg"
satellite_37.741905231694844_-122.40573729918671.png,"VGStFEtzSRGtWcSYt6o6jA,37.741745,-122.405576,.jpg"
satellite_37.75535620225298_-122.40490730472722.png,"813qCXVBzh9zGqLG6pq30Q,37.755256,-122.405107,.jpg"
satellite_37.77011946262168_-122.3970223573619.png,"rOzkdhXEG3puKOwTwRfUYA,37.770138,-122.396936,.jpg"
satellite_37.76191765130574_-122.44433204155371.png,"goh68LEVxx558PYPY-mxVw,37.761902,-122.444338,.jpg"
satellite_37.78816344751675_-122.43893707756693.png,"q9mYmYIjqWir8doUsW8N8Q,37.788248,-122.439015,.jpg"
satellite_37.79013188223258_-122.42731715513385.png,"D1DED4IyMRQVBhx3S3VE8g,37.790150,-122.427378,.jpg"
satellite_37.783898505632465_-122.42192219114708.png,"c6eYBWMNA2A8mX8DhqjU_w,37.783751,-122.421822,.jpg"
satellite_37.7389525796211_-122.43852208033718.png,"-WPr53_F071DsG8cACEGTw,37.738981,-122.438599,.jpg"
satellite_37.774056332053334_-122.4111322631735.png,"2blzeJn1H4HX5QItZN5ACQ,37.774112,-122.411201,.jpg"
satellite_37.73698414490528_-122.43852208033718.png,"X0JFVX-PepxKKKlqV_RIKw,37.737006,-122.438453,.jpg"
satellite_37.76191765130574_-122.44557703324297.png,"iO_nHVb9SaPKzirtwQX0kw,37.761935,-122.445446,.jpg"
satellite_37.75043511546342_-122.4356170997289.png,"XTnpqbZErZts25R-ISxm-w,37.750387,-122.435780,.jpg"
satellite_37.77963356374817_-122.4356170997289.png,"P2IVTzzVzfMHrvVeVjMfTw,37.779622,-122.435582,.jpg"
satellite_37.77208789733751_-122.39826734905117.png,"B-YKntjXFTGDe9vlBl48og,37.771932,-122.398100,.jpg"
satellite_37.77602476676916_-122.42980713851237.png,"C3AKQ-LZriGWp8uyxeSjaw,37.776033,-122.429912,.jpg"
satellite_37.77307211469542_-122.44474703878346.png,"4guPGPP8AhR6-mNhu2YNBA,37.773164,-122.444704,.jpg"
satellite_37.774056332053334_-122.39660736013217.png,"_2SNjGM2u61EweRLFY64wQ,37.774112,-122.396557,.jpg"
satellite_37.78652308525356_-122.4094722742545.png,"3JGdjh32HJAlvELt0iFfvg,37.786624,-122.409409,.jpg"
satellite_37.75699656451617_-122.40781228533548.png,"rgUoWuL_dBHJXb_T0D2oYg,37.756876,-122.407697,.jpg"
satellite_37.742561376600115_-122.41071726594375.png,"SXtPbUgGgbBFu5hzc_5s0w,37.742450,-122.410886,.jpg"
satellite_37.75601234715826_-122.39826734905117.png,"HMWYGzpGcjLPVfTB_cz0TQ,37.755880,-122.398311,.jpg"
satellite_37.73960872452638_-122.4181872160793.png,"52wUb2EcHTHX5H9QZUQtPg,37.739755,-122.418321,.jpg"
satellite_37.7668387380953_-122.41071726594375.png,"3-TmPUL_juMPYvqf2OzHQA,37.766931,-122.410742,.jpg"
satellite_37.774056332053334_-122.40698229087597.png,"2sRbfK8HLFpsQYx83dgH3g,37.774186,-122.407187,.jpg"
satellite_37.742561376600115_-122.40490730472722.png,"1cAu0mx-WJ-MGB3Q7uhmLQ,37.742660,-122.404979,.jpg"
satellite_37.77602476676916_-122.44557703324297.png,"v_SllqpddwTck1X5nxZwQA,37.775962,-122.445545,.jpg"
satellite_37.78553886789565_-122.39868234628092.png,"vNMID4xgjtLFWFktEx34-Q,37.785395,-122.398729,.jpg"
satellite_37.751747405273974_-122.43727708864792.png,"ssYudqhhPtVPwf45ifax2Q,37.751909,-122.437396,.jpg"
satellite_37.774712476958605_-122.41486723824127.png,"_F9_hVnYq4WHUkXXq6htww,37.774564,-122.415010,.jpg"
satellite_37.7442017388633_-122.40117232965943.png,"KP0VsNJ6Itsqty51R6dMyg,37.744072,-122.401152,.jpg"
satellite_37.77832127393762_-122.41030226871399.png,"9Qxw7hKejyH0jxTDA7ERdw,37.778309,-122.410108,.jpg"
satellite_37.76782295545322_-122.44723702216199.png,"r45KbTPnknBFCaEn6GBo6w,37.767788,-122.447353,.jpg"
satellite_37.74879475320023_-122.4497270055405.png,"Ln3Oc2_C3osV-i0gc3lC6g,37.748689,-122.449865,.jpg"
satellite_37.782586215821915_-122.41237725486276.png,"Jl2QAXS6eHNoHXDzltIO0A,37.782620,-122.412316,.jpg"
satellite_37.781601998464_-122.39411737675364.png,"6JVhnHbhmeDwfOOrlPyiZA,37.781756,-122.394038,.jpg"
satellite_37.77766512903235_-122.42648716067436.png,"aWDFSM-ASPUtFcWQPNZe7g,37.777644,-122.426547,.jpg"
satellite_37.78783537506411_-122.39868234628092.png,"vtIgg2ek7IStvFVJ2EZCIQ,37.787986,-122.398793,.jpg"
satellite_37.77077560752696_-122.43063713297188.png,"hQ3akH-wcpXN72aLEUiF5w,37.770705,-122.430436,.jpg"
satellite_37.77700898412707_-122.41943220776855.png,"ttMGu3M4IxE6oWtSiI0opw,37.776892,-122.419601,.jpg"
satellite_37.78717923015884_-122.4260721634446.png,"m0cH-AFLxiPZpRS49i_XRA,37.787024,-122.426082,.jpg"
satellite_37.73731221735791_-122.40490730472722.png,"pHVKyPWByLOaLXtla3e-Jw,37.737152,-122.404867,.jpg"
satellite_37.75076318791606_-122.41943220776855.png,"3dECiDJb8rMBxIh30xd4IA,37.750810,-122.419447,.jpg"
satellite_37.784882722990375_-122.41279225209252.png,"-mqS7G21rheTlzUpUUze7g,37.784861,-122.412702,.jpg"
satellite_37.76782295545322_-122.43354211358015.png,"lX-4EfTcZ7vOoUdjIym0mw,37.767964,-122.433481,.jpg"
satellite_37.76454223092684_-122.39370237952389.png,"5a7QYIAEQQrsCbGUn9CbTA,37.764610,-122.393805,.jpg"
satellite_37.76979139016904_-122.44848201385123.png,"Mu9wzOEnF7s3sP0-hNg0mg,37.769776,-122.448568,.jpg"
satellite_37.79045995468522_-122.44474703878346.png,"iV_OlFRVeutsO-avLXrBpg,37.790296,-122.444562,.jpg"
satellite_37.73796836226319_-122.41154726040325.png,"yjF3IsMxW6og2tF2F1zPyw,37.738077,-122.411531,.jpg"
satellite_37.77077560752696_-122.44557703324297.png,"jMnj_Iq27s_Cko4zJ2ahxQ,37.770680,-122.445453,.jpg"
satellite_37.781601998464_-122.41486723824127.png,"PUn9mL7yKpr6aywwBtlPBQ,37.781741,-122.414940,.jpg"
satellite_37.78980380977994_-122.4181872160793.png,"7xOtiLAFEr-lYzQ2cMphhw,37.789947,-122.418101,.jpg"
satellite_37.75830885432673_-122.4260721634446.png,"7koZS3OYzdfPVXvhN8wbJw,37.758410,-122.425904,.jpg"
satellite_37.762901868663654_-122.40490730472722.png,"qOyz9hQMTdmRZAqaWZFDkw,37.762830,-122.405101,.jpg"
satellite_37.78849151996939_-122.40366231303796.png,"aRUmRlq6G4SruAjuvg7o0Q,37.788505,-122.403616,.jpg"
satellite_37.78652308525356_-122.42192219114708.png,"cLjMDtXOjbs-86hHag-rXw,37.786594,-122.421871,.jpg"
satellite_37.77569669431652_-122.3970223573619.png,"bzqkDoRoL45S8WkfMyVB4A,37.775564,-122.396911,.jpg"
satellite_37.751419332821335_-122.44433204155371.png,"1veeDiGXapYU3ILyl_Xz2g,37.751357,-122.444539,.jpg"
satellite_37.74354559395803_-122.43063713297188.png,"pnHwIUPhfaQ009xdxZFO0g,37.743479,-122.430641,.jpg"
satellite_37.773400187148056_-122.45014200277025.png,"YDyxyHsW0-0AlPDniH1_ew,37.773469,-122.450017,.jpg"
satellite_37.78553886789565_-122.4181872160793.png,"3-_VwjBHRQbv_jyb1tIVDQ,37.785682,-122.418030,.jpg"
satellite_37.75732463696881_-122.43976707202644.png,"iz4ZCV4vvtQYc97bQeDLSA,37.757178,-122.439872,.jpg"
satellite_37.77832127393762_-122.43354211358015.png,"6SLst5L77O13xVyRbLzTSA,37.778393,-122.433746,.jpg"
satellite_37.77832127393762_-122.39660736013217.png,"bV14YIDFvZ_bIlpQ9pGZTQ,37.778345,-122.396689,.jpg"
satellite_37.772744042242785_-122.40283231857845.png,"Zbtj5HOyz8xbUukh9Vsx1Q,37.772720,-122.402731,.jpg"
satellite_37.77766512903235_-122.39121239614538.png,"FfE_hHQB1RJw8XUVeE2zPA,37.777582,-122.391071,.jpg"
satellite_37.76618259319003_-122.4198472049983.png,"LzopPO9hhBxdhoaKN3ULHQ,37.766082,-122.419792,.jpg"
satellite_37.78881959242203_-122.42897714405287.png,"p97RjNk2yjMMYObPI2sb5Q,37.788860,-122.428807,.jpg"
satellite_37.7789774188429_-122.42067719945781.png,"mZWhNx-Q4nf4NfW3zjtYHg,37.778941,-122.420749,.jpg"
satellite_37.73731221735791_-122.43727708864792.png,"7wAM3AwqZo-habRe-8t8WA,37.737170,-122.437244,.jpg"
satellite_37.77733705657971_-122.41320724932227.png,"yi0ZaPPUeFYeyugcFoxMwQ,37.777340,-122.413049,.jpg"
satellite_37.75765270942145_-122.40781228533548.png,"M5Jv8phhgfgz5KE9ClmnnA,37.757532,-122.407771,.jpg"
satellite_37.78750730261148_-122.42856214682311.png,"y7mnZDl-Yi5yjzKRG6Ektg,37.787669,-122.428555,.jpg"
satellite_37.773728259600695_-122.40407731026771.png,"Y7BeracQqrk5RrOUqXXBSg,37.773747,-122.404021,.jpg"
satellite_37.73928065207374_-122.41030226871399.png,"Zvz89WJRsErQT1fUYfZD7Q,37.739397,-122.410170,.jpg"
satellite_37.78914766487467_-122.44723702216199.png,"LD0szy27iTVIjbgQoLIYTw,37.789114,-122.447194,.jpg"
satellite_37.78291428827455_-122.42150719391732.png,"OKji4hIKWiTS8LoObz3CBA,37.782808,-122.421472,.jpg"
satellite_37.751747405273974_-122.44723702216199.png,"6GkDmU-GB5FbTlDj-2ERpA,37.751703,-122.447033,.jpg"
satellite_37.771103679979596_-122.42441217452559.png,"3BiivcEdUB5iVXbXO4Z_hA,37.771091,-122.424582,.jpg"
satellite_37.741905231694844_-122.41486723824127.png,"_8Gc72j92ZulEzb_aopL5w,37.742011,-122.415051,.jpg"
satellite_37.78783537506411_-122.44848201385123.png,"4oeUvBaxINMrjFs9VI8_BA,37.787699,-122.448639,.jpg"
satellite_37.77668091167443_-122.44474703878346.png,"4YOwUytEjtcF_OKswg-krQ,37.776599,-122.444940,.jpg"
satellite_37.74748246338968_-122.39411737675364.png,"My5hjLMBeG1eeO21qw8Q8Q,37.747332,-122.394276,.jpg"
satellite_37.741905231694844_-122.43063713297188.png,"Yau5mMbxCLGMRU8RCqV-9A,37.741869,-122.430835,.jpg"
satellite_37.759949216589916_-122.41611222993053.png,"bd2AKbiVZJicXl1v6OFTFg,37.760029,-122.415915,.jpg"
satellite_37.78816344751675_-122.44889701108099.png,"U_JxF3krdbAbtET1IN_9eg,37.788210,-122.448721,.jpg"
satellite_37.73928065207374_-122.40034233519994.png,"qjd-fUZ2OddqVly_DTTT0Q,37.739312,-122.400297,.jpg"
satellite_37.79013188223258_-122.4094722742545.png,"Sl9fMPdcbc9ESEXRqCEl6A,37.790080,-122.409310,.jpg"
satellite_37.73796836226319_-122.44516203601322.png,"PdeTjmcy3noK0O-S-CVdOw,37.738031,-122.445108,.jpg"
satellite_37.78094585355873_-122.39370237952389.png,"1ZIZ6wULyQMEHn53c5l8fg,37.781045,-122.393791,.jpg"
satellite_37.74551402867385_-122.42192219114708.png,"Zc0hVZJmGr9HobyZNEetSw,37.745542,-122.422011,.jpg"
satellite_37.76946331771641_-122.43603209695866.png,"dN8VGMXAQFYomrJqaWNDuA,37.769320,-122.435967,.jpg"
satellite_37.75338776753716_-122.42399717729583.png,"rQZOyNuEpKjA1y7dHkovtA,37.753541,-122.423920,.jpg"
satellite_37.78717923015884_-122.39245738783463.png,"oTsf6xssOzmI0Ex2m0iUMQ,37.787070,-122.392452,.jpg"
satellite_37.753715839989795_-122.43146712743138.png,"NlRyHAAUMaVgPwrjbOQ5nw,37.753873,-122.431350,.jpg"
satellite_37.78061778110609_-122.4198472049983.png,"-7Y7AI7k592DV-kDBW5x0Q,37.780636,-122.419961,.jpg"
satellite_37.73698414490528_-122.43893707756693.png,"8IEKiK5-GoTEbLj3H4LOgA,37.736881,-122.438898,.jpg"
satellite_37.76946331771641_-122.40532230195696.png,"5_froTNL3nLSmj8hlPY-yg,37.769595,-122.405167,.jpg"
satellite_37.73960872452638_-122.40573729918671.png,"ugxp2dRiP3QopRx2smi3Hw,37.739508,-122.405580,.jpg"
satellite_37.7389525796211_-122.43727708864792.png,"aunqcXmej4Wg2D-_OwJyTQ,37.738790,-122.437196,.jpg"
satellite_37.77996163620081_-122.40407731026771.png,"7rWdlyoZ0hLd0E_6IrNPfw,37.779839,-122.403941,.jpg"
satellite_37.76815102790585_-122.42192219114708.png,"TIjja4fvihafp3uTqS8AUQ,37.768159,-122.422064,.jpg"
satellite_37.74649824603177_-122.39079739891562.png,"GO-R3ODWSFv5Nn8jnkyGnA,37.746630,-122.390806,.jpg"
satellite_37.78127392601136_-122.40117232965943.png,"I4Az41ig7k49uki3Pti7-g,37.781251,-122.401056,.jpg"
satellite_37.7868511577062_-122.44225705540495.png,"p9ZZFH4AfXY4IYxQ16bYBg,37.786869,-122.442436,.jpg"
satellite_37.76782295545322_-122.4480670166215.png,"oddj8Res9IzoTHB3uxi6hg,37.767901,-122.448233,.jpg"
satellite_37.751747405273974_-122.40532230195696.png,"4VpFED2qUUP7gmrLto-Krw,37.751602,-122.405230,.jpg"
satellite_37.73960872452638_-122.41320724932227.png,"NbpWAHqEEkFaIk0pQJmUWA,37.739614,-122.413385,.jpg"
satellite_37.7789774188429_-122.40075733242969.png,"hYg1CSCEInQHhwqPxZqrPA,37.778995,-122.400824,.jpg"
satellite_37.7894757373273_-122.41362224655202.png,"4BuNLKP6CTdL9o3KL1vc-Q,37.789570,-122.413497,.jpg"
satellite_37.77766512903235_-122.39577736567266.png,"crAeXQVSy4ax8I3cHV5klw,37.777635,-122.395956,.jpg"
satellite_37.763558013568925_-122.4032473158082.png,"j8pE94Dk6tt3TjUQGfX0DA,37.763485,-122.403333,.jpg"
satellite_37.77700898412707_-122.44889701108099.png,"6VoBZOx283eT79pZsAOXfw,37.777052,-122.448961,.jpg"
satellite_37.775040549411244_-122.39619236290241.png,"F7YE24w2pdxuw000IxZXHw,37.774978,-122.396027,.jpg"
satellite_37.751091260368696_-122.40615229641647.png,"25iTD7Ts314vgn4Fg7qQ1g,37.751061,-122.406085,.jpg"
satellite_37.78849151996939_-122.42939214128262.png,"l8hTglzdBIZlfBSv0JB4OQ,37.788546,-122.429264,.jpg"
satellite_37.74682631848441_-122.43810708310743.png,"9xS1EP7B4bL4QAY_nDOmmQ,37.746852,-122.438095,.jpg"
satellite_37.74649824603177_-122.44433204155371.png,"zFfR1z8o3xUxSejXZTNXFA,37.746638,-122.444227,.jpg"
satellite_37.77832127393762_-122.40615229641647.png,"p5f33jM9INeblGr2zdy23g,37.778230,-122.406332,.jpg"
satellite_37.76552644828475_-122.39868234628092.png,"pOBl0M9g5kYVQXSs5851yw,37.765674,-122.398760,.jpg"
satellite_37.740264869431655_-122.40075733242969.png,"SHfWde1VIgvbZzX8dFq0eg,37.740393,-122.400620,.jpg"
satellite_37.781601998464_-122.4173572216198.png,"o7I55I-HfkjaKgwqs7j-iw,37.781502,-122.417247,.jpg"
satellite_37.75568427470562_-122.40158732688919.png,"h_6m-863W8l2KrG5v3iEzg,37.755531,-122.401744,.jpg"
satellite_37.784226578085104_-122.40449230749746.png,"utzCsUWtSPCynGieWUO_Lg,37.784297,-122.404533,.jpg"
satellite_37.77963356374817_-122.43022213574213.png,"NUoGU9UOtsO1vV97RhAN-A,37.779691,-122.430337,.jpg"
satellite_37.7789774188429_-122.41320724932227.png,"VizBCVkYsTuj8tzAwEevmA,37.779083,-122.413117,.jpg"
satellite_37.74354559395803_-122.40739728810573.png,"2BMuoyGKwCDPda07lz798Q,37.743629,-122.407421,.jpg"
satellite_37.77438440450597_-122.39660736013217.png,"3bIrwdfxyYPSRGLd2SFQyA,37.774222,-122.396528,.jpg"
satellite_37.7642141584742_-122.40366231303796.png,"6YLHvghBhvlcUizR3rur9A,37.764145,-122.403461,.jpg"
satellite_37.78849151996939_-122.39245738783463.png,"1xVx4WZ6wXc38BdgjjRRhw,37.788336,-122.392339,.jpg"
satellite_37.7389525796211_-122.40822728256524.png,"dXgd2Kfbf98s-57n_sbiUg,37.739111,-122.408171,.jpg"
satellite_37.7894757373273_-122.44723702216199.png,"hrFDgiXP0xPy9rzsnJN53Q,37.789485,-122.447230,.jpg"
satellite_37.758964999232_-122.39619236290241.png,"6xcBd0O9XS_TztcKW4xbtg,37.758810,-122.396181,.jpg"
satellite_37.77208789733751_-122.41860221330904.png,"mab2_38fzWHXCcz7grI9oQ,37.772079,-122.418459,.jpg"
satellite_37.76749488300058_-122.41652722716029.png,"LeKTWLilyfwtXDzf7ao2-g,37.767583,-122.416644,.jpg"
satellite_37.73928065207374_-122.43063713297188.png,"m03M0bn8dUgIUd9MyURp3w,37.739138,-122.430776,.jpg"
satellite_37.741905231694844_-122.42316718283632.png,"TxEI09HiW97pxcmTkP_E4A,37.741968,-122.423342,.jpg"
satellite_37.75043511546342_-122.43727708864792.png,"eOzJOEkglvSoqiLJmOgC3Q,37.750311,-122.437274,.jpg"
satellite_37.7484666807476_-122.4032473158082.png,"rbZVTXAtqZARt2HJF49lxA,37.748575,-122.403443,.jpg"
satellite_37.78881959242203_-122.39826734905117.png,"WrViwph-CyrMOWWyH-7Rnw,37.788663,-122.398309,.jpg"
satellite_37.739936796979016_-122.43146712743138.png,"YjXmyTsZlamcCBlbrGsfJA,37.740056,-122.431296,.jpg"
satellite_37.754043912442434_-122.40822728256524.png,"1SEOy0q0fhr5NzQH9BVTTA,37.753927,-122.408316,.jpg"
satellite_37.77536862186388_-122.41362224655202.png,"w2t-ygFzUmoiX-7S0mKcTA,37.775254,-122.413437,.jpg"
satellite_37.753059695084524_-122.40615229641647.png,"HnvP65Q9ao-fsXnRYXkYbQ,37.753044,-122.406282,.jpg"
satellite_37.7894757373273_-122.43022213574213.png,"J2l_4LC-02tsGbfIlNdMTQ,37.789331,-122.430384,.jpg"
satellite_37.76093343394783_-122.40822728256524.png,"cPT6re6mg71Tshs7Z_PS6g,37.760818,-122.408116,.jpg"
satellite_37.76847910035849_-122.4181872160793.png,"lly0XCDP5QY4OCeWSxk9hw,37.768386,-122.418225,.jpg"
satellite_37.75765270942145_-122.43810708310743.png,"16W0IlsTdQ2__2xtdz6r_A,37.757547,-122.437964,.jpg"
satellite_37.751747405273974_-122.4277321523636.png,"_YWRUrh6KNGKqQldrbv8GQ,37.751673,-122.427708,.jpg"
satellite_37.742233304147476_-122.40407731026771.png,"leGCJpatLfZ_7hcSnZtGyw,37.742332,-122.404072,.jpg"
satellite_37.74649824603177_-122.40407731026771.png,"zYV7MNKXki6UrQyrEvLwbg,37.746411,-122.404229,.jpg"
satellite_37.77438440450597_-122.39162739337513.png,"EfGKxGgzs7XH9-JNvGoIcg,37.774503,-122.391707,.jpg"
satellite_37.78783537506411_-122.43603209695866.png,"uWWNdRVvlwUWHVOoy6F5Iw,37.787711,-122.435851,.jpg"
satellite_37.73928065207374_-122.43437210803965.png,"rL80vVuw1JmjPr-z1rpA4w,37.739169,-122.434213,.jpg"
satellite_37.77077560752696_-122.40449230749746.png,"9ppMlfRxokWrl9MHV4W8pA,37.770615,-122.404560,.jpg"
satellite_37.7442017388633_-122.40656729364622.png,"br9Pdie-Wm3uR-2zMZcnfw,37.744259,-122.406699,.jpg"
satellite_37.78028970865345_-122.41237725486276.png,"54VSMRSRbnJtPVwJuk4D6g,37.780450,-122.412448,.jpg"
satellite_37.74977897055815_-122.41445224101152.png,"VLGW6ugtgGjmoXjDm4sHFQ,37.749928,-122.414431,.jpg"
satellite_37.74485788376858_-122.40905727702474.png,"BjVqOfgxOcbBpaL1mr5bmQ,37.745015,-122.409056,.jpg"
satellite_37.76847910035849_-122.41860221330904.png,"9_ugF6xNq_-D_lZyaYsNhA,37.768373,-122.418462,.jpg"
satellite_37.76093343394783_-122.40822728256524.png,"TobFHd7uIgteOjyDokWhfw,37.760903,-122.408123,.jpg"
satellite_37.77766512903235_-122.39951234074043.png,"SIx8FEjdi8FnfJj5wsSnYg,37.777525,-122.399585,.jpg"
satellite_37.76880717281113_-122.40864227979499.png,"A1SUAGtqV1TTY2LnqTXcKA,37.768879,-122.408669,.jpg"
satellite_37.742561376600115_-122.40988727148424.png,"Pdx1f_1WmhV8090GC9ar1A,37.742420,-122.410046,.jpg"
satellite_37.753059695084524_-122.42275218560657.png,"_0hRa-rZPuDNq_CrNhLkDg,37.753135,-122.422953,.jpg"
satellite_37.73960872452638_-122.41279225209252.png,"L1UaMwwzWjOxXq2fyZYpVQ,37.739698,-122.412753,.jpg"
satellite_37.73829643471583_-122.42441217452559.png,"jpXMUhdd1Jq0h6GwFDtqOw,37.738231,-122.424395,.jpg"
satellite_37.739936796979016_-122.41445224101152.png,"gc2iUeT_Kvp7P_ZEOzAbrg,37.739877,-122.414605,.jpg"
satellite_37.78127392601136_-122.40739728810573.png,"HjvHH5dpXpUsOGjKpQ8arw,37.781315,-122.407196,.jpg"
satellite_37.76979139016904_-122.4426720526347.png,"JDVcuBAFUrHOHKa_Ov4siA,37.769646,-122.442476,.jpg"
satellite_37.742561376600115_-122.44889701108099.png,"9fTn_1FfosL8yP97h_Y85A,37.742622,-122.449059,.jpg"
satellite_37.741905231694844_-122.43188212466113.png,"wzMc3x801iU-zhWwesMw9Q,37.741806,-122.431713,.jpg"
satellite_37.742561376600115_-122.42316718283632.png,"uux1Y0TOlCMcb2osfsxoxQ,37.742494,-122.423169,.jpg"
satellite_37.772415969790146_-122.40822728256524.png,"j3T3kPQYzcLR9bZ6ZKfs-g,37.772268,-122.408430,.jpg"
satellite_37.753059695084524_-122.42316718283632.png,"7M8OMREeSzVehFeGUDqfXA,37.753031,-122.423040,.jpg"
satellite_37.786195012800924_-122.41611222993053.png,"V7G8il7VxGOB8bWRNZmI1w,37.786335,-122.416154,.jpg"
satellite_37.782586215821915_-122.4426720526347.png,"_Omh3WeWDwhSLNh2mJwolQ,37.782588,-122.442637,.jpg"
satellite_37.762245723758376_-122.40366231303796.png,"vpyWvTwOPrMPSAj28n2YqA,37.762173,-122.403839,.jpg"
satellite_37.78750730261148_-122.3945323739834.png,"hO2U96_kX5JAdvC-_v59xQ,37.787393,-122.394410,.jpg"
satellite_37.762901868663654_-122.40822728256524.png,"oux0S74ZkIGY3mJxyUpJjA,37.762831,-122.408317,.jpg"
satellite_37.77963356374817_-122.43686209141816.png,"-SG9IzjeiW04iBHFIbM67g,37.779665,-122.437036,.jpg"
satellite_37.783242360727186_-122.44142706094544.png,"Mu4TOPvT0LTYeFKA2ew57A,37.783318,-122.441233,.jpg"
satellite_37.761261506400466_-122.4269021579041.png,"rwOmeVSoogDWUE1FH9F0Sg,37.761416,-122.426768,.jpg"
satellite_37.782586215821915_-122.39909734351068.png,"3fuZgq7cBMprpWY_DWqwyA,37.782483,-122.399249,.jpg"
