satellite,panorama
satellite_47.58225436149519_-122.31462478843227.png,"EPdy_wwpT03WDToUUDkHnQ,47.582113,-122.314680,.jpg"
satellite_47.6206388384538_-122.30830101342465.png,"hBINksblh8QdgDU-TAoJgA,47.620507,-122.308466,.jpg"
satellite_47.5727402603687_-122.32873167114155.png,"9g4ZB5ACUzA3nwTUnRuIMQ,47.572901,-122.328972,.jpg"
satellite_47.59504918714806_-122.30538234803653.png,"tZrbrREH8xhwUayltqvNqw,47.595206,-122.305178,.jpg"
satellite_47.59865798412707_-122.31657056535768.png,"3SFUMI8jHBwP7XbMEJyoxg,47.598530,-122.316360,.jpg"
satellite_47.57930170942145_-122.32143500767124.png,"HpR41Up08zPD4pVEHji5FA,47.579366,-122.321372,.jpg"
satellite_47.57503676753716_-122.28884324417047.png,"3ZVIeYMbD0r-byJqdq2IOw,47.574995,-122.288831,.jpg"
satellite_47.585207013568926_-122.29516701917808.png,"yV6mnWmSzIqBMc17SlQyxw,47.585254,-122.295120,.jpg"
satellite_47.585863158474204_-122.33505544614917.png,"z66G93lbSCDL4Nr73xl5kw,47.585916,-122.335158,.jpg"
satellite_47.58028592677936_-122.31900278651446.png,"JKoSwtAAjyQQIygE3C3fYQ,47.580124,-122.319036,.jpg"
satellite_47.594393042242785_-122.32386722882801.png,"-hmYnGwcH-FByhPjd7DKdA,47.594474,-122.323765,.jpg"
satellite_47.57667712980035_-122.29078902109589.png,"uW_GD-KZGSin_v2peSVWSg,47.576734,-122.290591,.jpg"
satellite_47.57864556451617_-122.30830101342465.png,"PvyKueEfOAIc9ysmtuuBKw,47.578724,-122.308262,.jpg"
satellite_47.58258243394783_-122.3131654557382.png,"QT0bkFmy1yfXwCqXp6PwCQ,47.582555,-122.313394,.jpg"
satellite_47.605875578085104_-122.31024679035008.png,"Kq5fz0WSkZVSwF3F947QqA,47.605779,-122.310256,.jpg"
satellite_47.60751594034829_-122.33165033652968.png,"K6yhxrrMEwxs5g1mm-Hn_w,47.607602,-122.331777,.jpg"
satellite_47.61276509959049_-122.29176190955859.png,"en2zJ5cgyWn1i8OHJYK63g,47.612912,-122.291731,.jpg"
satellite_47.588159665642664_-122.3282452269102.png,"JWfMzmupV5pTVO6RD5340w,47.588168,-122.328392,.jpg"
satellite_47.59997027393762_-122.32581300575343.png,"RO7pwsfJFZ8IOWLf68P4ZA,47.599887,-122.325714,.jpg"
satellite_47.573396405273975_-122.28981613263318.png,"xmGaxsoLfeKflV1nLuSc1w,47.573262,-122.289921,.jpg"
satellite_47.59997027393762_-122.32532656152208.png,"1ZQVGW7UwGOq6ExiZGchrQ,47.599843,-122.325314,.jpg"
satellite_47.61309317204313_-122.30635523649924.png,"9Zkvq1Tt9ntcXZxQnR5hYg,47.613084,-122.306268,.jpg"
satellite_47.56125772452638_-122.32532656152208.png,"1_tBxkMlAIg2lIxJIHHZrg,47.561243,-122.325098,.jpg"
satellite_47.60161063620081_-122.31754345382039.png,"oFf-wEIVg2ySGoM_sdjS1w,47.601507,-122.317752,.jpg"
satellite_47.596361476958606_-122.28932968840182.png,"sZ9ZRw8o9-OUERT_fzDvtg,47.596481,-122.289093,.jpg"
satellite_47.564538449052755_-122.29711279610349.png,"TVjCG-zGUIWQO692nqz2qA,47.564448,-122.297247,.jpg"
satellite_47.584550868663655_-122.29565346340944.png,"fKfG88aGoRtNxImACMY7zg,47.584502,-122.295454,.jpg"
satellite_47.6085001577062_-122.28932968840182.png,"SS87jfH-NXzzU5PGm2YZcw,47.608369,-122.289457,.jpg"
satellite_47.56683495622122_-122.33310966922375.png,"n0BR-lP8Y_cXnlEsmXR7kw,47.566908,-122.333312,.jpg"
satellite_47.56125772452638_-122.29078902109589.png,"itz43DoQoB_s6mTY0rgo9g,47.561260,-122.291023,.jpg"
satellite_47.56978760829496_-122.29468057494672.png,"zUeQH4xhFb-ji6NubjBpJQ,47.569833,-122.294488,.jpg"
satellite_47.585535086021565_-122.33456900191781.png,"HuQ5Zm5Q1V-4Pe2bJjo2qA,47.585699,-122.334513,.jpg"
satellite_47.61440546185368_-122.32192145190258.png,"iZB05H1dN6v-PYALFG3JbA,47.614537,-122.322136,.jpg"
satellite_47.6111247373273_-122.30489590380517.png,"StoSlOBNMUF7Hfjq9tu4Sg,47.611078,-122.305021,.jpg"
satellite_47.61407738940105_-122.29370768648401.png,"ftMTEh5r4IvyQAqoM_TTCg,47.613957,-122.293773,.jpg"
satellite_47.595705332053335_-122.3335961134551.png,"LBzx5rRA1dFkFppU6VrTRg,47.595560,-122.333630,.jpg"
satellite_47.56388230414748_-122.2961399076408.png,"LRDlVF9gbHbNVfEyu0shnA,47.563796,-122.296029,.jpg"
satellite_47.59865798412707_-122.33213678076103.png,"iMryYPLGB9An-NRZh5jhhQ,47.598530,-122.332255,.jpg"
satellite_47.56814724603177_-122.32338078459665.png,"dbp_P08Vs-gquEqRqtw54A,47.568051,-122.323466,.jpg"
satellite_47.573396405273975_-122.3185163422831.png,"tgYOqdXVPkB05i3kYPFC3g,47.573252,-122.318333,.jpg"
satellite_47.57962978187409_-122.29078902109589.png,"PFbg-RX_BYkRC09J_n4_7Q,47.579654,-122.290638,.jpg"
satellite_47.60915630261148_-122.32581300575343.png,"I1CRRl3ZBjLTQwpVDaZqPw,47.609108,-122.325801,.jpg"
satellite_47.60981244751675_-122.29954501726027.png,"pn4nccQnwyNE3CYzOFAZtQ,47.609706,-122.299532,.jpg"
satellite_47.61046859242203_-122.30878745765601.png,"1j1uj2OSDgb0FzmEsDhqRQ,47.610370,-122.308947,.jpg"
satellite_47.59832991167443_-122.31948923074582.png,"rSlQ1nEOqJo-dAtv4ACbQw,47.598323,-122.319352,.jpg"
satellite_47.58619123092684_-122.32484011729072.png,"XALhUX2KgmhCe9qNKI-LGA,47.586118,-122.324936,.jpg"
satellite_47.607187867895654_-122.32629944998479.png,"dKRKUb0jQzNjMrK0iTS-Yw,47.607318,-122.326439,.jpg"
satellite_47.57930170942145_-122.31121967881279.png,"P8b9z8mlhoUxi1qEuJClLA,47.579462,-122.311251,.jpg"
satellite_47.574380622631885_-122.30538234803653.png,"Pb94gp4NepqXkeg-AVW1BQ,47.574541,-122.305263,.jpg"
satellite_47.57962978187409_-122.28884324417047.png,"qHULRAK210xszrxo_2IlUQ,47.579687,-122.289030,.jpg"
satellite_47.57634905734771_-122.2927347980213.png,"iGluhC2Zg3zUtEkqFlcWDA,47.576485,-122.292508,.jpg"
satellite_47.59931412903235_-122.3282452269102.png,"H-3RelhuhGA1OfmApwraHw,47.599252,-122.328022,.jpg"
satellite_47.60981244751675_-122.31267901150684.png,"-eZY9_JfxHG9nKNnxEeIrQ,47.609849,-122.312860,.jpg"
satellite_47.61014051996939_-122.3024636826484.png,"lUvpUBXgsI3zKGKZN7GjKg,47.610032,-122.302295,.jpg"
satellite_47.616701969022145_-122.33797411153729.png,"Dm-0JM_o96xm2uc2kxhBKQ,47.616787,-122.338181,.jpg"
satellite_47.55928928981055_-122.33408255768646.png,"myYdVRRz1dF1KY1LiOkXdA,47.559295,-122.334139,.jpg"
satellite_47.564210376600116_-122.30149079418568.png,"u9QLhPE6MTlhaaiqLaE4BQ,47.564165,-122.301589,.jpg"
satellite_47.606859795443015_-122.29030257686453.png,"t8EOEf8YXcR24usVn04jjA,47.606800,-122.290238,.jpg"
satellite_47.61178088223258_-122.31948923074582.png,"Q_HL5J_xnTK8adutPu-cBA,47.611928,-122.319320,.jpg"
satellite_47.55830507245264_-122.28884324417047.png,"R0r3QXp8YK45fAKELBkqBQ,47.558371,-122.288839,.jpg"
satellite_47.61735811392742_-122.31900278651446.png,"v8kGhg4oAW8rtwBlhuDj7Q,47.617245,-122.318857,.jpg"
satellite_47.58356665130574_-122.30051790572298.png,"5LFU7ZaTz2M0OaQn-VNadQ,47.583647,-122.300436,.jpg"
satellite_47.585207013568926_-122.33505544614917.png,"KYsVaQrkXETV2u_BEJad3w,47.585184,-122.335142,.jpg"
satellite_47.59964220148498_-122.33213678076103.png,"HfofiWLXFnqqeA2Xbxzexw,47.599588,-122.332246,.jpg"
satellite_47.605547505632465_-122.32094856343988.png,"3UH9hP1kFCo_MvYluBHE2A,47.605566,-122.320855,.jpg"
satellite_47.59242460752696_-122.32581300575343.png,"2rvFrLf_gLLYoH3nkWhAEw,47.592292,-122.326013,.jpg"
satellite_47.56650688376858_-122.33310966922375.png,"HJ3NtNKReHmgM_z2QQKnDw,47.566542,-122.333309,.jpg"
satellite_47.60357907091664_-122.28884324417047.png,"7fBH8qqyOMqGchoodvercA,47.603431,-122.288939,.jpg"
satellite_47.60390714336928_-122.33700122307458.png,"Gande9R13rvnsLLSE5N_jw,47.603807,-122.337004,.jpg"
satellite_47.57142797055815_-122.32873167114155.png,"bJrfmMwsuzfc5PMZLi219Q,47.571406,-122.328751,.jpg"
satellite_47.60292292601136_-122.3078145691933.png,"OCyIfvLefEb5UVPwt385UA,47.603077,-122.307688,.jpg"
satellite_47.6085001577062_-122.2927347980213.png,"kaXdVszRtxsfqKCEQJXNfQ,47.608482,-122.292917,.jpg"
satellite_47.61374931694841_-122.31462478843227.png,"w9n4EbM7J1BnMNkOZDRnKw,47.613783,-122.314648,.jpg"
satellite_47.59209653507432_-122.33116389229833.png,"99uEtni1y9J30cP6t99pIg,47.592035,-122.330973,.jpg"
satellite_47.58192628904255_-122.32921811537291.png,"PP9b0pvW2DdiyVcpCQnDKw,47.581776,-122.329033,.jpg"
satellite_47.5701156807476_-122.29905857302892.png,"9FOdExo4y7T-74R63m3CJQ,47.570050,-122.299191,.jpg"
satellite_47.62096691090643_-122.32386722882801.png,"YPWYw5ElSfKxiFHSK_Np3Q,47.620860,-122.324106,.jpg"
satellite_47.605547505632465_-122.31413834420091.png,"AK9TYv9gShjtWQpQ1JodeA,47.605463,-122.314191,.jpg"
satellite_47.55961736226319_-122.31802989805175.png,"6ax-IolGQMrKCs6-f05r1A,47.559663,-122.317826,.jpg"
satellite_47.573068332821336_-122.28884324417047.png,"MKsy-J1UlY8XeMDQUER7qg,47.572925,-122.288867,.jpg"
satellite_47.60226678110609_-122.28787035570775.png,"aPy3vZOOgYjI9Ww4JuGdiw,47.602108,-122.287675,.jpg"
satellite_47.59767376676916_-122.2927347980213.png,"5lqNdl3vk_5g980mFm_kFw,47.597727,-122.292648,.jpg"
satellite_47.61046859242203_-122.29370768648401.png,"jDKddb5y-d2n4G0rHDEYAQ,47.610452,-122.293857,.jpg"
satellite_47.61342124449577_-122.30878745765601.png,"UZybKP5VaONGsjYIiB1bCg,47.613471,-122.308877,.jpg"
satellite_47.617030041474784_-122.33116389229833.png,"JZu8xAqponMwTcqbKsSpnQ,47.617068,-122.330965,.jpg"
satellite_47.59832991167443_-122.31511123266363.png,"r9fqx6delRsFjZOVetNf6A,47.598323,-122.315101,.jpg"
satellite_47.57208411546342_-122.3034365711111.png,"3tBkjik1V6QpZtFWrNf_8A,47.571953,-122.303362,.jpg"
satellite_47.588159665642664_-122.3034365711111.png,"pdrSibyTBRF0svgaA237Cw,47.588239,-122.303313,.jpg"
satellite_47.585207013568926_-122.32921811537291.png,"K7yze5jccUzFitlBgfpdWg,47.585346,-122.329053,.jpg"
satellite_47.56847531848441_-122.33310966922375.png,"vmM83vN0QS1ejvIhOt-KqQ,47.568364,-122.333330,.jpg"
satellite_47.61998269354852_-122.31413834420091.png,"4FI_YzWZ9P81mpPM72TQPA,47.619979,-122.314274,.jpg"
satellite_47.57864556451617_-122.33408255768646.png,"AaV-DP8lL6RREiNIBB3MwA,47.578543,-122.334177,.jpg"
satellite_47.61506160675896_-122.33748766730594.png,"yVld5m0WRi3wR298elEsdw,47.615110,-122.337407,.jpg"
satellite_47.61374931694841_-122.32873167114155.png,"BjND_YNyA0mmUvt7-R5D3A,47.613688,-122.328566,.jpg"
satellite_47.588159665642664_-122.32629944998479.png,"pibw7w8NGP7DXaEr5H2Zbw,47.588249,-122.326398,.jpg"
satellite_47.59176846262168_-122.3078145691933.png,"-OapU_3s3Vdd7Iv0h3Y3lA,47.591884,-122.307823,.jpg"
satellite_47.59045617281113_-122.30976034611872.png,"PSnUpUsXEhe4wih9DPpTSg,47.590540,-122.309975,.jpg"
satellite_47.61965462109588_-122.33505544614917.png,"dy3ralw4sfNt68HEbRsOmA,47.619723,-122.334830,.jpg"
satellite_47.58258243394783_-122.30878745765601.png,"Q880C6QtZSZl5T-XI3cxcQ,47.582576,-122.308839,.jpg"
satellite_47.56814724603177_-122.30197723841704.png,"PeVEqqSIQaPOvEgi7JkdLg,47.568242,-122.301824,.jpg"
satellite_47.59308075243223_-122.3078145691933.png,"fI6lhe-NiJdABGn8QKr7Dg,47.592926,-122.308002,.jpg"
satellite_47.60029834639026_-122.33019100383562.png,"Lpd4dswsTi_7kF7zZ658-A,47.600195,-122.330349,.jpg"
satellite_47.5884877380953_-122.29954501726027.png,"RqB-MNoWNEmRgvFrWxvILQ,47.588325,-122.299562,.jpg"
satellite_47.619326548643244_-122.32581300575343.png,"hibp6vzk9_v5RdgCv8btpg,47.619237,-122.325857,.jpg"
satellite_47.61178088223258_-122.30003146149163.png,"yAHb2LL_t-O7u22IYIwV0A,47.611806,-122.300143,.jpg"
satellite_47.61145280977994_-122.33797411153729.png,"Nh6dxGg6T_GTKXiy21oZZQ,47.611465,-122.337884,.jpg"
satellite_47.59340882488487_-122.31997567497717.png,"SC4FXMxqDKkmHjpDfKTq5A,47.593480,-122.320202,.jpg"
satellite_47.6006264188429_-122.3282452269102.png,"VbY4rJgM8nAAioe3Sv3Ohw,47.600778,-122.328336,.jpg"
satellite_47.5779894196109_-122.3228943403653.png,"XuncifpVrQgNaAm0bXaeQA,47.578119,-122.323050,.jpg"
satellite_47.55863314490528_-122.31073323458143.png,"hLrW50FqHXFI4AWO0REd6Q,47.558772,-122.310548,.jpg"
satellite_47.60357907091664_-122.29370768648401.png,"PV290_toOKJ4NHXHThcq0g,47.603516,-122.293743,.jpg"
satellite_47.56683495622122_-122.31413834420091.png,"K2QcFS6K8QUV0sp5bDRJPw,47.566714,-122.314175,.jpg"
satellite_47.577005202252984_-122.31413834420091.png,"c82fM8HQGwXVdtDf3_cXug,47.576878,-122.314105,.jpg"
satellite_47.607187867895654_-122.31705700958904.png,"kpXUak4Hw425qdzWKWj3Xw,47.607118,-122.316836,.jpg"
satellite_47.584550868663655_-122.32873167114155.png,"WN79bFYEum4ZShCVrjVVGA,47.584684,-122.328633,.jpg"
satellite_47.606203650537736_-122.33262322499239.png,"wfFlnYrx-TaXDsd9d1s-aA,47.606145,-122.332845,.jpg"
satellite_47.59865798412707_-122.31365189996956.png,"F-x1P4HFFMlvEcVoOEc88w,47.598596,-122.313524,.jpg"
satellite_47.61374931694841_-122.29662635187213.png,"SmPeG74AbYfZryRpkpXR8Q,47.613739,-122.296863,.jpg"
satellite_47.58159821658992_-122.32775878267884.png,"xSNEAYNqRx-ghnehKjdhEA,47.581512,-122.327608,.jpg"
satellite_47.60128256374817_-122.3034365711111.png,"XLDNwL-WEsTJcNDLXTZQhA,47.601150,-122.303460,.jpg"
satellite_47.57667712980035_-122.32143500767124.png,"602fGq-Wf5VshYB_FClFAA,47.576595,-122.321503,.jpg"
satellite_47.616373896569506_-122.30976034611872.png,"yrnL6d3eGGpNzpHQSiRfpw,47.616446,-122.309806,.jpg"
satellite_47.618014258832694_-122.31559767689498.png,"yrR6f2aTm3XodIjlAI8r3w,47.618172,-122.315611,.jpg"
satellite_47.60948437506411_-122.3335961134551.png,"YQAyvh5RPuWPdJj3_r0z4w,47.609415,-122.333650,.jpg"
satellite_47.56388230414748_-122.29224835378994.png,"rYIn-0qRSRGluYqVm1bA0g,47.563779,-122.292239,.jpg"
satellite_47.61506160675896_-122.33505544614917.png,"ufvn_6LGYpzkgPz7RvylWA,47.615146,-122.335113,.jpg"
satellite_47.575692912442435_-122.32046211920853.png,"M1cVbpsHCWijtYyBxW5uiQ,47.575834,-122.320279,.jpg"
satellite_47.61342124449577_-122.33067744806698.png,"s58ZEUG1B3XICw8q6Xabjg,47.613581,-122.330568,.jpg"
satellite_47.58914388300058_-122.33505544614917.png,"KCSMbZ6ZIp_PX9gegQvbwA,47.589302,-122.335150,.jpg"
satellite_47.57241218791606_-122.30051790572298.png,"1Csgc1NdQb0bM5d6kG5Kqw,47.572385,-122.300584,.jpg"
satellite_47.57044375320023_-122.33408255768646.png,"OGTKjqKY-vnOQhcc5BJgkQ,47.570569,-122.334121,.jpg"
satellite_47.60915630261148_-122.31948923074582.png,"wTynD3XG9iW3_s2rXLzSlQ,47.609044,-122.319613,.jpg"
satellite_47.57930170942145_-122.33651477884322.png,"1ellpferRDmyOLfptKhRQw,47.579430,-122.336708,.jpg"
satellite_47.58717544828475_-122.32921811537291.png,"rXtlF2ouoz8ptCONUlbRcw,47.587318,-122.329049,.jpg"
satellite_47.605219433179826_-122.32435367305936.png,"GdyZbTc6xdr8kzKFH6dWhg,47.605249,-122.324509,.jpg"
satellite_47.597017621863884_-122.2927347980213.png,"DKS0DgIif0MEjFXZsGKUFA,47.596919,-122.292671,.jpg"
satellite_47.60882823015884_-122.33797411153729.png,"bCv-z-jtQmtB4T1MOAs6aA,47.608940,-122.337824,.jpg"
satellite_47.57241218791606_-122.28835679993911.png,"FQlO5uCHW6RMmt1FMaV6cA,47.572456,-122.288181,.jpg"
satellite_47.57175604301079_-122.32484011729072.png,"xX-xERh4Q7EbrnJAZZdCkg,47.571709,-122.324723,.jpg"
satellite_47.617030041474784_-122.32338078459665.png,"fYPfbY3KPfFCbVhe8S4JNQ,47.616976,-122.323465,.jpg"
satellite_47.616373896569506_-122.31900278651446.png,"T0qeQCojJ1W5B3481TLSQg,47.616429,-122.318924,.jpg"
satellite_47.61309317204313_-122.30830101342465.png,"L7YznG0QM0jIQXlI9qUvWw,47.612937,-122.308199,.jpg"
satellite_47.56125772452638_-122.33846055576865.png,"w75LvSxpGJxAG9z4fqw4AQ,47.561406,-122.338425,.jpg"
satellite_47.564210376600116_-122.31267901150684.png,"zjucy385ZScnVnxHdJ_4Ew,47.564261,-122.312776,.jpg"
satellite_47.59111231771641_-122.31608412112634.png,"YqcWdWIUi2H7bZNVoQUTHg,47.591262,-122.316004,.jpg"
satellite_47.596361476958606_-122.33456900191781.png,"iqfJpj3NEZA8F50jSWvyLw,47.596511,-122.334345,.jpg"
satellite_47.57503676753716_-122.31073323458143.png,"CArY5MzyqjO7yQCLTfnqrQ,47.575111,-122.310807,.jpg"
satellite_47.61867040373797_-122.29224835378994.png,"8eyplVf5dzSnDCU2DtUX8w,47.618509,-122.292379,.jpg"
satellite_47.615389679211596_-122.29954501726027.png,"T2ubj_TZb1coshz-XQk-Tg,47.615312,-122.299393,.jpg"
satellite_47.5701156807476_-122.31608412112634.png,"S4HXGQvJq88STdgkOH974w,47.570005,-122.316047,.jpg"
satellite_47.58291050640047_-122.3034365711111.png,"Cs6QMHAXNsLxq7MDl8HZdw,47.582973,-122.303285,.jpg"
satellite_47.616373896569506_-122.32094856343988.png,"M0zTF1Mpr_Sjngwj7MMFSQ,47.616244,-122.320874,.jpg"
satellite_47.57667712980035_-122.2961399076408.png,"YZB4zhQ4mb5UOW2Rm1Kkyg,47.576838,-122.296304,.jpg"
satellite_47.5727402603687_-122.30927390188737.png,"K4TteUnDpVgUSC5oKGw4wA,47.572879,-122.309090,.jpg"
satellite_47.5606015796211_-122.28787035570775.png,"RYikjfqmGjNlxmb1POLe6g,47.560692,-122.287756,.jpg"
satellite_47.58291050640047_-122.30149079418568.png,"ZUYMjjDCCQC9NUFsNcVE6A,47.582768,-122.301630,.jpg"
satellite_47.57766134715826_-122.32435367305936.png,"38FDeh207p9pp6XJ_dubGA,47.577704,-122.324298,.jpg"
satellite_47.57044375320023_-122.28884324417047.png,"WkUwLlnFLt8Os2L0Ra750Q,47.570420,-122.288919,.jpg"
satellite_47.60915630261148_-122.29078902109589.png,"_xxS6_3IVraFV7VILzgGdg,47.609268,-122.290836,.jpg"
satellite_47.607844012800925_-122.31754345382039.png,"1-ExS2M2YYe8_fK9g5sT6Q,47.608005,-122.317303,.jpg"
satellite_47.617686186380055_-122.29905857302892.png,"5JBU-hRFM3FG-mtu-Xkfkg,47.617781,-122.299245,.jpg"
satellite_47.59931412903235_-122.29905857302892.png,"jzfl-Z_ZskREQ3AvmCd5Ew,47.599237,-122.298972,.jpg"
satellite_47.5606015796211_-122.29322124225266.png,"WgMYn_qjtfc0LkVPFlVmzg,47.560482,-122.293375,.jpg"
satellite_47.55896121735791_-122.29468057494672.png,"IhmB12oHo7TSo157Az6UvQ,47.558940,-122.294764,.jpg"
satellite_47.56027350716847_-122.28884324417047.png,"zL4S1NMiFkhEd3JjjsiqxQ,47.560123,-122.288856,.jpg"
satellite_47.564538449052755_-122.33116389229833.png,"uLBd-2EciN75OlR_fbJsQw,47.564650,-122.331038,.jpg"
satellite_47.619326548643244_-122.3024636826484.png,"2n1ITWZpqyrxOiQyw1vOlg,47.619485,-122.302481,.jpg"
satellite_47.60882823015884_-122.29419413071537.png,"tRNhpRmw-mPEeQD71liUJA,47.608990,-122.294408,.jpg"
satellite_47.563554231694845_-122.31705700958904.png,"UeZR9mUPlM_sO1g5aigANw,47.563490,-122.317247,.jpg"
satellite_47.58356665130574_-122.31413834420091.png,"m1rp4mU0GhmT23WXBQfPHQ,47.583525,-122.314039,.jpg"
satellite_47.56388230414748_-122.32484011729072.png,"w2iYC0cdh-qEJRr1bFjIQg,47.563799,-122.324786,.jpg"
satellite_47.59504918714806_-122.30830101342465.png,"6ek8BfnjXDSj_5FdjhinnQ,47.595172,-122.308446,.jpg"
satellite_47.598001839221794_-122.31608412112634.png,"kZj4o-NHWw2n6h4hnsaCEw,47.598096,-122.316021,.jpg"
satellite_47.616373896569506_-122.31559767689498.png,"eMpKMKKs6xnXVBiKWaNWHQ,47.616411,-122.315549,.jpg"
satellite_47.59111231771641_-122.28981613263318.png,"TKi99TG_wuwIoQtvfE_pNw,47.591136,-122.289830,.jpg"
satellite_47.586847375832114_-122.29419413071537.png,"4yfjFUHx3vUaPiArkqU-6Q,47.586897,-122.294423,.jpg"
satellite_47.56749110112649_-122.3335961134551.png,"_AYS7LZpLJfh6Wh8mhVp5g,47.567328,-122.333456,.jpg"
satellite_47.588159665642664_-122.3335961134551.png,"wzmN1iXa08b7_YsgPp3fgg,47.588194,-122.333710,.jpg"
satellite_47.58980002790585_-122.32143500767124.png,"I3QlRkugj9vVTJD8ubJxNg,47.589877,-122.321207,.jpg"
satellite_47.59176846262168_-122.30003146149163.png,"WrjGnR0MqGtApH_252EXmg,47.591655,-122.300167,.jpg"
satellite_47.57175604301079_-122.31219256727549.png,"jq3s4w6bezlHHagxt-C80Q,47.571628,-122.312434,.jpg"
satellite_47.59997027393762_-122.31754345382039.png,"8rg8a_3vpwkBl5Iw_4M9BA,47.600022,-122.317397,.jpg"
satellite_47.565850738863304_-122.29662635187213.png,"BBfatltiEIeRZ_X_jVHwNw,47.565900,-122.296766,.jpg"
satellite_47.57831749206354_-122.29419413071537.png,"nHtZ07gqMywi1xF9-Yax3g,47.578337,-122.294108,.jpg"
satellite_47.584222796211016_-122.3024636826484.png,"Y-qinwsBRe_QayNS6VQGhw,47.584193,-122.302568,.jpg"
satellite_47.595705332053335_-122.29759924033485.png,"wGXUy6sGMYwzvhlP-2UdMA,47.595642,-122.297528,.jpg"
satellite_47.61604582411687_-122.33262322499239.png,"OFSLxFbk1Y7gT0pgzNDpbQ,47.616206,-122.332460,.jpg"
satellite_47.60095449129554_-122.31997567497717.png,"9_s-1xmd_pJYV50PaAqefQ,47.600837,-122.319863,.jpg"
satellite_47.56158579697902_-122.29468057494672.png,"h6NEtsgtAESqEGUDDXUFYA,47.561661,-122.294507,.jpg"
satellite_47.61604582411687_-122.30635523649924.png,"U3ua_rlqnHBa_8AxJY-ZNw,47.615941,-122.306197,.jpg"
satellite_47.59504918714806_-122.28932968840182.png,"q2qctCcHiMphHnA4e0Hxtw,47.595138,-122.289133,.jpg"
satellite_47.5927526799796_-122.33408255768646.png,"D-eQ8uTv2Uw3VolwpXEdKA,47.592790,-122.334321,.jpg"
satellite_47.57897363696881_-122.32143500767124.png,"iw0KOE61MFMqSNzyQttVnw,47.578909,-122.321369,.jpg"
satellite_47.61145280977994_-122.3228943403653.png,"rLj0-hMCV2IbRKKlYsDxfQ,47.611350,-122.322749,.jpg"
satellite_47.58127014413728_-122.3282452269102.png,"WODxGpReh4F-5vssi-jB2Q,47.581264,-122.328363,.jpg"
satellite_47.56519459395803_-122.2927347980213.png,"v1xYqbVxdiUcwaahalEUFg,47.565174,-122.292822,.jpg"
satellite_47.59176846262168_-122.33700122307458.png,"etDATmwFMT_QXmsYMjgKkA,47.591727,-122.337015,.jpg"
satellite_47.58094207168464_-122.30003146149163.png,"nz7kY5hZFcrVz8CuqDDCTQ,47.580884,-122.300196,.jpg"
satellite_47.61178088223258_-122.31073323458143.png,"ZF3e1ZMR0f5cT3FAZEI4Lg,47.611666,-122.310853,.jpg"
satellite_47.574052550179246_-122.30878745765601.png,"nBxYtfMBy644z7o8uWoXfQ,47.574059,-122.308771,.jpg"
satellite_47.5884877380953_-122.30197723841704.png,"G2vVVHPwShwUd5tnkWB2VQ,47.588625,-122.302096,.jpg"
satellite_47.56880339093704_-122.2961399076408.png,"nWZXmzxGEmwoHGNvg4xAsA,47.568652,-122.296011,.jpg"
satellite_47.59472111469542_-122.33602833461188.png,"W7BkNPJmYCqbUBJy4mT44g,47.594771,-122.335827,.jpg"
satellite_47.594393042242785_-122.28787035570775.png,"mJ8tMIaVEp0ak3wbS2FC3A,47.594244,-122.287892,.jpg"
satellite_47.56978760829496_-122.32143500767124.png,"fVRCCb2AKPztVqZY9ha5pg,47.569833,-122.321358,.jpg"
satellite_47.56683495622122_-122.29662635187213.png,"KGXHB_YDhPBQtfmVmH8h2A,47.566793,-122.296812,.jpg"
satellite_47.5832385788531_-122.32192145190258.png,"qceF1YBMaTHurJF9vw5s4A,47.583135,-122.321768,.jpg"
satellite_47.575364839989795_-122.28932968840182.png,"X8XRYcqi1-E48FkayESd8g,47.575223,-122.289537,.jpg"
satellite_47.606203650537736_-122.29224835378994.png,"ZxFLNalEyEncuu-uociVbw,47.606155,-122.292071,.jpg"
satellite_47.6085001577062_-122.33116389229833.png,"smOHkzsicAbYwCGkO38jmQ,47.608438,-122.331015,.jpg"
satellite_47.59865798412707_-122.2927347980213.png,"viNOj0Ydw0lkrPeWL2LXjA,47.598703,-122.292683,.jpg"
satellite_47.574708695084524_-122.29468057494672.png,"0bRQQXhJN_9JTysecWTPvQ,47.574561,-122.294911,.jpg"
satellite_47.586519303379475_-122.32143500767124.png,"gc_NT9tdjJXet_3qV9ddIw,47.586386,-122.321324,.jpg"
satellite_47.60029834639026_-122.29127546532725.png,"Co4HJHq4QieDPqnSQEh_JA,47.600223,-122.291256,.jpg"
satellite_47.57109989810551_-122.29224835378994.png,"ixFiSYmw-zKIJQHF7mhBrw,47.570952,-122.292472,.jpg"
satellite_47.605547505632465_-122.30392301534246.png,"LP4i5M1UJvnO6OzTqZ_Hvg,47.605440,-122.303790,.jpg"
satellite_47.59832991167443_-122.32435367305936.png,"2-p2vxy_3FJjWEHyDJwoTA,47.598438,-122.324421,.jpg"
satellite_47.61965462109588_-122.2961399076408.png,"CnDunPCBWoL3AiX9m9UlIQ,47.619726,-122.296140,.jpg"
satellite_47.59373689733751_-122.31948923074582.png,"aLkYDkiYgcK0PRk2pnJL6A,47.593672,-122.319534,.jpg"
satellite_47.58717544828475_-122.32046211920853.png,"J6bZuEj8wEQSyM7JGyvqPA,47.587081,-122.320508,.jpg"
satellite_47.56945953584232_-122.32921811537291.png,"pEXT5DjxS4xWPzQ8aMsY8A,47.569361,-122.329074,.jpg"
satellite_47.585863158474204_-122.2873839114764.png,"AtxrSNcx0ynutr_rNIRYmA,47.586017,-122.287571,.jpg"
satellite_47.59078424526377_-122.33408255768646.png,"ea75Pu2C2nl4CdDGUaLNlg,47.590793,-122.334135,.jpg"
satellite_47.60029834639026_-122.28932968840182.png,"jHjqn2xB8ooDrFbAOy_93Q,47.600462,-122.289536,.jpg"
satellite_47.61506160675896_-122.32581300575343.png,"LB61QQu6At_yiscqZ5rc_g,47.615204,-122.325701,.jpg"
satellite_47.574380622631885_-122.33700122307458.png,"N4EQ2Ntn_4A1yhmSvRfBrA,47.574382,-122.336941,.jpg"
satellite_47.56617881131594_-122.31365189996956.png,"gDjQ6M0DGZC4GTybNEIhvw,47.566093,-122.313439,.jpg"
satellite_47.595377259600696_-122.33213678076103.png,"irxqmB6wDMo915EPtaPyTA,47.595251,-122.332172,.jpg"
satellite_47.57766134715826_-122.29954501726027.png,"PtyMNoQijm2jZtGPZn8tVQ,47.577729,-122.299328,.jpg"
satellite_47.596689549411245_-122.32386722882801.png,"nz9M5qk4Lk_jYhNqjNzH0w,47.596695,-122.324001,.jpg"
satellite_47.606203650537736_-122.30684168073059.png,"M60k66_jcUMC6DCCH5dpQA,47.606148,-122.306841,.jpg"
satellite_47.605875578085104_-122.31170612304413.png,"5uCS4xgBqaAXii50dqx66g,47.606031,-122.311562,.jpg"
satellite_47.608172085253564_-122.30489590380517.png,"aXgjA62CcKu2VvgIu1LYaA,47.608090,-122.305064,.jpg"
satellite_47.606203650537736_-122.3185163422831.png,"WfcY1h2_B1QvCO3pWyD2OA,47.606226,-122.318413,.jpg"
satellite_47.60226678110609_-122.33262322499239.png,"7zNdk2hTEI46uj5kbDKDYg,47.602262,-122.332730,.jpg"
satellite_47.61342124449577_-122.31413834420091.png,"PpQs17KJdpqlwPD_dzySiQ,47.613572,-122.314266,.jpg"
satellite_47.56092965207374_-122.31608412112634.png,"en4HsQ9V1LBPPtr2eUmNhQ,47.560892,-122.316090,.jpg"
satellite_47.58028592677936_-122.29176190955859.png,"Pz-PQcTUQRtul1U5qP-gEQ,47.580174,-122.291947,.jpg"
satellite_47.584222796211016_-122.29419413071537.png,"OYRHLdY3wnhBnn45KABjow,47.584324,-122.294087,.jpg"
satellite_47.61276509959049_-122.32094856343988.png,"I45z89q_sA6bzGoGPvpeBw,47.612853,-122.320865,.jpg"
satellite_47.56519459395803_-122.30635523649924.png,"isnWQtbeYAj7TKfXBnt7FQ,47.565334,-122.306378,.jpg"
satellite_47.60357907091664_-122.32727233844749.png,"DMWvjgaf8Lv4am-0jhqWzA,47.603730,-122.327376,.jpg"
satellite_47.5701156807476_-122.29127546532725.png,"pdqkycn4sp_RZLzoD5zW0w,47.570055,-122.291220,.jpg"
satellite_47.606203650537736_-122.33067744806698.png,"VS6-NwiblyOVNCpB4fvkig,47.606049,-122.330634,.jpg"
satellite_47.616373896569506_-122.33748766730594.png,"fD7xUsl1XPEyQXkfAZ4zCg,47.616281,-122.337520,.jpg"
satellite_47.60095449129554_-122.32192145190258.png,"fWBc-pQc-lGGJZGNXHaQqQ,47.601013,-122.321911,.jpg"
satellite_47.55961736226319_-122.29905857302892.png,"iAxu1JQWTJQrj5t0PgzYvA,47.559760,-122.299148,.jpg"
satellite_47.61309317204313_-122.30295012687975.png,"KFZbvZ94J3Eic6rnXQ0DXw,47.612970,-122.303181,.jpg"
satellite_47.58389472375838_-122.31997567497717.png,"TQkuO3HHL34XMqoQibn_4Q,47.583867,-122.320174,.jpg"
satellite_47.605219433179826_-122.33651477884322.png,"1HdIZlsseEtkADFXBW7QLQ,47.605161,-122.336749,.jpg"
satellite_47.606531722990375_-122.31121967881279.png,"Khr0UfeGSOMh1rKyBrhodQ,47.606432,-122.311429,.jpg"
satellite_47.573068332821336_-122.28787035570775.png,"9uyBocODRmKpCnEPFNRL7g,47.573194,-122.287763,.jpg"
satellite_47.58750352073739_-122.29662635187213.png,"BwKAG0uIbUW4PYozUHURfA,47.587452,-122.296583,.jpg"
satellite_47.59734569431652_-122.29468057494672.png,"lY8LRMIPQ-aH8ucPPfrGuQ,47.597433,-122.294505,.jpg"
satellite_47.59931412903235_-122.31705700958904.png,"CeWaC4N3rX2NZA-AiZErvA,47.599464,-122.317297,.jpg"
satellite_47.58291050640047_-122.31365189996956.png,"l0CzADSnWO587c8qQK6uWw,47.582972,-122.313422,.jpg"
satellite_47.57733327470562_-122.32143500767124.png,"UALS8yxC9cjG9yLY2y6C2w,47.577370,-122.321501,.jpg"
satellite_47.6111247373273_-122.29370768648401.png,"djEjClHR36nzwCr1pnZsUQ,47.611028,-122.293796,.jpg"
satellite_47.59176846262168_-122.32775878267884.png,"-cMwuFL_XFEDcxV2GANXKQ,47.591610,-122.327534,.jpg"
satellite_47.58291050640047_-122.29370768648401.png,"Vw_GfJLGGVzpfy1Ou0hN0Q,47.582933,-122.293679,.jpg"
satellite_47.564538449052755_-122.31365189996956.png,"URRV-Sy06KJOHtzg_XAtjg,47.564466,-122.313495,.jpg"
satellite_47.59504918714806_-122.33554189038053.png,"4NE9i_FlAccCM1fzhPr7IA,47.594921,-122.335461,.jpg"
satellite_47.586847375832114_-122.28932968840182.png,"w3UxDHwgaqV73l2BRzXcEw,47.586739,-122.289534,.jpg"
satellite_47.58881581054794_-122.29030257686453.png,"zs3lu2PlZ1JMVz10MnMz1Q,47.588936,-122.290532,.jpg"
satellite_47.56781917357913_-122.30927390188737.png,"MmpI9xb5X6GnPSaQMqT49Q,47.567700,-122.309414,.jpg"
satellite_47.60948437506411_-122.29516701917808.png,"oI8MQD8lOimnjWRwwwopfA,47.609353,-122.294963,.jpg"
satellite_47.564866521505394_-122.31802989805175.png,"385yWQo9OnLpj_HE0T7eJg,47.565005,-122.317943,.jpg"
satellite_47.58947195545322_-122.30684168073059.png,"NtX3jD3BbXoL0_zChafJLQ,47.589330,-122.306622,.jpg"
satellite_47.603250998464_-122.33262322499239.png,"FhtfknMqD5HytB0O22VW0g,47.603178,-122.332811,.jpg"
satellite_47.61243702713786_-122.30635523649924.png,"PLtioHKlYmfehsdfa_ihrQ,47.612340,-122.306285,.jpg"
satellite_47.562898086789566_-122.2961399076408.png,"FV91uHPhRSQkQP5EaetIIg,47.562847,-122.295975,.jpg"
satellite_47.59504918714806_-122.31073323458143.png,"DPp8r_0U5KqaccdYv9J8PA,47.595052,-122.310797,.jpg"
satellite_47.562898086789566_-122.31219256727549.png,"vyCW5_wpBdtIENOdlnib1w,47.562885,-122.312232,.jpg"
satellite_47.577005202252984_-122.3131654557382.png,"UFPt_VEdoLOuUeqYz8IK6g,47.576877,-122.313012,.jpg"
satellite_47.59898605657971_-122.31365189996956.png,"ecR7c1nBZskIelIIy727vA,47.599042,-122.313876,.jpg"
satellite_47.57831749206354_-122.3034365711111.png,"QVuLiXyZh4oQKR0YurBD_A,47.578355,-122.303310,.jpg"
satellite_47.60751594034829_-122.33116389229833.png,"nmc4QNcW_h6M_IKcfNTuGg,47.607530,-122.331121,.jpg"
satellite_47.57962978187409_-122.33019100383562.png,"FXrRUennZCXCJNklgy8hfQ,47.579595,-122.330083,.jpg"
satellite_47.62096691090643_-122.31024679035008.png,"wD_QLQ1edWSE6aiB455rkQ,47.620847,-122.310072,.jpg"
satellite_47.5927526799796_-122.32094856343988.png,"bA4wpEDqbXR2zbrx2qGp1A,47.592876,-122.321055,.jpg"
satellite_47.574708695084524_-122.2961399076408.png,"h9bKn0rcisF02y-cW1RmOw,47.574755,-122.296150,.jpg"
satellite_47.605875578085104_-122.29176190955859.png,"bHSCisllj7eZS8rM-SNxyw,47.605876,-122.291600,.jpg"
satellite_47.57142797055815_-122.33067744806698.png,"f3L-Oi_UPOlEZ5HexUyWBA,47.571469,-122.330469,.jpg"
satellite_47.596033404505974_-122.31948923074582.png,"64yurRJmdlz13w3vP1TR_w,47.596108,-122.319635,.jpg"
satellite_47.56683495622122_-122.28932968840182.png,"blv_4bNpRYuEXStziMnoEw,47.566722,-122.289341,.jpg"
satellite_47.56224194188429_-122.30830101342465.png,"tLIQQ-MoSv2NOOt7ZdtMpw,47.562084,-122.308233,.jpg"
satellite_47.617030041474784_-122.30440945957382.png,"5tTglwuAcvroCKvAqvAwKw,47.617100,-122.304259,.jpg"
satellite_47.61899847619061_-122.30149079418568.png,"O9lpunhK6ya5feXoV6Pbww,47.618934,-122.301371,.jpg"
satellite_47.594393042242785_-122.31754345382039.png,"Glzbp5ODT9WrUkWer8qnvQ,47.594534,-122.317662,.jpg"
satellite_47.604235215821916_-122.33067744806698.png,"aU-ixkZtoqIRqCFynaqxuQ,47.604138,-122.330506,.jpg"
satellite_47.58389472375838_-122.32240789613394.png,"xPzHXNtr_3QGkJ5u_kdkaQ,47.583896,-122.322430,.jpg"
satellite_47.56814724603177_-122.31413834420091.png,"Z4Ya9xx0WeLi5LjBpipE8Q,47.568114,-122.314158,.jpg"
satellite_47.61276509959049_-122.31219256727549.png,"PNzBIWAIpRWDnVNzB3esjQ,47.612751,-122.312150,.jpg"
satellite_47.61243702713786_-122.32386722882801.png,"lH7Qq6YiYMm52WYab-y4ag,47.612280,-122.324001,.jpg"
satellite_47.59931412903235_-122.29078902109589.png,"coyEqZM6vmLD6592wDjHDw,47.599312,-122.290696,.jpg"
satellite_47.606203650537736_-122.32873167114155.png,"fahh7ja7xHhwOraVThuBKQ,47.606324,-122.328597,.jpg"
satellite_47.6085001577062_-122.30295012687975.png,"0nOhTOsoqh3PsSCvpsBevw,47.608535,-122.302844,.jpg"
satellite_47.61342124449577_-122.29370768648401.png,"uKoTfcRzWQJDQbXwn5aRGA,47.613569,-122.293789,.jpg"
satellite_47.59144039016904_-122.29322124225266.png,"ulcYhdP-JiOsG_dp7GsVVQ,47.591387,-122.293455,.jpg"
satellite_47.58258243394783_-122.31705700958904.png,"AFUHgurkvoAhaIcEK-OSpA,47.582489,-122.317274,.jpg"
satellite_47.564210376600116_-122.33408255768646.png,"XdkdEAe1UPelFpVjH0XrZw,47.564312,-122.334158,.jpg"
satellite_47.59012810035849_-122.28835679993911.png,"bExXFtFreGNVnoUCaPL29A,47.590052,-122.288200,.jpg"
satellite_47.57733327470562_-122.31657056535768.png,"jLfMWsNXJRQ_0GrE88WHsA,47.577487,-122.316715,.jpg"
satellite_47.615389679211596_-122.30489590380517.png,"5JldRyDhG_P-kFPHcauYPg,47.615270,-122.304853,.jpg"
satellite_47.57733327470562_-122.31121967881279.png,"oJ2T2POpzWpAAPmrdTDMEQ,47.577182,-122.311425,.jpg"
satellite_47.57241218791606_-122.29078902109589.png,"SG9OFr-dPMqoNwiLqzEc3A,47.572362,-122.290997,.jpg"
satellite_47.58487894111629_-122.30051790572298.png,"G71sMqt7kM9YmyTlCj2eyA,47.584912,-122.300343,.jpg"
satellite_47.57077182565287_-122.29419413071537.png,"8VEZe0wNc40I5zKNYCGEOg,47.570872,-122.294403,.jpg"
satellite_47.588159665642664_-122.2927347980213.png,"D4h6j8rwAkVioOsGwMzyqw,47.588172,-122.292589,.jpg"
satellite_47.577005202252984_-122.30927390188737.png,"HiHO2DFYJjFl_cdkOYDHwQ,47.576999,-122.309512,.jpg"
satellite_47.606203650537736_-122.30586879226789.png,"ReFE7xZrpoJMezfbIzpZbA,47.606149,-122.305716,.jpg"
satellite_47.596361476958606_-122.32532656152208.png,"8DCDAZd6glMGFhSx6LQDhw,47.596503,-122.325319,.jpg"
satellite_47.574708695084524_-122.28787035570775.png,"MtPfT8LKJ6nsgGb2-u54wg,47.574805,-122.287743,.jpg"
satellite_47.585863158474204_-122.30927390188737.png,"rVklKh6HiLJqAaQdK_h8uA,47.585970,-122.309459,.jpg"
satellite_47.618342331285334_-122.31121967881279.png,"FO4sK_9AZeJeYrel-hKYrw,47.618294,-122.311428,.jpg"
satellite_47.56027350716847_-122.28835679993911.png,"NM4YgctNa0ys6t5s6iXkRg,47.560393,-122.288250,.jpg"
satellite_47.58619123092684_-122.32921811537291.png,"UAb7zptRc5uj6YU2_m6YOw,47.586103,-122.329051,.jpg"
satellite_47.56257001433693_-122.3228943403653.png,"AWXENrZInZUAO1MjEcMrhg,47.562563,-122.323068,.jpg"
satellite_47.61867040373797_-122.31219256727549.png,"BOoAMjWfBRI7pB96J91NDA,47.618543,-122.312103,.jpg"
satellite_47.575692912442435_-122.29516701917808.png,"mfR_xDp0gRakgWau7x9ySA,47.575787,-122.295132,.jpg"
satellite_47.606531722990375_-122.2927347980213.png,"mLykLNEWHQzTkIcIS57sgA,47.606467,-122.292616,.jpg"
satellite_47.59308075243223_-122.31073323458143.png,"Gt_fDq6Vtboiu0jAvQ5FYw,47.593209,-122.310627,.jpg"
satellite_47.58192628904255_-122.33505544614917.png,"7t7OWq02uGu0hWrYiVK1Eg,47.581954,-122.334998,.jpg"
satellite_47.57372447772661_-122.3078145691933.png,"cPnnRzlG2nuerYXTjMU00w,47.573886,-122.307645,.jpg"
satellite_47.604235215821916_-122.32678589421613.png,"Q3EyfSGeRCkEGWUwwBVCuA,47.604210,-122.326869,.jpg"
satellite_47.59898605657971_-122.32094856343988.png,"n2Fk4lTYLhbdUBLfJnsCCw,47.598898,-122.321031,.jpg"
satellite_47.617030041474784_-122.2961399076408.png,"bfYHfbZmLDR1henVehrOGg,47.616986,-122.296190,.jpg"
satellite_47.56716302867385_-122.32143500767124.png,"fkZ0p3t7V2OMbVS-tPPr9g,47.567210,-122.321314,.jpg"
satellite_47.58619123092684_-122.30684168073059.png,"i7pBok19Tc-NOmpHdlteKA,47.586352,-122.307063,.jpg"
satellite_47.60259485355873_-122.32921811537291.png,"kIVyUME9wCyWSAAGBLewfw,47.602650,-122.329366,.jpg"
satellite_47.56913146338968_-122.28835679993911.png,"MTmHsbGB5TUEyeUo1YV8Vw,47.568997,-122.288391,.jpg"
satellite_47.57109989810551_-122.31121967881279.png,"GtNZUVmV4ksROzWGfKd7cQ,47.570974,-122.311176,.jpg"
satellite_47.585535086021565_-122.30197723841704.png,"Yj6XjbR8t6OVm6yBG-kdjw,47.585482,-122.302190,.jpg"
satellite_47.57667712980035_-122.32581300575343.png,"8BSjFfpvi1hwAhXLuRjuqg,47.576801,-122.325929,.jpg"
satellite_47.61079666487467_-122.33748766730594.png,"49hLOaas7NpLKnt0dTnFkg,47.610834,-122.337259,.jpg"
satellite_47.57733327470562_-122.29419413071537.png,"2LiKiJxlzosafNC2oKY9IQ,47.577451,-122.294190,.jpg"
satellite_47.59931412903235_-122.32581300575343.png,"2-4xR9GcyrwBKs-VpCda7w,47.599397,-122.325716,.jpg"
satellite_47.60193870865345_-122.31705700958904.png,"fxZQT4r3_sfGW5Eqckwq1g,47.601779,-122.316878,.jpg"
satellite_47.56257001433693_-122.31462478843227.png,"rfUfsE0e7TLjbHveMExr-w,47.562487,-122.314835,.jpg"
satellite_47.618014258832694_-122.32484011729072.png,"Lwsf7bGx08tgsu3OM_a4kQ,47.617989,-122.324663,.jpg"
satellite_47.56978760829496_-122.29078902109589.png,"WuyFPqepRJDL4x4Jpydt0Q,47.569838,-122.290779,.jpg"
satellite_47.55896121735791_-122.28981613263318.png,"XFUl0QqRrQSKpjgI1srqsA,47.559087,-122.289874,.jpg"
satellite_47.58356665130574_-122.31267901150684.png,"P5qFqbHVLTxd_DgGkDCqew,47.583687,-122.312676,.jpg"
satellite_47.584550868663655_-122.30586879226789.png,"tcAd3hI-ai0o4MYneA6O_g,47.584538,-122.306073,.jpg"
satellite_47.59012810035849_-122.28932968840182.png,"TMtz_qYzmtKOP32X7MGSVQ,47.590007,-122.289258,.jpg"
satellite_47.55994543471583_-122.31754345382039.png,"PbP6Of0SrSH1zYKFPmyQ4Q,47.559901,-122.317486,.jpg"
satellite_47.61014051996939_-122.2961399076408.png,"8axQZ1M2UOtvlh2ktcR7VA,47.610022,-122.296210,.jpg"
satellite_47.574380622631885_-122.29662635187213.png,"j3vThYnAPHEfpoSmOBhhkQ,47.574377,-122.296690,.jpg"
satellite_47.58159821658992_-122.28835679993911.png,"hPKKozPeFtzTxP9oC2hI5Q,47.581643,-122.288471,.jpg"
satellite_47.5884877380953_-122.3131654557382.png,"FU_CCBespbaKxerHNPYKJQ,47.588345,-122.313234,.jpg"
satellite_47.61867040373797_-122.31705700958904.png,"xTo3fD55vSZgP2AW3-OwNA,47.618775,-122.316931,.jpg"
satellite_47.596361476958606_-122.32143500767124.png,"nzd03orqwtXlEkwqGsHciw,47.596395,-122.321477,.jpg"
satellite_47.61014051996939_-122.32775878267884.png,"STDsPMtoLu226w8WpBBUdw,47.610211,-122.327604,.jpg"
satellite_47.574380622631885_-122.29078902109589.png,"xLkyWkQkpdigKrXCXqqcmQ,47.574261,-122.290977,.jpg"
satellite_47.57831749206354_-122.33456900191781.png,"U76w23w-K8U9inVhrYcv4w,47.578455,-122.334644,.jpg"
satellite_47.59078424526377_-122.32240789613394.png,"m8VSANq6Ls-_gGOPZVNXfA,47.590673,-122.322474,.jpg"
satellite_47.61867040373797_-122.29127546532725.png,"5wuvZIR35z0v96I0aDsnMA,47.618792,-122.291251,.jpg"
satellite_47.6085001577062_-122.32581300575343.png,"_CZc1LJnpJ3D6LSyjhkpKw,47.608571,-122.325952,.jpg"
satellite_47.598001839221794_-122.32240789613394.png,"XgZhrOMR4HSHSQ-KL0drZg,47.598046,-122.322505,.jpg"
satellite_47.60882823015884_-122.33213678076103.png,"4MfCnwihfKOqjZNnt_X46g,47.608809,-122.332267,.jpg"
satellite_47.585535086021565_-122.33310966922375.png,"2n_9JacNN2uPkI5RKVni1Q,47.585628,-122.333246,.jpg"
satellite_47.59078424526377_-122.30197723841704.png,"gmBpv8XzFgxDrvVYlCNvMQ,47.590897,-122.302135,.jpg"
satellite_47.59504918714806_-122.29905857302892.png,"UmfCxviiGcpynmbdasxGzw,47.595063,-122.299073,.jpg"
satellite_47.56749110112649_-122.31219256727549.png,"cK9iV-RBArSOK_B1tx4ecQ,47.567490,-122.312084,.jpg"
satellite_47.57077182565287_-122.33213678076103.png,"1lcBZBhODu7edn8f19Ib-g,47.570826,-122.332098,.jpg"
satellite_47.606203650537736_-122.29857212879756.png,"KsfHBwRKrL667OfCYpXmBg,47.606177,-122.298403,.jpg"
satellite_47.616701969022145_-122.30927390188737.png,"pDFcmImgWr-f21azGcvJKA,47.616659,-122.309504,.jpg"
satellite_47.60915630261148_-122.30100434995434.png,"ux7gbG5KAT6xZ0bZW22CzA,47.609023,-122.300809,.jpg"
satellite_47.59242460752696_-122.32873167114155.png,"jL6Ksidr1PHqRzb-bGDNLw,47.592380,-122.328858,.jpg"
satellite_47.59144039016904_-122.30538234803653.png,"xuJ3fd3M02IPbTtRVPVMrg,47.591386,-122.305244,.jpg"
satellite_47.585535086021565_-122.31997567497717.png,"5Z6lfItO6_RKG4GBJ5pgIQ,47.585622,-122.320058,.jpg"
satellite_47.61178088223258_-122.31170612304413.png,"u4789IOauur5lCKk6rIR9Q,47.611867,-122.311486,.jpg"
satellite_47.562898086789566_-122.29078902109589.png,"r2ggE1A2mB6X9zSgY2tlUg,47.562972,-122.290699,.jpg"
satellite_47.58291050640047_-122.32192145190258.png,"jDgTSxpBmKo4IH8b-SMfww,47.583005,-122.321710,.jpg"
satellite_47.596689549411245_-122.29370768648401.png,"jtdeAIYZZZ6MyhLVgODmww,47.596551,-122.293938,.jpg"
satellite_47.5779894196109_-122.31657056535768.png,"SIrqyXvvO6rykvdBcI4NBQ,47.578039,-122.316691,.jpg"
satellite_47.61899847619061_-122.28981613263318.png,"npZKkgsTfLwi-5d0XEZKAA,47.618878,-122.289643,.jpg"
satellite_47.60128256374817_-122.32775878267884.png,"5jOx99zfOa-CyKHls2uBmg,47.601261,-122.327692,.jpg"
satellite_47.58258243394783_-122.31462478843227.png,"KuQZS0o1Il5CEDO4K98zyA,47.582565,-122.314681,.jpg"
satellite_47.59078424526377_-122.31608412112634.png,"3pG5lt57M9NJA-aHb34vHA,47.590721,-122.316006,.jpg"
satellite_47.586519303379475_-122.29905857302892.png,"fTK9OdY2Cekr79QxyUDY3w,47.586491,-122.299016,.jpg"
satellite_47.59308075243223_-122.3024636826484.png,"SqriQtbbwJfF-fnDZwW3Bg,47.593080,-122.302510,.jpg"
satellite_47.574380622631885_-122.31997567497717.png,"spubnP0im4IMMf4yUI3wRA,47.574307,-122.319776,.jpg"
satellite_47.564538449052755_-122.29127546532725.png,"NnBrFVQpYXSZX320GdivRw,47.564549,-122.291374,.jpg"
satellite_47.60095449129554_-122.29127546532725.png,"2k80NLNvAJs67sxJNVL1Vg,47.601080,-122.291343,.jpg"
satellite_47.58356665130574_-122.32240789613394.png,"mKugJRiwgbe3A64CdfGBDw,47.583718,-122.322176,.jpg"
satellite_47.61899847619061_-122.29565346340944.png,"hc6BUnUd1q49p30vXvpgkQ,47.619015,-122.295477,.jpg"
satellite_47.617030041474784_-122.33748766730594.png,"tsSyb2g1ZNGgbqNqN0onaA,47.616944,-122.337289,.jpg"
satellite_47.60193870865345_-122.32678589421613.png,"hTdBqmlERtyOdA5Or6l4qA,47.601842,-122.327026,.jpg"
satellite_47.585863158474204_-122.3335961134551.png,"LkIKH8p-r1_KOvxD3QFVPg,47.585865,-122.333519,.jpg"
satellite_47.56519459395803_-122.30635523649924.png,"ZBuRzfEixK4Qsn3FMu3R0Q,47.565072,-122.306292,.jpg"
satellite_47.61867040373797_-122.32192145190258.png,"AfT_9T8y2Kx3_6Y4KiHdNQ,47.618759,-122.322022,.jpg"
satellite_47.61998269354852_-122.3131654557382.png,"UDq2SZDLIruMMhB6rn24rA,47.619979,-122.313229,.jpg"
satellite_47.604235215821916_-122.31754345382039.png,"26NDcnM9drUZ42ntq2JYsg,47.604240,-122.317463,.jpg"
satellite_47.59340882488487_-122.29224835378994.png,"zgZxuwU7fpRO3qczFwh6Tw,47.593477,-122.292010,.jpg"
satellite_47.62096691090643_-122.3185163422831.png,"mPmIwKJPRvDXViRfn65hag,47.621118,-122.318490,.jpg"
satellite_47.561913869431656_-122.32192145190258.png,"2LZtcBJXDXj_FEyquH5nfw,47.561981,-122.321998,.jpg"
satellite_47.595377259600696_-122.32532656152208.png,"Ed-naS5TzDwtdczkOnlpYQ,47.595360,-122.325100,.jpg"
satellite_47.57634905734771_-122.3282452269102.png,"mgNOryFGUoP3dyfewt4-LQ,47.576336,-122.328350,.jpg"
satellite_47.588159665642664_-122.30732812496194.png,"TBnXV-IlOlhYH5Kaz_cb6g,47.588278,-122.307348,.jpg"
satellite_47.607844012800925_-122.32970455960427.png,"4YtvjFgtDKQb4f4JcwSJ9g,47.607713,-122.329770,.jpg"
satellite_47.59964220148498_-122.30197723841704.png,"luHP0ABmrEeRUtLas563mg,47.599625,-122.301806,.jpg"
satellite_47.577005202252984_-122.30878745765601.png,"4q0D2x7fGHSAWNk6mRQLdg,47.576997,-122.308784,.jpg"
satellite_47.60226678110609_-122.29078902109589.png,"VFCwRPs8HOCAOwEp-DXlCg,47.602197,-122.290951,.jpg"
satellite_47.617030041474784_-122.29370768648401.png,"2fSuWVFRCOAiQ-yIbEuW4g,47.617020,-122.293558,.jpg"
satellite_47.56092965207374_-122.29370768648401.png,"4GiuP7JwIA7gA2lx7weoWA,47.560877,-122.293721,.jpg"
satellite_47.61604582411687_-122.30051790572298.png,"9Rw9jGhhMpVQb8sFOlDgLQ,47.615954,-122.300751,.jpg"
satellite_47.59373689733751_-122.29419413071537.png,"J-ZLfIjbYbrcSUNmpcLJvw,47.593627,-122.294420,.jpg"
satellite_47.60751594034829_-122.33505544614917.png,"jlXA_Mzyx3TXRNV6-ZH32g,47.607664,-122.335111,.jpg"
satellite_47.59078424526377_-122.31267901150684.png,"dKIf6x7Ca_4zhRHH5JSfeQ,47.590790,-122.312671,.jpg"
satellite_47.564210376600116_-122.30927390188737.png,"rtg4DhlHpKG4Fmj4VG7r_A,47.564062,-122.309326,.jpg"
satellite_47.60751594034829_-122.32921811537291.png,"8MpZa3diPzzNJjJ1gE1Q5w,47.607504,-122.329418,.jpg"
satellite_47.605875578085104_-122.33505544614917.png,"Taf_4mU0BALLqgBhKp8xdg,47.605952,-122.335089,.jpg"
satellite_47.575692912442435_-122.31608412112634.png,"02dBZdxhv2i5UNVAXplSFQ,47.575695,-122.316036,.jpg"
satellite_47.575364839989795_-122.30440945957382.png,"Wape-o8BzT81xHTKLOsj2Q,47.575297,-122.304353,.jpg"
satellite_47.62031076600116_-122.3335961134551.png,"E0vIjpeWigxdYuoeD1uEig,47.620307,-122.333645,.jpg"
satellite_47.573068332821336_-122.28932968840182.png,"-g-7K1tfEWWwYES2iUfmOA,47.573074,-122.289398,.jpg"
satellite_47.6006264188429_-122.28835679993911.png,"C700_utdOZ2PJwsspvvtNQ,47.600632,-122.288190,.jpg"
satellite_47.605219433179826_-122.3228943403653.png,"KHRkosbrjffR0ZJ-GXw9pw,47.605377,-122.322816,.jpg"
satellite_47.59931412903235_-122.32143500767124.png,"SY4HkGeJtWDR5BXUmmkohQ,47.599203,-122.321471,.jpg"
satellite_47.57995785432673_-122.31219256727549.png,"q-zLiA3BsW1Bk0JyXRDVwA,47.579872,-122.312133,.jpg"
satellite_47.5779894196109_-122.31121967881279.png,"nADqUN6SS_SCQ7HzpxqFug,47.578138,-122.311105,.jpg"
satellite_47.606859795443015_-122.33846055576865.png,"eCdO_QwJVEqeGhy22uAksg,47.606951,-122.338263,.jpg"
satellite_47.586847375832114_-122.31754345382039.png,"xvM8H8m3-YElIMO1RuKRqw,47.586974,-122.317311,.jpg"
satellite_47.604235215821916_-122.33748766730594.png,"KW-VvIWE1l_IjAiHeMTKUQ,47.604196,-122.337366,.jpg"
satellite_47.605219433179826_-122.33846055576865.png,"VJNq--plu7p0BfaHQ25yqA,47.605076,-122.338400,.jpg"
satellite_47.57241218791606_-122.31900278651446.png,"xKw8XPSBzikwexduzp4C6A,47.572301,-122.318941,.jpg"
satellite_47.57897363696881_-122.30586879226789.png,"8_KqXe3kX08dm17kOHwpXQ,47.578897,-122.306075,.jpg"
satellite_47.59931412903235_-122.33262322499239.png,"gjcMH_X1vrZ8Qmi9oTZBAw,47.599254,-122.332865,.jpg"
satellite_47.584222796211016_-122.30051790572298.png,"kO0DzpMQqkAFXlxI0XP6Sw,47.584364,-122.300335,.jpg"
satellite_47.57930170942145_-122.30295012687975.png,"LU7T9x4mFy6zCayQvXXyeA,47.579177,-122.303129,.jpg"
satellite_47.5779894196109_-122.29078902109589.png,"D4wGe5xv3tjjZmyyDGzmgQ,47.578053,-122.290901,.jpg"
satellite_47.615389679211596_-122.29176190955859.png,"qe40EM_-Q-deei9_w_RnUw,47.615273,-122.291923,.jpg"
satellite_47.60095449129554_-122.32532656152208.png,"hmM4XanAianTbnqJ5I16Yw,47.600885,-122.325438,.jpg"
satellite_47.573068332821336_-122.32581300575343.png,"k25jpUlunnOCOBBwHTBpvw,47.573145,-122.325938,.jpg"
satellite_47.56158579697902_-122.31462478843227.png,"wPYIDEz1CGfS0emJQT1xkA,47.561680,-122.314637,.jpg"
satellite_47.58192628904255_-122.30295012687975.png,"egK5-cW56xinQTIVBpKlpg,47.581845,-122.302952,.jpg"
satellite_47.61046859242203_-122.2927347980213.png,"8NHWmkI4rotLianDJ7_dig,47.610337,-122.292651,.jpg"
satellite_47.59209653507432_-122.32678589421613.png,"r9DN6PtpimcswhXCARgicQ,47.592246,-122.326978,.jpg"
satellite_47.59340882488487_-122.30927390188737.png,"7SmiNt0MVT6RjhBbYEkEjQ,47.593247,-122.309077,.jpg"
satellite_47.562898086789566_-122.29322124225266.png,"KEItHcMml0WnA4BTLBquSw,47.562771,-122.293147,.jpg"
satellite_47.603250998464_-122.2961399076408.png,"S67BB8U5r2DBUqhRRiMoCA,47.603255,-122.296011,.jpg"
satellite_47.58028592677936_-122.31121967881279.png,"wxfr_DLcz41VYzG2VwVw2Q,47.580167,-122.311038,.jpg"
satellite_47.607844012800925_-122.32435367305936.png,"ia4IqErVwFgO0csaXUeZ1Q,47.607767,-122.324352,.jpg"
satellite_47.595705332053335_-122.31511123266363.png,"tA0VU_EBn7hZS91BXhQzBA,47.595766,-122.315170,.jpg"
satellite_47.5727402603687_-122.30684168073059.png,"xs52wJzuzfVx_N2FCwIBDg,47.572603,-122.306700,.jpg"
satellite_47.57634905734771_-122.31073323458143.png,"EYbxOLZSqWOEM48NGo5LOQ,47.576268,-122.310771,.jpg"
satellite_47.60292292601136_-122.3024636826484.png,"fyaDPe3CPCal9-oetGedRQ,47.602785,-122.302495,.jpg"
satellite_47.58947195545322_-122.30295012687975.png,"G4ED6GDbLARct41C2FV0rg,47.589544,-122.302761,.jpg"
satellite_47.594064969790146_-122.31900278651446.png,"7W09pnYqOhpoLmbKgTuj3A,47.594179,-122.319083,.jpg"
satellite_47.61506160675896_-122.32046211920853.png,"kxDJ5hxMkGbz7LOdGw23uA,47.614903,-122.320599,.jpg"
satellite_47.60948437506411_-122.33554189038053.png,"Vp9ZS2F8iKHIfqgbgvBZNQ,47.609413,-122.335484,.jpg"
satellite_47.616373896569506_-122.3034365711111.png,"l4XuDyMbk018IdwrXbvhWw,47.616238,-122.303570,.jpg"
satellite_47.61145280977994_-122.30976034611872.png,"IsDd5mFnTtqsbw5gjddwdQ,47.611541,-122.309791,.jpg"
satellite_47.584550868663655_-122.2980856845662.png,"LsTNE4Ype6JaAGddTHmVYw,47.584577,-122.298256,.jpg"
satellite_47.61276509959049_-122.33262322499239.png,"aBllS8bYLK40CTUTWHRFkw,47.612718,-122.332817,.jpg"
satellite_47.60357907091664_-122.28932968840182.png,"evX52CRtzMitWLZOAiHqUg,47.603504,-122.289320,.jpg"
satellite_47.59045617281113_-122.32775878267884.png,"6endnTXEAfcuf5j-qhYhCw,47.590564,-122.327743,.jpg"
satellite_47.57634905734771_-122.33651477884322.png,"TCnxRx4cYypFADzEBjb4pA,47.576503,-122.336726,.jpg"
satellite_47.60915630261148_-122.3335961134551.png,"bnZvcRTGVphWMrlYjIIp6Q,47.609106,-122.333367,.jpg"
satellite_47.616701969022145_-122.28932968840182.png,"QjheLLXiGedZBpvLPz74rA,47.616848,-122.289191,.jpg"
satellite_47.56027350716847_-122.30635523649924.png,"ILdaj0aBOsj7BMdqDuaM8A,47.560161,-122.306408,.jpg"
satellite_47.576020984895074_-122.29711279610349.png,"CBTztsrFL4jeBffYk1ezaw,47.575895,-122.297037,.jpg"
satellite_47.58028592677936_-122.31073323458143.png,"Oc91EOMI4gxpuHR5yNGLmg,47.580378,-122.310778,.jpg"
satellite_47.607844012800925_-122.30489590380517.png,"pHzvZvy5tpLCuVMQ3POjxw,47.607918,-122.305085,.jpg"
satellite_47.57864556451617_-122.3024636826484.png,"7NzOtlpxo6-85w2lkrgBSA,47.578505,-122.302321,.jpg"
satellite_47.59997027393762_-122.32338078459665.png,"CtMkXMabSL7LnGmermYvmg,47.599869,-122.323336,.jpg"
satellite_47.57634905734771_-122.30149079418568.png,"HLUaxXjOdlrg7iVlit4Awg,47.576264,-122.301309,.jpg"
satellite_47.595705332053335_-122.32046211920853.png,"0pS0PKY4SHqDCkne3RmVVg,47.595835,-122.320523,.jpg"
satellite_47.58356665130574_-122.28932968840182.png,"12mlModx0_8AbxYYC1fkXw,47.583638,-122.289099,.jpg"
satellite_47.60948437506411_-122.33116389229833.png,"vxWWdulqOJxMrtKUzjiTNw,47.609634,-122.331375,.jpg"
satellite_47.615389679211596_-122.3034365711111.png,"esYSo1mhmUkkV_NWw-48NA,47.615286,-122.303320,.jpg"
satellite_47.61079666487467_-122.28787035570775.png,"eG4Do8uDUUb-Gy5aSA86rQ,47.610707,-122.287728,.jpg"
satellite_47.58487894111629_-122.3335961134551.png,"mJa6-aR8LJ3SxvFrLzp78w,47.585031,-122.333701,.jpg"
satellite_47.588159665642664_-122.32581300575343.png,"mmTGSjQAPPmt3964OIbDFg,47.588214,-122.325903,.jpg"
satellite_47.56847531848441_-122.32921811537291.png,"mWW2-Vg48mcwsdEsXKC_cw,47.568432,-122.329082,.jpg"
satellite_47.608172085253564_-122.29176190955859.png,"GptWsV0IpAzlGpHAiDyRNw,47.608168,-122.291558,.jpg"
satellite_47.61473353430632_-122.33019100383562.png,"uJ0IlQyJnT4OhhhOdwS1fw,47.614644,-122.330124,.jpg"
satellite_47.59144039016904_-122.32143500767124.png,"XExXQZHRbqQWf0djXQHPag,47.591550,-122.321454,.jpg"
satellite_47.61276509959049_-122.30003146149163.png,"VVMgUU92M4k06tqHx--Hzg,47.612795,-122.300112,.jpg"
satellite_47.61899847619061_-122.30051790572298.png,"VJOOYKVuK1fKPH13chg7vQ,47.618928,-122.300487,.jpg"
satellite_47.57962978187409_-122.28932968840182.png,"CR7m2MvVISyiTxz8eKa1Iw,47.579613,-122.289252,.jpg"
satellite_47.58947195545322_-122.32192145190258.png,"G76j4DB7ox9g8AD70FyyMA,47.589402,-122.321891,.jpg"
satellite_47.585207013568926_-122.33213678076103.png,"Dv6YVoZAHO4f4KQIB8tEkQ,47.585192,-122.332316,.jpg"
satellite_47.59078424526377_-122.33505544614917.png,"y0Ad9HhDHcB5mis6OAo27Q,47.590659,-122.335131,.jpg"
satellite_47.605875578085104_-122.31024679035008.png,"8F4dzre47ILOG1RznfjZhQ,47.605865,-122.310253,.jpg"
satellite_47.61309317204313_-122.2980856845662.png,"-0X64WeGZjtHKLfOQ9Rzhw,47.612954,-122.298250,.jpg"
satellite_47.565850738863304_-122.31657056535768.png,"OybSTFak6KcLAYxjmxOEbw,47.565854,-122.316635,.jpg"
satellite_47.57897363696881_-122.31705700958904.png,"nU2OSW9OgU36A9n_ehujuA,47.578885,-122.317284,.jpg"
satellite_47.56847531848441_-122.32386722882801.png,"wo7xTzGUkBK7cib1W4iy_g,47.568551,-122.324040,.jpg"
satellite_47.57372447772661_-122.28932968840182.png,"ht373OtA7ax7bPXevwG5qw,47.573785,-122.289433,.jpg"
satellite_47.618342331285334_-122.29078902109589.png,"NJENl0i_npqdakFaDf7ZTA,47.618353,-122.290805,.jpg"
satellite_47.61407738940105_-122.33067744806698.png,"W-8Ow33_wQS73G9DyrEuCw,47.614039,-122.330874,.jpg"
satellite_47.617686186380055_-122.29176190955859.png,"A7avBZSPUmafJo3etOOvcQ,47.617607,-122.291611,.jpg"
satellite_47.61309317204313_-122.32678589421613.png,"fP4x06rwYAeVjtIr_Q-g0Q,47.612989,-122.326622,.jpg"
satellite_47.6206388384538_-122.31365189996956.png,"sidZ45TdTMkWZGwLVkIceA,47.620791,-122.313542,.jpg"
satellite_47.585207013568926_-122.30392301534246.png,"WNENHTmTdoitLu8YPhQyFg,47.585336,-122.303812,.jpg"
satellite_47.6206388384538_-122.31121967881279.png,"BAzU0Imre9oNEIKU-JNRUw,47.620640,-122.311409,.jpg"
satellite_47.61309317204313_-122.2980856845662.png,"3RileOqshIfgSxaGIrKt4A,47.612955,-122.298121,.jpg"
satellite_47.60095449129554_-122.32775878267884.png,"tDyE6LNO0DHFuSHwuQw3Eg,47.600849,-122.327896,.jpg"
satellite_47.57930170942145_-122.33067744806698.png,"MNueUCBp5znhSdwN6eY7wg,47.579146,-122.330746,.jpg"
satellite_47.57831749206354_-122.29516701917808.png,"1Dg4jblzcm7p18oAWSqc8w,47.578305,-122.295129,.jpg"
satellite_47.60390714336928_-122.30003146149163.png,"dH_elba6eANIYb7wQVvY8g,47.604053,-122.299989,.jpg"
satellite_47.60226678110609_-122.33700122307458.png,"yBCvIgMRIGhT4Gg_7PEJFw,47.602338,-122.337053,.jpg"
satellite_47.56027350716847_-122.32338078459665.png,"djdUpjzRyv6COxKB8hWNoQ,47.560233,-122.323449,.jpg"
satellite_47.61178088223258_-122.29565346340944.png,"r2I8thcpRArfQfrREmtNWg,47.611690,-122.295660,.jpg"
satellite_47.61046859242203_-122.30976034611872.png,"Eds9Hk1bzRgaGlTcdGSZBw,47.610372,-122.309548,.jpg"
satellite_47.603250998464_-122.31267901150684.png,"8vIJW3hK77Q4e_cm1omr-A,47.603346,-122.312888,.jpg"
satellite_47.616373896569506_-122.31948923074582.png,"k_1Ks39SHpFZ6tS7MQl-dw,47.616423,-122.319683,.jpg"
satellite_47.57044375320023_-122.30197723841704.png,"e6IWh-m1LYSjM3Dp0uch7w,47.570584,-122.301801,.jpg"
satellite_47.57208411546342_-122.31997567497717.png,"cILHrrvGLvDW0X7RWKbwIQ,47.572196,-122.319888,.jpg"
satellite_47.56913146338968_-122.29711279610349.png,"e991VlW5jQ4ezINXPVm-rw,47.569024,-122.297013,.jpg"
satellite_47.62031076600116_-122.29127546532725.png,"1xlP1KZ2nt22sokZ2VhL1A,47.620282,-122.291228,.jpg"
satellite_47.564210376600116_-122.30100434995434.png,"FgxcwcYaPUgvc-v8dfaQUw,47.564352,-122.300768,.jpg"
satellite_47.60915630261148_-122.32532656152208.png,"G9_6haLOTXb6cqpEq-PDIg,47.609226,-122.325520,.jpg"
satellite_47.6206388384538_-122.2980856845662.png,"fuowdUD3zGobix_vii0TxA,47.620711,-122.297933,.jpg"
satellite_47.595705332053335_-122.29468057494672.png,"xUMIhlexK_KNhjBORE6A_w,47.595808,-122.294609,.jpg"
satellite_47.61079666487467_-122.30830101342465.png,"iZZ1j-6Nu0qR9vWvi9NTKg,47.610922,-122.308229,.jpg"
satellite_47.57372447772661_-122.30976034611872.png,"Ul6LhZ5uAjtLNDR5NwB4lw,47.573720,-122.309553,.jpg"
satellite_47.56125772452638_-122.29857212879756.png,"ATKrnjitJMPdMbtajBnLFA,47.561417,-122.298695,.jpg"
satellite_47.57930170942145_-122.29516701917808.png,"oI9lF-FAxo33uoE9aKJxWA,47.579249,-122.295162,.jpg"
satellite_47.59176846262168_-122.32970455960427.png,"jBtGQtRbFByU215oeyHXaw,47.591796,-122.329624,.jpg"
satellite_47.58127014413728_-122.30149079418568.png,"978vZ3VMWCvhx1nCUzFudw,47.581267,-122.301685,.jpg"
satellite_47.61342124449577_-122.32678589421613.png,"XBAjKCHeUzo3ksc_zDMFFw,47.613516,-122.326839,.jpg"
satellite_47.60915630261148_-122.32046211920853.png,"uesXmwIbA1-ioG6bBCE5Pg,47.609231,-122.320614,.jpg"
satellite_47.597017621863884_-122.29127546532725.png,"gdRAIoVbE7_-NheJx4VQWA,47.597164,-122.291471,.jpg"
satellite_47.61046859242203_-122.32240789613394.png,"1Pr1lpByPzK9ojOzt9ciRw,47.610448,-122.322592,.jpg"
satellite_47.60161063620081_-122.33310966922375.png,"jwSy5j-jpRdTw0t2BBCKsw,47.601749,-122.333348,.jpg"
satellite_47.59144039016904_-122.31121967881279.png,"NIvnUjeV4wRGQLn4Zcxq0w,47.591433,-122.311104,.jpg"
satellite_47.61309317204313_-122.33310966922375.png,"2zQX44CyECUgJayJ65NPsQ,47.613214,-122.333272,.jpg"
satellite_47.58127014413728_-122.32873167114155.png,"AGa4lNx5dqJIUSEvnC5rug,47.581263,-122.328493,.jpg"
satellite_47.61014051996939_-122.32143500767124.png,"a8j3T1UYIKBgGs8R950wRg,47.610286,-122.321460,.jpg"
satellite_47.61014051996939_-122.29322124225266.png,"y-w1f3mqb2PFFBpqPbYjTA,47.610275,-122.293228,.jpg"
satellite_47.574052550179246_-122.32046211920853.png,"IV4ibyTlZavcIwNNIDleYA,47.574062,-122.320235,.jpg"
satellite_47.59472111469542_-122.30295012687975.png,"mUBjknjMZ3194xU63k_azA,47.594587,-122.302826,.jpg"
satellite_47.57077182565287_-122.28981613263318.png,"0biuBAl80AgCVKblowNNVQ,47.570734,-122.289948,.jpg"
satellite_47.565522666410665_-122.29711279610349.png,"z7VElf9qU5i_6GDatTt0vw,47.565564,-122.297117,.jpg"
satellite_47.61210895468522_-122.29030257686453.png,"XJdQ1dpelfb1g8txdpU9EQ,47.612221,-122.290393,.jpg"
satellite_47.60193870865345_-122.29370768648401.png,"JmvoROykRFU5Rb0UljHgNQ,47.601972,-122.293723,.jpg"
satellite_47.60029834639026_-122.29857212879756.png,"zcVIY3bJbMeXoA_BHSbSjA,47.600288,-122.298442,.jpg"
satellite_47.607187867895654_-122.33408255768646.png,"XArV-yNggwzRIADu--4vmA,47.607318,-122.334088,.jpg"
satellite_47.619326548643244_-122.30100434995434.png,"0d-Ha7LaC1sxcDq-dRlhXg,47.619243,-122.301203,.jpg"
satellite_47.5606015796211_-122.30586879226789.png,"En70ImxunY5FrrHQN-Rukw,47.560520,-122.305712,.jpg"
satellite_47.608172085253564_-122.30197723841704.png,"pH6casqCAe8YOd0GUrXHjw,47.608026,-122.302090,.jpg"
satellite_47.59865798412707_-122.31511123266363.png,"kSZcOr6vOwcXfK6a9_0kFg,47.598515,-122.315251,.jpg"
satellite_47.62096691090643_-122.33310966922375.png,"FccYrAknWSAt756vvyQkCQ,47.620899,-122.332991,.jpg"
satellite_47.588159665642664_-122.32094856343988.png,"3pDd0fQIC_yo4I5vAp9Q6g,47.588272,-122.320708,.jpg"
satellite_47.61342124449577_-122.31948923074582.png,"vLIbnRBm8DbcpjgIwSSuhw,47.613509,-122.319430,.jpg"
satellite_47.60259485355873_-122.33651477884322.png,"7lRhAT6K_vaYJ1UxEJh_fA,47.602654,-122.336351,.jpg"
satellite_47.58619123092684_-122.29954501726027.png,"HYcQ9LvXLy8smqxIVpimXA,47.586305,-122.299566,.jpg"
satellite_47.58750352073739_-122.30149079418568.png,"lC4hRH68NoX5dv1HkYyEbg,47.587432,-122.301315,.jpg"
satellite_47.584550868663655_-122.33019100383562.png,"JCcTDS5jxtuSsQfT5Cfkig,47.584688,-122.329998,.jpg"
satellite_47.61046859242203_-122.30830101342465.png,"uuhT15QOdl8BHAkz2QDKWQ,47.610364,-122.308419,.jpg"
satellite_47.58192628904255_-122.29078902109589.png,"04TMk-tQjeswIlmggCwuhw,47.581959,-122.290892,.jpg"
satellite_47.57897363696881_-122.28787035570775.png,"kkyR5nQutGyKKvTknzSRFg,47.579115,-122.287677,.jpg"
satellite_47.56978760829496_-122.32921811537291.png,"zmiOuSlD-LVnFt95Q4QcPA,47.569684,-122.329065,.jpg"
satellite_47.586519303379475_-122.29224835378994.png,"wlGeFiyRmdisdugbmtpG-w,47.586461,-122.292233,.jpg"
satellite_47.60357907091664_-122.3034365711111.png,"_D6bEGjei1DAwHIUl9ZkXw,47.603511,-122.303320,.jpg"
satellite_47.61243702713786_-122.33797411153729.png,"KMx8Mv5i6SzCGqGVWN_Obw,47.612482,-122.337902,.jpg"
satellite_47.61145280977994_-122.33651477884322.png,"XRRrlVI--ipiv3XYGNq2IA,47.611476,-122.336367,.jpg"
satellite_47.585863158474204_-122.33505544614917.png,"Op3wcUO9TQimEEUpE94h8Q,47.585952,-122.335127,.jpg"
satellite_47.607844012800925_-122.32240789613394.png,"XIcIx-vkADKXarRuFnGYFw,47.607975,-122.322332,.jpg"
satellite_47.5832385788531_-122.31705700958904.png,"H-tR8FXvGbuPvXWH5436Sw,47.583178,-122.317257,.jpg"
satellite_47.58619123092684_-122.29468057494672.png,"MOS3-S5lwOt4Q2ikewh0Mw,47.586332,-122.294861,.jpg"
satellite_47.57503676753716_-122.32143500767124.png,"ZBGOM0MdiX8DeQ2NSN2NcQ,47.574905,-122.321547,.jpg"
satellite_47.60981244751675_-122.31559767689498.png,"AZYc_mQ522-nDrcDRxQNlA,47.609895,-122.315446,.jpg"
satellite_47.616701969022145_-122.33651477884322.png,"VKk6j8fHEunRqHVNUafVLQ,47.616754,-122.336355,.jpg"
satellite_47.61309317204313_-122.30878745765601.png,"WP7A4-BnZD-q52fTRLWjrA,47.613101,-122.308861,.jpg"
satellite_47.606203650537736_-122.29419413071537.png,"9g7T-KeXdrzFs2bUUiT3aw,47.606171,-122.294437,.jpg"
satellite_47.596033404505974_-122.32484011729072.png,"0nA-Ue-XndMcZMzr08QIPg,47.596039,-122.325057,.jpg"
satellite_47.61473353430632_-122.31365189996956.png,"JxvzwjCyYy-IwKWz2Odvmg,47.614645,-122.313833,.jpg"
satellite_47.56092965207374_-122.30051790572298.png,"YtN7xh4XirqbbPHfOZ5gtw,47.560771,-122.300327,.jpg"
satellite_47.58192628904255_-122.31948923074582.png,"JngdvUPaGdR-uqebQnMcwA,47.581909,-122.319431,.jpg"
satellite_47.57142797055815_-122.32727233844749.png,"v1WKzKkiaM25E6LKjiBXIQ,47.571471,-122.327265,.jpg"
satellite_47.616373896569506_-122.32240789613394.png,"n2VIyukwFk7BC_qTbH2pLQ,47.616300,-122.322169,.jpg"
satellite_47.55830507245264_-122.29176190955859.png,"-V963qbZ94KPypzHv69RjQ,47.558372,-122.291658,.jpg"
satellite_47.55961736226319_-122.28884324417047.png,"d2wYPRO67ki5dL7YpgssyQ,47.559760,-122.288856,.jpg"
satellite_47.57109989810551_-122.28835679993911.png,"BZbHaJanjeZTRLb3LVbzsA,47.571246,-122.288262,.jpg"
satellite_47.56716302867385_-122.32532656152208.png,"gRl426fN1wWO10Fchaq8Ag,47.567173,-122.325417,.jpg"
satellite_47.59340882488487_-122.2873839114764.png,"iG8JxpDWNZqgJ8fQGBT7YA,47.593405,-122.287603,.jpg"
satellite_47.61374931694841_-122.28835679993911.png,"4ikOQPcvd7Aw4RMJM3DwMQ,47.613627,-122.288211,.jpg"
satellite_47.61046859242203_-122.2961399076408.png,"9w97UJ6iGIoENHkS0esmCw,47.610477,-122.296209,.jpg"
satellite_47.56814724603177_-122.30684168073059.png,"bgypPXCe-8OHjgVu5rbShA,47.568256,-122.307083,.jpg"
satellite_47.59242460752696_-122.32046211920853.png,"9Dpool3iCrMW-jOAUkenag,47.592362,-122.320533,.jpg"
satellite_47.594064969790146_-122.31948923074582.png,"V6R3FWd38bOdHXOGNm74Hw,47.594036,-122.319284,.jpg"
satellite_47.58258243394783_-122.28787035570775.png,"kLbYW5JpE0sDs-vnpaI_pg,47.582511,-122.287893,.jpg"
satellite_47.604235215821916_-122.30684168073059.png,"_kxJsWcU_wTMdEai-K-tDg,47.604324,-122.306677,.jpg"
satellite_47.55896121735791_-122.30538234803653.png,"kGtxSQvTBscUttvlRUZ9oQ,47.558804,-122.305591,.jpg"
satellite_47.618342331285334_-122.28932968840182.png,"ft0m-vFiTjpa5aI2hGos9Q,47.618390,-122.289453,.jpg"
satellite_47.61407738940105_-122.31608412112634.png,"Sj0qKnL_N0WEilIOyeP85Q,47.614087,-122.315966,.jpg"
satellite_47.586847375832114_-122.29127546532725.png,"S1YJElxnU5O4wkrVQSZ2rA,47.586760,-122.291210,.jpg"
satellite_47.562898086789566_-122.30976034611872.png,"p5t6FXKRkvuZBE6EmUcZ9w,47.562955,-122.309871,.jpg"
satellite_47.596033404505974_-122.30489590380517.png,"D4747YvUYRS1z-xezW5G6A,47.596054,-122.304858,.jpg"
satellite_47.62096691090643_-122.3335961134551.png,"bXC7zjxe-TJkOxH7h4s3VA,47.620821,-122.333652,.jpg"
satellite_47.59832991167443_-122.32046211920853.png,"L5Jvso9RJlLAiIKe0ooY1A,47.598185,-122.320527,.jpg"
satellite_47.60390714336928_-122.31121967881279.png,"qJ5jcdqBU8_v_D7M1C_Sxg,47.603975,-122.311268,.jpg"
satellite_47.61046859242203_-122.33019100383562.png,"5zeLE9pfZGeiZIys9p8IFw,47.610495,-122.330058,.jpg"
satellite_47.57208411546342_-122.30976034611872.png,"SgnzQMfmY-johWPIEV0i5g,47.571940,-122.309835,.jpg"
satellite_47.61604582411687_-122.30732812496194.png,"FolTT-e0kz28qCLi7crXcA,47.616111,-122.307416,.jpg"
satellite_47.57634905734771_-122.29127546532725.png,"j9YAPDE_E3To9sj-7DuPvQ,47.576404,-122.291273,.jpg"
satellite_47.595705332053335_-122.3228943403653.png,"8ghAl5aLUrk2q9Oz5zQiiQ,47.595769,-122.322749,.jpg"
satellite_47.61998269354852_-122.30732812496194.png,"p4cQwcKipfURLIOlpRYLKw,47.619850,-122.307403,.jpg"
satellite_47.56224194188429_-122.31900278651446.png,"UX5_NVwXz_9RcxMmw_owiA,47.562208,-122.319220,.jpg"
satellite_47.61506160675896_-122.31559767689498.png,"zB7TQh5KKwXbvezJvj_mGA,47.615065,-122.315539,.jpg"
satellite_47.59898605657971_-122.32678589421613.png,"CRa3YUamD8jYfkMYnJRPqQ,47.599138,-122.327002,.jpg"
satellite_47.563226159242205_-122.33846055576865.png,"38s7zyYZf_SHhDMe4HVf9A,47.563105,-122.338285,.jpg"
satellite_47.58159821658992_-122.30149079418568.png,"WQgg-G7QmNsw0zc5rX-OPQ,47.581443,-122.301685,.jpg"
satellite_47.58947195545322_-122.31997567497717.png,"yCRgzxM2_NkyoprnHt6V1w,47.589580,-122.320017,.jpg"
satellite_47.6006264188429_-122.2873839114764.png,"VU1d5qB_i_R20qzqcr0x4g,47.600765,-122.287559,.jpg"
satellite_47.61407738940105_-122.29711279610349.png,"hDqVX8OvM_hUl5QwYH418g,47.614129,-122.296962,.jpg"
satellite_47.58750352073739_-122.28787035570775.png,"eC7YuBbnx6AkUKtBAMa3bg,47.587456,-122.288046,.jpg"
satellite_47.59242460752696_-122.29030257686453.png,"gS2WoXJlxVYq2AtJHzzLyA,47.592554,-122.290397,.jpg"
satellite_47.56617881131594_-122.30003146149163.png,"C7_YAsx2KRjM0V664UgFxg,47.566080,-122.299889,.jpg"
satellite_47.563554231694845_-122.33116389229833.png,"YUpJdms1DKNd2uPkLs5hDg,47.563453,-122.330975,.jpg"
satellite_47.574708695084524_-122.29370768648401.png,"puvI4CYkFH1O-YxfzjmvIQ,47.574633,-122.293858,.jpg"
satellite_47.59504918714806_-122.33505544614917.png,"ErNn_Nn2eNi6IvvHnYXOEQ,47.595160,-122.335279,.jpg"
satellite_47.619326548643244_-122.32532656152208.png,"-SGc5_8hjOJEhTPOyenCCw,47.619485,-122.325326,.jpg"
satellite_47.61965462109588_-122.32484011729072.png,"dYLnRhxgqtAONy05Q26H9Q,47.619687,-122.324745,.jpg"
satellite_47.58225436149519_-122.30927390188737.png,"sk_-FAudOpEzns8QM9yG3Q,47.582297,-122.309490,.jpg"
satellite_47.61899847619061_-122.31413834420091.png,"Gtd-vL-LrnhESuOgxWAX8Q,47.618892,-122.314339,.jpg"
satellite_47.56847531848441_-122.32386722882801.png,"T73DSPLP6CfUuCPz2fApBw,47.568371,-122.324039,.jpg"
satellite_47.598001839221794_-122.29759924033485.png,"FYVTwlQCCoKN6Vri8aAJZQ,47.598109,-122.297424,.jpg"
satellite_47.56158579697902_-122.32192145190258.png,"XmHpVMkCFCgzskB_7Kk4uA,47.561438,-122.322060,.jpg"
satellite_47.605547505632465_-122.33700122307458.png,"bDEqGe43PjC66vkH2V8iHw,47.605653,-122.337102,.jpg"
satellite_47.61735811392742_-122.30927390188737.png,"irrCpvRO5Qczn_7Mi5iETA,47.617277,-122.309507,.jpg"
satellite_47.58258243394783_-122.2927347980213.png,"LkCioGuA2iIPxVfq1-UMxg,47.582458,-122.292973,.jpg"
satellite_47.61735811392742_-122.31267901150684.png,"CWTybyDIeM3DH2-AVcX0sw,47.617395,-122.312806,.jpg"
satellite_47.60095449129554_-122.32046211920853.png,"spdT72z2QRzj0ft1ToGpHw,47.600836,-122.320296,.jpg"
satellite_47.55994543471583_-122.2961399076408.png,"SWZ5rHkkYESUQ4h4eHXNQw,47.559952,-122.296093,.jpg"
satellite_47.57208411546342_-122.33456900191781.png,"mmj3zDr1bRZDieETExe-zQ,47.572067,-122.334326,.jpg"
satellite_47.57766134715826_-122.29370768648401.png,"RmsJYLlSNWXnMftGQfU3Ig,47.577703,-122.293595,.jpg"
satellite_47.574380622631885_-122.32970455960427.png,"ouVcPfN69kCBiQide0Q1Yg,47.574360,-122.329793,.jpg"
satellite_47.62031076600116_-122.2961399076408.png,"s2Wig3IDNQeXsNbgJCX48w,47.620176,-122.296247,.jpg"
satellite_47.56027350716847_-122.33262322499239.png,"OGh_xuD0y1omfC5TCRwQlA,47.560172,-122.332818,.jpg"
satellite_47.58291050640047_-122.30878745765601.png,"MxqiM3IPsrTnJPzq1aU7Sg,47.582753,-122.308837,.jpg"
satellite_47.588159665642664_-122.33700122307458.png,"H9cSrjAcMeODcQLpOTxXGQ,47.588286,-122.336801,.jpg"
satellite_47.61473353430632_-122.31024679035008.png,"5N-TJfSYznLPxXMs84BWfQ,47.614728,-122.310178,.jpg"
satellite_47.59472111469542_-122.31219256727549.png,"GU2W8Mm1eDpGw8f9xr5A2A,47.594881,-122.312118,.jpg"
satellite_47.563226159242205_-122.31559767689498.png,"JijszvjA9ciL1sVEIHp0SA,47.563365,-122.315432,.jpg"
satellite_47.585535086021565_-122.3335961134551.png,"Az8od84z3et4FcqKrMU2Jg,47.585441,-122.333657,.jpg"
satellite_47.607844012800925_-122.31024679035008.png,"BqNuuPocaJRZxcCkfrSwFw,47.608008,-122.310029,.jpg"
satellite_47.61374931694841_-122.2980856845662.png,"J-cgLt2hB5IJc260_aO59w,47.613593,-122.298167,.jpg"
satellite_47.565850738863304_-122.29078902109589.png,"U9byxHTVfhYAwNUsbPvltg,47.565800,-122.290953,.jpg"
satellite_47.606203650537736_-122.29468057494672.png,"PWuZPSg7TQnoslFjxsBUHA,47.606159,-122.294851,.jpg"
satellite_47.606531722990375_-122.29176190955859.png,"XF2-OnY7FuvE5Sn3X-OP5w,47.606675,-122.291584,.jpg"
satellite_47.605219433179826_-122.28884324417047.png,"4GOtFD2AxGEyiIGduYmHvg,47.605183,-122.289072,.jpg"
satellite_47.607187867895654_-122.31413834420091.png,"HWDXjNxgY2EGcrsn9X5rVA,47.607175,-122.314199,.jpg"
satellite_47.598001839221794_-122.33408255768646.png,"X7jmUqA0CPnKHfa65j5Auw,47.598018,-122.334152,.jpg"
satellite_47.59242460752696_-122.33602833461188.png,"qTrkQX4-5xMZCh7gJbqTfw,47.592410,-122.336041,.jpg"
satellite_47.606859795443015_-122.2927347980213.png,"oTr-N-nD8atr9mFy04xBdQ,47.607014,-122.292606,.jpg"
satellite_47.59472111469542_-122.29905857302892.png,"unen-FqhNx6CEjVv66BpFQ,47.594571,-122.298986,.jpg"
satellite_47.58094207168464_-122.29516701917808.png,"A9Q-0WRj4dNmxIyv-7R3Cw,47.580985,-122.294968,.jpg"
satellite_47.56847531848441_-122.29516701917808.png,"SXMgWbAv3OdV_qXSjlMt_Q,47.568624,-122.295017,.jpg"
satellite_47.619326548643244_-122.30732812496194.png,"hHIM8tIlf0elT7sWYkEZ6Q,47.619459,-122.307362,.jpg"
satellite_47.584550868663655_-122.29905857302892.png,"ztXry69VGqI6oDP8nshr1w,47.584480,-122.299065,.jpg"
satellite_47.586847375832114_-122.30927390188737.png,"ElEGh1bUcZSVrTTdpx52eQ,47.586685,-122.309460,.jpg"
satellite_47.58159821658992_-122.33165033652968.png,"P7K1lDfJeKnW1hsKh9RfWg,47.581702,-122.331527,.jpg"
satellite_47.5927526799796_-122.32970455960427.png,"NYK8eKxJFoMyvqNdhKFv2w,47.592805,-122.329527,.jpg"
satellite_47.584222796211016_-122.2980856845662.png,"mtEz81Ame7Iwn6zlls5T_w,47.584339,-122.298205,.jpg"
satellite_47.57864556451617_-122.30149079418568.png,"X9RG39m2W9H3jMn_9kXDLw,47.578590,-122.301327,.jpg"
satellite_47.573068332821336_-122.31413834420091.png,"dUAo3lEkAXLeaTr0_uwkrw,47.573209,-122.313961,.jpg"
satellite_47.618342331285334_-122.31608412112634.png,"PXKOKjUT34HKJnc2eC3CNA,47.618201,-122.316264,.jpg"
satellite_47.56617881131594_-122.29468057494672.png,"hMdZ8QwxIj3-yIKqaR59iQ,47.566238,-122.294484,.jpg"
satellite_47.59997027393762_-122.31073323458143.png,"wEBc95MTVg7M6WnnG9jSJQ,47.599997,-122.310554,.jpg"
satellite_47.605547505632465_-122.30295012687975.png,"sBL2Pgge1nBsfmZbLd-MlQ,47.605482,-122.302810,.jpg"
satellite_47.6085001577062_-122.33846055576865.png,"B-grQxsue9_6-OjsEgfeFQ,47.608528,-122.338277,.jpg"
satellite_47.615389679211596_-122.32532656152208.png,"-8gEqb8thJoahB7KOV6S-w,47.615347,-122.325562,.jpg"
satellite_47.61998269354852_-122.31657056535768.png,"s_v2cdYpiXebuDGWeOy0OA,47.619958,-122.316591,.jpg"
satellite_47.61243702713786_-122.29127546532725.png,"EEHiI99h54BNaP7tJRIi_A,47.612294,-122.291419,.jpg"
satellite_47.58914388300058_-122.32921811537291.png,"QyE-NWIc63oB7-IGDBTrUQ,47.589204,-122.329243,.jpg"
satellite_47.607187867895654_-122.3282452269102.png,"nimCd9jhiFdh65ajmyVa-A,47.607060,-122.328451,.jpg"
satellite_47.57667712980035_-122.30976034611872.png,"k8oSxuX_YtVYgwifTRp81w,47.576802,-122.309860,.jpg"
satellite_47.61014051996939_-122.32921811537291.png,"UneYjnGViHDvKXh9wClO5A,47.610160,-122.328983,.jpg"
satellite_47.563554231694845_-122.31365189996956.png,"XYwXIwvFPq7hJSv7N2hr1A,47.563492,-122.313687,.jpg"
satellite_47.59734569431652_-122.30927390188737.png,"_X_WDMaKpEajJd7ZRi2eEA,47.597479,-122.309255,.jpg"
satellite_47.595705332053335_-122.31559767689498.png,"1k_wv_SL6tsHkaCtzL9WnA,47.595769,-122.315566,.jpg"
satellite_47.6111247373273_-122.29030257686453.png,"fJgIWUr7lv9qMFlJM1z2VQ,47.611041,-122.290427,.jpg"
satellite_47.55961736226319_-122.30003146149163.png,"hT1k40j1oX_N_vAbCFMjQw,47.559474,-122.299990,.jpg"
satellite_47.60259485355873_-122.3024636826484.png,"6oMj6tv5ViuszB6fusvA2Q,47.602542,-122.302496,.jpg"
satellite_47.6111247373273_-122.33408255768646.png,"vY85AVKB0RmVazVWZgg-3A,47.611236,-122.334271,.jpg"
satellite_47.605875578085104_-122.31267901150684.png,"kAcyBHVKZ_hl_ic_p7y1JQ,47.605962,-122.312887,.jpg"
satellite_47.55830507245264_-122.30149079418568.png,"pkH-3h_Hf1TMdldFq6YvlQ,47.558389,-122.301568,.jpg"
satellite_47.61178088223258_-122.31997567497717.png,"cMFYOfT4aL-E55gCgY4ziA,47.611881,-122.319901,.jpg"
satellite_47.57241218791606_-122.30197723841704.png,"jYAk2FTy25xgai2fBlFTCw,47.572574,-122.301751,.jpg"
satellite_47.594064969790146_-122.2927347980213.png,"SyT3Tk3tJsCsvLSHjbdsYQ,47.593926,-122.292749,.jpg"
satellite_47.58619123092684_-122.31657056535768.png,"1JoxEdnHTFUjfjyOMQiYvQ,47.586157,-122.316634,.jpg"
satellite_47.573068332821336_-122.30732812496194.png,"Y0LlwIEDhkWoZeOLgb1kYg,47.573091,-122.307363,.jpg"
satellite_47.60259485355873_-122.30197723841704.png,"KkctsI3fYNgAVSTNPGY_PQ,47.602664,-122.301805,.jpg"
satellite_47.56749110112649_-122.29954501726027.png,"XBkcKJt0iuTtHQ6XhFzLkA,47.567413,-122.299306,.jpg"
satellite_47.57175604301079_-122.32581300575343.png,"rmdm-PJJoUx53bRNzfLTpg,47.571624,-122.325799,.jpg"
satellite_47.58356665130574_-122.3034365711111.png,"_44_TLPhu75BtSVdDZwZrw,47.583649,-122.303372,.jpg"
satellite_47.595705332053335_-122.30100434995434.png,"GTr74U1l7Yi_T4X7OmRy7Q,47.595596,-122.300992,.jpg"
satellite_47.57503676753716_-122.30976034611872.png,"RHpJrafvPqBWn7MLasDtHg,47.575093,-122.309688,.jpg"
satellite_47.619326548643244_-122.32435367305936.png,"akpkx0dGyW7bnGKWDgVSKg,47.619163,-122.324336,.jpg"
satellite_47.596689549411245_-122.33651477884322.png,"_ZLajeUf7l2YktvqOJffFw,47.596815,-122.336304,.jpg"
satellite_47.607844012800925_-122.33505544614917.png,"kdvbpUl-pGZNlEvnBUYzCA,47.607746,-122.335197,.jpg"
satellite_47.6006264188429_-122.2873839114764.png,"AwF_4H3il0FFlB6gIslmFA,47.600531,-122.287519,.jpg"
satellite_47.58159821658992_-122.30878745765601.png,"gpVWTtPZDSo0O63I4dc4Cw,47.581554,-122.308850,.jpg"
satellite_47.618342331285334_-122.32386722882801.png,"AthYlgFK0ksiiHhfP7VAng,47.618490,-122.323627,.jpg"
satellite_47.584222796211016_-122.30538234803653.png,"WC04JSjIUu2EPeZph0cpgA,47.584320,-122.305536,.jpg"
satellite_47.61604582411687_-122.28932968840182.png,"aecYJLCkmmGJKt4u5HMSEQ,47.616127,-122.289207,.jpg"
satellite_47.563554231694845_-122.32484011729072.png,"pTpJvOceoH-Bayuzrld3vA,47.563627,-122.324784,.jpg"
satellite_47.60915630261148_-122.31219256727549.png,"RUr424UJLbLcbCgF1T4-4A,47.609208,-122.312287,.jpg"
satellite_47.585207013568926_-122.29078902109589.png,"aWObDvYAQJkhafnI4VNC3w,47.585258,-122.290887,.jpg"
satellite_47.58619123092684_-122.30051790572298.png,"pmAk0S0trlEmEmK3r7cAeg,47.586325,-122.300620,.jpg"
satellite_47.58487894111629_-122.32046211920853.png,"zNYC2RtnxrkMSLs7Lub64g,47.584814,-122.320293,.jpg"
satellite_47.59504918714806_-122.31608412112634.png,"qZLYpIyAYpicJX3RTxjY3Q,47.595023,-122.315908,.jpg"
satellite_47.565850738863304_-122.32532656152208.png,"1Qh5mQBDLFLuOTtFrmOftA,47.565768,-122.325311,.jpg"
satellite_47.62031076600116_-122.29711279610349.png,"lsuXVYE3v-HbwthTKZ_ZPA,47.620200,-122.297225,.jpg"
satellite_47.574052550179246_-122.32921811537291.png,"J1uR3N3t42Yvqcisz83WVw,47.574141,-122.329006,.jpg"
satellite_47.565850738863304_-122.32240789613394.png,"gX8XS2CF15UUJHSMbeG19g,47.565928,-122.322262,.jpg"
satellite_47.59308075243223_-122.31997567497717.png,"eUZsTDn-iNdBN2xAdSU8QQ,47.593100,-122.319974,.jpg"
satellite_47.605219433179826_-122.33700122307458.png,"QNaUWVqd3IMMantocUMe5g,47.605323,-122.337058,.jpg"
satellite_47.617686186380055_-122.31657056535768.png,"cYOysQJ-iJwkO5kZQaI7oQ,47.617596,-122.316698,.jpg"
satellite_47.58028592677936_-122.29370768648401.png,"FXYbJ0ysCllS1cMZmghYwg,47.580130,-122.293597,.jpg"
satellite_47.62096691090643_-122.29370768648401.png,"E8wwd2zBYxFJbG105JfdAw,47.620858,-122.293510,.jpg"
satellite_47.603250998464_-122.33651477884322.png,"kxCotIqx6IjIN5RWi4GImA,47.603307,-122.336575,.jpg"
satellite_47.576020984895074_-122.33651477884322.png,"fpLcMDlaChAs8doXlbV2cg,47.575961,-122.336715,.jpg"
satellite_47.61867040373797_-122.2961399076408.png,"A6o6jvF5M9aKYu33l_By_A,47.618689,-122.296157,.jpg"
satellite_47.60292292601136_-122.2873839114764.png,"C8WAwunbRIEXBTlYmIvfUg,47.602773,-122.287510,.jpg"
satellite_47.61178088223258_-122.28981613263318.png,"JGPKZSL__27AVj7VH2bTwQ,47.611657,-122.289684,.jpg"
satellite_47.594393042242785_-122.31024679035008.png,"KeJSuwGkkqr7oOjQuDwH6w,47.594373,-122.310321,.jpg"
satellite_47.60226678110609_-122.29030257686453.png,"sLM0dSv773XXN1XZ2nXd-g,47.602283,-122.290371,.jpg"
satellite_47.580613999232_-122.33165033652968.png,"rLY9JFsEnAdEHJl1y_QLyA,47.580465,-122.331783,.jpg"
satellite_47.60193870865345_-122.31948923074582.png,"XFy8z8qm4jx_Fm2fB_Q3BA,47.602082,-122.319560,.jpg"
satellite_47.59964220148498_-122.33602833461188.png,"pcuLSZAZsJqvKu65PnZaYg,47.599708,-122.335963,.jpg"
satellite_47.61342124449577_-122.33602833461188.png,"8JiqYBVGXsAxfPKhFfaqoQ,47.613510,-122.335953,.jpg"
satellite_47.60915630261148_-122.31754345382039.png,"Wd0_4kg7gDarfZmmNE1M1Q,47.609245,-122.317392,.jpg"
satellite_47.61309317204313_-122.31024679035008.png,"L_29m1Upc-BXv4PJ6aU10g,47.613104,-122.310213,.jpg"
satellite_47.60390714336928_-122.29662635187213.png,"ns8iHc6u8EJtwj2IE6CUzA,47.603750,-122.296742,.jpg"
satellite_47.61735811392742_-122.31413834420091.png,"wxQ1cukKug9WJFwxSDsEWg,47.617347,-122.314316,.jpg"
satellite_47.61735811392742_-122.3335961134551.png,"6UHHsgHbNr2leohCylCM3g,47.617516,-122.333797,.jpg"
satellite_47.61473353430632_-122.29468057494672.png,"B0YFLZqytjqZ1r-4HRFGAA,47.614606,-122.294905,.jpg"
satellite_47.58159821658992_-122.29322124225266.png,"FltbFiU6Oi5cBQMFpnNOqg,47.581448,-122.292994,.jpg"
satellite_47.60193870865345_-122.30295012687975.png,"d9aXzRj0vnKzTDeNxLrD5Q,47.602080,-122.303106,.jpg"
satellite_47.59931412903235_-122.32629944998479.png,"eKDRvBLa8oAUATHei6jnbA,47.599377,-122.326419,.jpg"
satellite_47.6111247373273_-122.31170612304413.png,"G_xQggu0-LeYke0QzMiVrQ,47.611030,-122.311511,.jpg"
satellite_47.6111247373273_-122.31559767689498.png,"NcrQfDJjdp5H928QuOPEww,47.611104,-122.315453,.jpg"
satellite_47.574708695084524_-122.32921811537291.png,"wgEQ0t4H6vNaFwGp2PA8Eg,47.574710,-122.329014,.jpg"
satellite_47.607844012800925_-122.30538234803653.png,"ufxkAEL5hpa_1hmoieWVcQ,47.607997,-122.305152,.jpg"
satellite_47.617030041474784_-122.33602833461188.png,"zjDvoiWIGnm7sGfmrlk1nw,47.617142,-122.336075,.jpg"
satellite_47.57372447772661_-122.33748766730594.png,"sQ8TP11nrN7Sajy4-SpOVQ,47.573705,-122.337682,.jpg"
satellite_47.56683495622122_-122.29322124225266.png,"pxSk_teyKriRzxF_cK4Y1Q,47.566863,-122.293440,.jpg"
satellite_47.56027350716847_-122.29954501726027.png,"ERgAU5B4bGD8QNgsuliTCg,47.560271,-122.299323,.jpg"
satellite_47.6111247373273_-122.29711279610349.png,"jQSffR-c99WYdUxrkNI3ww,47.611271,-122.296893,.jpg"
satellite_47.608172085253564_-122.33456900191781.png,"FRMYjvxN7I3vys98d_73xQ,47.608131,-122.334693,.jpg"
satellite_47.57831749206354_-122.29905857302892.png,"-zy04XZVW4lMoM34aet7cw,47.578465,-122.299126,.jpg"
satellite_47.60948437506411_-122.30440945957382.png,"bB6pGBxWvg5CxzbjegFJJA,47.609370,-122.304391,.jpg"
satellite_47.605875578085104_-122.33116389229833.png,"NLVq3GecihWEggW9g_hWmQ,47.605796,-122.331114,.jpg"
satellite_47.606203650537736_-122.30732812496194.png,"xY9Ov52OTPaDQenLCteunw,47.606149,-122.307114,.jpg"
satellite_47.61473353430632_-122.31267901150684.png,"vgyaLyHi37_pmdkVWW60qw,47.614687,-122.312831,.jpg"
satellite_47.60390714336928_-122.33408255768646.png,"UYA9isD2HwcIS8jS5TzrVA,47.603773,-122.333869,.jpg"
satellite_47.59209653507432_-122.29468057494672.png,"YGNEfJyxznmv-g-NZqSCGQ,47.591967,-122.294439,.jpg"
satellite_47.61440546185368_-122.29370768648401.png,"uAPf0vDjK5H4upb9B4YZeg,47.614454,-122.293592,.jpg"
satellite_47.61440546185368_-122.28932968840182.png,"OZvL7WIClcrjOrT25sBTug,47.614362,-122.289251,.jpg"
satellite_47.594064969790146_-122.32581300575343.png,"6PES6OpIm6nMf3kD4cyGLw,47.594163,-122.326005,.jpg"
satellite_47.574380622631885_-122.31511123266363.png,"FsUFASOXy7NXYGZnYrg6Zg,47.574259,-122.315326,.jpg"
satellite_47.59832991167443_-122.3078145691933.png,"DVvUDxpqZMjFeRK2SKsV4w,47.598316,-122.307979,.jpg"
satellite_47.59308075243223_-122.29030257686453.png,"MXRuyAAH4cOWjT8AoOT14w,47.592918,-122.290378,.jpg"
satellite_47.57864556451617_-122.31462478843227.png,"loJWLJlNyM67mElvPX6ELg,47.578695,-122.314697,.jpg"
satellite_47.58028592677936_-122.33456900191781.png,"BsApqevOU-q8_R5Om9wLgw,47.580152,-122.334549,.jpg"
satellite_47.60259485355873_-122.33165033652968.png,"ooXDd9WAsHSMNADahTQduQ,47.602451,-122.331892,.jpg"
satellite_47.604235215821916_-122.33846055576865.png,"TihFH9Kk0iL9khfbWNQ-eg,47.604251,-122.338451,.jpg"
satellite_47.575692912442435_-122.29759924033485.png,"1Z6RnsChxuhiKVBYg6LNhg,47.575840,-122.297815,.jpg"
satellite_47.59832991167443_-122.32727233844749.png,"hcpiC-6ctsLJjMtRAMgu7g,47.598196,-122.327144,.jpg"
satellite_47.573396405273975_-122.32873167114155.png,"P81kOpZTn-nWsUVte7nb4Q,47.573276,-122.328673,.jpg"
satellite_47.56092965207374_-122.29662635187213.png,"ZduR89H6RG2WK5tfZUMvjQ,47.560903,-122.296576,.jpg"
satellite_47.59865798412707_-122.30489590380517.png,"LpQwx927uJX-KRHaVr6mrg,47.598528,-122.304707,.jpg"
satellite_47.56716302867385_-122.29468057494672.png,"HMcwWA_QlD1trt5YFi13qQ,47.567069,-122.294441,.jpg"
satellite_47.574380622631885_-122.33019100383562.png,"tKMQhhEoxJBi7B6JpYq44g,47.574365,-122.329985,.jpg"
satellite_47.59865798412707_-122.31608412112634.png,"Yv0CPNhjjupa9y72Fubdvw,47.598734,-122.316069,.jpg"
satellite_47.57109989810551_-122.3282452269102.png,"jeagUVA_tOrfIKO7DzO5ZQ,47.570998,-122.328049,.jpg"
satellite_47.57733327470562_-122.30927390188737.png,"7lzalOJIYq3w8JhmEQT1cQ,47.577483,-122.309335,.jpg"
satellite_47.58881581054794_-122.30635523649924.png,"DkDaZGZGlLDXm1aNHsU1SA,47.588788,-122.306211,.jpg"
satellite_47.61965462109588_-122.33408255768646.png,"PkcBy300xfq7GbAL4UBm7w,47.619685,-122.333994,.jpg"
satellite_47.58291050640047_-122.3131654557382.png,"CeXKixCPMWiP9TeE87OEiQ,47.582972,-122.313355,.jpg"
satellite_47.608172085253564_-122.30732812496194.png,"4tMQqM1g5D5F6ndKM3wWGQ,47.608032,-122.307155,.jpg"
satellite_47.60161063620081_-122.33408255768646.png,"EfsAAI3ULnWVCDyv7tJUWA,47.601616,-122.334140,.jpg"
satellite_47.60390714336928_-122.31024679035008.png,"ySy3ruUehPoC6i7Hz5t39w,47.603841,-122.310195,.jpg"
satellite_47.56257001433693_-122.29711279610349.png,"19cyf3ruFuX3s1ZXSXVw-w,47.562491,-122.296905,.jpg"
satellite_47.6006264188429_-122.30878745765601.png,"h47dJiNidUweJPcgxAuM8w,47.600694,-122.309014,.jpg"
satellite_47.586519303379475_-122.29322124225266.png,"ii4OcNfTg88BxzWGiTGD0Q,47.586440,-122.293058,.jpg"
satellite_47.59340882488487_-122.2927347980213.png,"KPwM0LURxMlQc3DOzWa3Ow,47.593503,-122.292813,.jpg"
satellite_47.56257001433693_-122.28981613263318.png,"y4LLLS9FzO4RYUMQQ7NBCw,47.562440,-122.289931,.jpg"
satellite_47.594064969790146_-122.29176190955859.png,"IWfaPn5wXmCwrJDFqU9kMQ,47.593945,-122.291617,.jpg"
satellite_47.60751594034829_-122.33456900191781.png,"rV90ByfDnXkD011KRRUcZw,47.607376,-122.334571,.jpg"
satellite_47.57077182565287_-122.29662635187213.png,"KTafF-lSf3MyePuS2aZAXQ,47.570669,-122.296766,.jpg"
satellite_47.57864556451617_-122.30732812496194.png,"CQ4SukGUH5lO08WAUQEBMA,47.578724,-122.307120,.jpg"
satellite_47.615717751664235_-122.30003146149163.png,"2k2j9flylZMTQ4BW9YicuQ,47.615847,-122.300097,.jpg"
satellite_47.56847531848441_-122.31365189996956.png,"xklvTqME91-T3P9DttugYg,47.568509,-122.313435,.jpg"
satellite_47.59734569431652_-122.30976034611872.png,"ClQ9NbHlb4d5fY0cHhe5fw,47.597479,-122.309838,.jpg"
satellite_47.56683495622122_-122.30149079418568.png,"R99Fz8Ti6wzSge4TDJNL8Q,47.566940,-122.301402,.jpg"
satellite_47.6206388384538_-122.32143500767124.png,"SrvhwO3LmipKT8GgqexfvQ,47.620766,-122.321591,.jpg"
satellite_47.61374931694841_-122.33456900191781.png,"YgifchzibCvl4V-bD4YObw,47.613911,-122.334393,.jpg"
satellite_47.5927526799796_-122.31073323458143.png,"p9nIaH6atCecNsVUSzgEKg,47.592695,-122.310681,.jpg"
satellite_47.59045617281113_-122.28835679993911.png,"ipZmEr5oETdjEVRjiLXolg,47.590430,-122.288217,.jpg"
satellite_47.59931412903235_-122.30732812496194.png,"Oiqqyd3byU4O5S8xJsgZ_Q,47.599236,-122.307111,.jpg"
satellite_47.575692912442435_-122.28787035570775.png,"IyXTDJSNtEof03YmjByOEQ,47.575608,-122.287728,.jpg"
satellite_47.61014051996939_-122.3078145691933.png,"dxJOjhXC4rbpu9lJk5vOtg,47.610225,-122.307599,.jpg"
satellite_47.57077182565287_-122.33651477884322.png,"k4uFvzrGVVTdVTGAGTWkYA,47.570911,-122.336710,.jpg"
satellite_47.61506160675896_-122.32873167114155.png,"l4nTs_q82DCahf8KcBAzTA,47.615154,-122.328655,.jpg"
satellite_47.56749110112649_-122.29176190955859.png,"vbY3Z7tC2_XDaFqvDDHJEg,47.567473,-122.291644,.jpg"
satellite_47.57241218791606_-122.2961399076408.png,"VfTHifL-tgipBj-YE2onCg,47.572261,-122.295905,.jpg"
satellite_47.596689549411245_-122.29224835378994.png,"L1o0IXO2inbwbFAqax5ZtQ,47.596676,-122.292433,.jpg"
satellite_47.59997027393762_-122.2873839114764.png,"DhV8xmKZ0mWfVk_rH_exwQ,47.599874,-122.287478,.jpg"
satellite_47.604235215821916_-122.29857212879756.png,"ELk52RR3KOO7cYPySDuIfQ,47.604279,-122.298664,.jpg"
satellite_47.588159665642664_-122.29322124225266.png,"hPeWyIoiK6XqhxJy9Se_yw,47.587998,-122.293070,.jpg"
satellite_47.617030041474784_-122.31219256727549.png,"TfOPPQwZVmZBPgLekg-o0g,47.616993,-122.312119,.jpg"
satellite_47.56388230414748_-122.32970455960427.png,"gzkpMS54gjMjmjIfc7lMww,47.563744,-122.329831,.jpg"
satellite_47.61145280977994_-122.31559767689498.png,"mA4g0zoQUyoZyoSM-mPZNA,47.611556,-122.315673,.jpg"
satellite_47.616701969022145_-122.31121967881279.png,"bXg23Q5jmc8O1ayEzfFrBw,47.616832,-122.311450,.jpg"
satellite_47.61407738940105_-122.29516701917808.png,"rj_2sDysSv_LwSvDrKlA8w,47.614131,-122.295141,.jpg"
satellite_47.61407738940105_-122.33408255768646.png,"jIehjT-GTYinm76m4pB8aQ,47.614097,-122.333939,.jpg"
satellite_47.60456328827455_-122.32873167114155.png,"1nFjXF7XoxACx39fHBB6XA,47.604714,-122.328623,.jpg"
satellite_47.58947195545322_-122.31462478843227.png,"xJ57d12I0djRYMhxMK50eg,47.589511,-122.314855,.jpg"
satellite_47.60882823015884_-122.30295012687975.png,"3zLA7JfuGbdyFio45HsOUA,47.608716,-122.302835,.jpg"
satellite_47.56683495622122_-122.3078145691933.png,"MeTK-mHqNZ5UXX9ClYBVOQ,47.566810,-122.307903,.jpg"
satellite_47.60161063620081_-122.32143500767124.png,"K7Oz3d8lsYFuevw7Ar_0TA,47.601708,-122.321569,.jpg"
satellite_47.59144039016904_-122.30440945957382.png,"Zg5Th1G3SITgzbGuc8DGcA,47.591369,-122.304467,.jpg"
satellite_47.596033404505974_-122.2961399076408.png,"AdF-IIrTSXZVQ8InBQJ_CA,47.596143,-122.296355,.jpg"
satellite_47.5606015796211_-122.30976034611872.png,"c6IkTnOxAn0qkJMQkYAAfw,47.560496,-122.309766,.jpg"
satellite_47.61145280977994_-122.29954501726027.png,"l7aAlbdhv6qZGkuVsKbClA,47.611571,-122.299693,.jpg"
satellite_47.61407738940105_-122.30732812496194.png,"SkoEHUrusUY-ZWV_5mjrvw,47.614042,-122.307471,.jpg"
satellite_47.56749110112649_-122.29905857302892.png,"CHjvnUKD3cclAqnVmOiD1Q,47.567504,-122.299299,.jpg"
satellite_47.606531722990375_-122.30440945957382.png,"Z1soRaJwg-oWsjQ-z5gXRw,47.606370,-122.304405,.jpg"
satellite_47.59997027393762_-122.32338078459665.png,"eg0X6WUzx-DNyHwo5w6s5Q,47.599881,-122.323467,.jpg"
satellite_47.564210376600116_-122.29857212879756.png,"rn4XsLsLbaWCybYFodgwRA,47.564147,-122.298354,.jpg"
satellite_47.58028592677936_-122.31267901150684.png,"hRQCfJzZAVb1SlTdyzF0Ag,47.580405,-122.312541,.jpg"
satellite_47.61506160675896_-122.29662635187213.png,"J4HBZpnDujuCGNxPs-nUmA,47.615022,-122.296846,.jpg"
satellite_47.596361476958606_-122.30635523649924.png,"phPC8pSTYuYolVPzCWRVEg,47.596390,-122.306325,.jpg"
satellite_47.58291050640047_-122.30830101342465.png,"EPwKb5Cukk2-n-sEFXzL6Q,47.582952,-122.308442,.jpg"
satellite_47.60489136072719_-122.31657056535768.png,"aLkQhnDxaoJTPfDRW9pN2w,47.604774,-122.316757,.jpg"
satellite_47.59767376676916_-122.31754345382039.png,"e3qfjoeI8FxrgeahWq_FVQ,47.597525,-122.317506,.jpg"
satellite_47.59176846262168_-122.33554189038053.png,"3W34v6PCzpwbq_ZukrK4MQ,47.591684,-122.335531,.jpg"
satellite_47.616373896569506_-122.32484011729072.png,"QvPWiFr3HxJs0H0A_7GQbg,47.616354,-122.324955,.jpg"
satellite_47.62096691090643_-122.33310966922375.png,"TsjezwIm7jVmZlkLENfrdQ,47.620841,-122.333302,.jpg"
satellite_47.605219433179826_-122.32970455960427.png,"Nm_HHu31eTSc9inOQQK6Qg,47.605383,-122.329919,.jpg"
satellite_47.61899847619061_-122.32484011729072.png,"J6htaqbOi1yuZ3GzSmJk-g,47.619031,-122.324657,.jpg"
satellite_47.61604582411687_-122.32192145190258.png,"nMdHIBHpbYE9xWf6s75kwg,47.616011,-122.322162,.jpg"
satellite_47.56158579697902_-122.31705700958904.png,"ESecjFlyEx4BES6a7I_Uxw,47.561720,-122.316828,.jpg"
satellite_47.60456328827455_-122.31267901150684.png,"ygC3a4AFvAFNAvECEVLAxA,47.604651,-122.312886,.jpg"
satellite_47.61014051996939_-122.2961399076408.png,"nTGxy-zSyfFbBT5zSYX64A,47.610026,-122.296282,.jpg"
satellite_47.596689549411245_-122.30927390188737.png,"kHiC5x0TzjnpcnhZwp_gzw,47.596693,-122.309032,.jpg"
satellite_47.61604582411687_-122.33116389229833.png,"K4zUBSEIowmo-sdvaRsk2A,47.616095,-122.331287,.jpg"
satellite_47.59472111469542_-122.31365189996956.png,"fkVA3HkeokcgWrCtZLOixA,47.594729,-122.313486,.jpg"
satellite_47.59242460752696_-122.30100434995434.png,"li098JCU8KlyhmbEYT3bZA,47.592410,-122.301239,.jpg"
satellite_47.59504918714806_-122.30976034611872.png,"Q5Twg0Btw6Ug9iYrpewZXA,47.594968,-122.309567,.jpg"
satellite_47.61210895468522_-122.2980856845662.png,"nST7wl7MbCUYfkKC2Pviqg,47.612255,-122.298186,.jpg"
satellite_47.607844012800925_-122.32873167114155.png,"nyf82qQ_dJkCeupIBMNkAw,47.607929,-122.328614,.jpg"
satellite_47.57831749206354_-122.29176190955859.png,"FDV5GUhW20ezG_TesJlrlg,47.578397,-122.291985,.jpg"
satellite_47.57503676753716_-122.28835679993911.png,"VZ1GId3BWjMW0AHf9zBeFA,47.574920,-122.288281,.jpg"
satellite_47.61867040373797_-122.33213678076103.png,"V4g-iYduTkHz_TqROI51Hw,47.618558,-122.332076,.jpg"
satellite_47.56978760829496_-122.30976034611872.png,"a6LF-0a6vl2HYMUqtZ77lA,47.569926,-122.309559,.jpg"
satellite_47.603250998464_-122.33408255768646.png,"XcRepW37FBoNMbHyKsKW3w,47.603239,-122.334144,.jpg"
satellite_47.61276509959049_-122.33602833461188.png,"RDg7B7im-dQ5Ocwf2vG7Cg,47.612839,-122.335971,.jpg"
satellite_47.60095449129554_-122.29662635187213.png,"gLOluEEnxZLxWjOjGdWTNg,47.600878,-122.296745,.jpg"
satellite_47.61604582411687_-122.31997567497717.png,"t3oVOWI57m0qEPZFLDCRAw,47.615912,-122.320045,.jpg"
satellite_47.598001839221794_-122.29419413071537.png,"ulq9OxWxkiN94bvMGgU-hg,47.598020,-122.294120,.jpg"
satellite_47.61145280977994_-122.31608412112634.png,"Kg9dB46GcX5llG4MffHHmA,47.611557,-122.316254,.jpg"
satellite_47.618342331285334_-122.30003146149163.png,"utNu8EJsE3ps_kaDHMRvsA,47.618439,-122.299894,.jpg"
satellite_47.58028592677936_-122.31948923074582.png,"wralIt0Rh_asl8g_T4PBkQ,47.580362,-122.319364,.jpg"
satellite_47.57995785432673_-122.33651477884322.png,"OJYyRIXar-UzqGlKvPx2nA,47.580102,-122.336710,.jpg"
satellite_47.58258243394783_-122.28981613263318.png,"b3VPATv9ko6bBEzpAd3zGQ,47.582515,-122.289771,.jpg"
satellite_47.58619123092684_-122.32338078459665.png,"40JHl9kz3dG83zvC38qp9w,47.586209,-122.323305,.jpg"
satellite_47.564210376600116_-122.32970455960427.png,"v0X2BUXoWqBes9VR9TThhw,47.564099,-122.329719,.jpg"
satellite_47.604235215821916_-122.29516701917808.png,"PX8uNsZ1sTchwdC1KKLjew,47.604170,-122.295017,.jpg"
satellite_47.61178088223258_-122.33602833461188.png,"dYI3AiOm9FAK3ULxM-qpgw,47.611887,-122.336016,.jpg"
satellite_47.57831749206354_-122.33651477884322.png,"pVAhuP46kkYBeZTR-GXoNQ,47.578383,-122.336732,.jpg"
satellite_47.57667712980035_-122.32046211920853.png,"C0m0CISm04PnYYVcRDauKA,47.576750,-122.320334,.jpg"
satellite_47.56519459395803_-122.31705700958904.png,"CH7bFcz1WQRXiAMFZTmusw,47.565093,-122.317298,.jpg"
satellite_47.56683495622122_-122.29711279610349.png,"i-YFGdNaIC7s5xhb_EEB_Q,47.566744,-122.297087,.jpg"
satellite_47.61046859242203_-122.28884324417047.png,"L1-YUso9poRNUEyiEEXInQ,47.610404,-122.289062,.jpg"
satellite_47.59242460752696_-122.3282452269102.png,"BiS2p5yIaY4QInf7zQ_ilg,47.592558,-122.328111,.jpg"
satellite_47.61899847619061_-122.29030257686453.png,"IeNUg4GAibB7HiXZc5oODA,47.618844,-122.290249,.jpg"
satellite_47.56092965207374_-122.31413834420091.png,"iUdzSdryDn50JGtqVeQwbQ,47.560952,-122.314141,.jpg"
satellite_47.573068332821336_-122.33165033652968.png,"4D7CZ0BQoD9_a1qIIps5nw,47.573147,-122.331463,.jpg"
satellite_47.60981244751675_-122.31024679035008.png,"tpvtmyUjeOKcS_tk8_aHQQ,47.609826,-122.310215,.jpg"
satellite_47.573068332821336_-122.30732812496194.png,"LLiJWOjg8E3VrfM3xaFoUA,47.573194,-122.307434,.jpg"
satellite_47.61210895468522_-122.33019100383562.png,"jWIrChjruTrxipT8-_Trsg,47.612018,-122.330094,.jpg"
satellite_47.60456328827455_-122.33165033652968.png,"RG7SVfGckU_fhkTKTvoCFg,47.604643,-122.331681,.jpg"
satellite_47.60390714336928_-122.33165033652968.png,"Glk6Id4lgaKqnfCQCXH9IQ,47.604017,-122.331629,.jpg"
satellite_47.575692912442435_-122.29662635187213.png,"GzU0zA4FpGNnrVArjBl1Jw,47.575711,-122.296657,.jpg"
satellite_47.604235215821916_-122.32338078459665.png,"pnHG0LdPFiyGhAIxXfeijg,47.604115,-122.323418,.jpg"
satellite_47.584222796211016_-122.32921811537291.png,"C98SKRCSYxC_Tbkptik1tg,47.584172,-122.329056,.jpg"
satellite_47.58619123092684_-122.33165033652968.png,"UvoRXBjMx1D2lnVoHz1sVg,47.586213,-122.331779,.jpg"
satellite_47.61506160675896_-122.31948923074582.png,"6UT6nhB2qaNUxVHPb5nldQ,47.614914,-122.319414,.jpg"
satellite_47.62096691090643_-122.31267901150684.png,"mnq41gJ2hzkwGoePWkOSCA,47.620951,-122.312688,.jpg"
satellite_47.59045617281113_-122.2873839114764.png,"XgjiHRv1i14O7cqNh4AEsg,47.590498,-122.287497,.jpg"
satellite_47.607187867895654_-122.29905857302892.png,"JA41VDz9m7QOGuYkvdf80g,47.607282,-122.298909,.jpg"
satellite_47.594064969790146_-122.33554189038053.png,"yi-koh37XxVE_JkRuFxCew,47.594217,-122.335472,.jpg"
satellite_47.56617881131594_-122.30149079418568.png,"pD6FJh0AqkhN6XVRX5KgjQ,47.566044,-122.301429,.jpg"
satellite_47.61374931694841_-122.29030257686453.png,"fOa7zBnYqx7pAXgc3a5i6g,47.613676,-122.290355,.jpg"
satellite_47.615717751664235_-122.31705700958904.png,"HNtNjNsIykwlzFAuqnmzew,47.615587,-122.316837,.jpg"
satellite_47.617030041474784_-122.33846055576865.png,"Pgbc-LcG7P00LtquhIxUsw,47.617165,-122.338260,.jpg"
satellite_47.61440546185368_-122.29857212879756.png,"L3icVo7aCtkhhzBqkcszrw,47.614393,-122.298805,.jpg"
satellite_47.615717751664235_-122.32970455960427.png,"1WJ7_xweadD6h9pWOHwpVg,47.615710,-122.329542,.jpg"
satellite_47.57503676753716_-122.31413834420091.png,"0TnBxeu-fRw2wXHU4mTasA,47.575187,-122.314048,.jpg"
satellite_47.605547505632465_-122.28981613263318.png,"kMBsLhBEWwpXMl36mQ7toQ,47.605623,-122.289574,.jpg"
satellite_47.60915630261148_-122.32484011729072.png,"x7MFKCub38HJwC7YCyqLAQ,47.609065,-122.324993,.jpg"
satellite_47.56388230414748_-122.28981613263318.png,"Btny7NL0p7TpuG6NDEMexA,47.563854,-122.289871,.jpg"
satellite_47.574052550179246_-122.29954501726027.png,"qGqw5Z_WEpzgmLWANoBADQ,47.573915,-122.299379,.jpg"
satellite_47.59078424526377_-122.32143500767124.png,"CuQfdofqs6vngnVS06d0GA,47.590675,-122.321547,.jpg"
satellite_47.58783159319003_-122.2927347980213.png,"BTcleFcYQOqySseC4gzHkg,47.587770,-122.292559,.jpg"
satellite_47.59144039016904_-122.31219256727549.png,"J7qb3cx4VPxU9dAIJcW3bg,47.591425,-122.312117,.jpg"
satellite_47.62031076600116_-122.3282452269102.png,"38bTnhNpnUgl0AEX_ttkGw,47.620439,-122.328197,.jpg"
satellite_47.563226159242205_-122.28981613263318.png,"fvTxYoMB02jTIk4diBFifg,47.563238,-122.289702,.jpg"
satellite_47.60226678110609_-122.30878745765601.png,"La87MRs0LE3DdnuK0o7mRg,47.602105,-122.308955,.jpg"
satellite_47.597017621863884_-122.31219256727549.png,"sM26G70mPA0DgCX97fjiRA,47.597089,-122.312376,.jpg"
satellite_47.574052550179246_-122.2961399076408.png,"4F0o-67qrwS4t-2KozMO5A,47.573957,-122.296305,.jpg"
satellite_47.60226678110609_-122.31365189996956.png,"FzjiA__AlXL-rKkyqLlQpA,47.602251,-122.313757,.jpg"
satellite_47.58487894111629_-122.30684168073059.png,"w9AwbZQdoI7-uNOrCuTZkQ,47.584966,-122.306888,.jpg"
satellite_47.564538449052755_-122.29224835378994.png,"AMUm2PDyUiZK-RZZec4Q7A,47.564483,-122.292464,.jpg"
satellite_47.61178088223258_-122.32727233844749.png,"8-0ofGwB4acO2KvpdXeGXA,47.611829,-122.327354,.jpg"
satellite_47.60259485355873_-122.30149079418568.png,"bWsez9-59nNP35HGP4ZpNw,47.602665,-122.301545,.jpg"
satellite_47.586519303379475_-122.3335961134551.png,"QubcgEvfDUutSleNOT7KIQ,47.586528,-122.333517,.jpg"
satellite_47.60948437506411_-122.29759924033485.png,"osS5o_GH54h7NbG3qhcarg,47.609615,-122.297563,.jpg"
satellite_47.59012810035849_-122.32240789613394.png,"SsfvADVUEv2tUJDzGz7wYw,47.590199,-122.322414,.jpg"
satellite_47.60390714336928_-122.33602833461188.png,"M1xUhAUTg0eQ0ItJMpBX9Q,47.603757,-122.336100,.jpg"
satellite_47.608172085253564_-122.32873167114155.png,"mcIutrQZqCy1aYv9qp7lgg,47.608280,-122.328782,.jpg"
satellite_47.58783159319003_-122.3282452269102.png,"Vm62T9Eyd2RSjUACQu9Ohg,47.587739,-122.328295,.jpg"
satellite_47.56683495622122_-122.32727233844749.png,"NrSvEVULhk7fUG_YEP8ehQ,47.566875,-122.327395,.jpg"
satellite_47.577005202252984_-122.30878745765601.png,"kLWiH3B3DmnVjEWx3OqEYQ,47.576998,-122.308913,.jpg"
satellite_47.586519303379475_-122.28981613263318.png,"V-87uhpCw99dBqxScatbZA,47.586659,-122.289575,.jpg"
satellite_47.616701969022145_-122.31121967881279.png,"dfzafIh_yHxugm664vswLw,47.616645,-122.311447,.jpg"
satellite_47.576020984895074_-122.31267901150684.png,"0AZMEnQ6cZcXV4NEUb-iuA,47.575951,-122.312729,.jpg"
satellite_47.58947195545322_-122.29030257686453.png,"ue8f03DZfz3mptvAm35aCw,47.589410,-122.290505,.jpg"
satellite_47.55928928981055_-122.31754345382039.png,"9QtwuW775DqIYbkfB5W0bA,47.559152,-122.317732,.jpg"
satellite_47.60161063620081_-122.31365189996956.png,"rKl1wn1FRIUmwpvp8dPLkg,47.601680,-122.313707,.jpg"
satellite_47.6206388384538_-122.32386722882801.png,"n-6hOgOz7K609XUDG7p8Yw,47.620787,-122.324086,.jpg"
satellite_47.60981244751675_-122.29905857302892.png,"jDXDeS8hb8bx2E9nGMuRtQ,47.609847,-122.298871,.jpg"
satellite_47.61243702713786_-122.33116389229833.png,"gHzorx7Q9fXfu1gMkqxm5g,47.612549,-122.331141,.jpg"
satellite_47.575692912442435_-122.31073323458143.png,"6YNEJP95ncnrfUAwmH7xzQ,47.575856,-122.310780,.jpg"
satellite_47.57667712980035_-122.30976034611872.png,"_HvV3Lhsaq8_eIwUJ-YAdA,47.576641,-122.309738,.jpg"
satellite_47.60292292601136_-122.32240789613394.png,"BTybS1Vysz45gS3GfR4tLQ,47.602995,-122.322349,.jpg"
satellite_47.56978760829496_-122.28981613263318.png,"0QlRMExktGQctVwkdacXQg,47.569698,-122.289956,.jpg"
satellite_47.58914388300058_-122.29468057494672.png,"bQJ762hg0eVqWEoU_zwSAw,47.589087,-122.294902,.jpg"
satellite_47.61407738940105_-122.32192145190258.png,"SiITa-T7X31nyw2evMP0Iw,47.614221,-122.322108,.jpg"
satellite_47.59997027393762_-122.30003146149163.png,"_DnmwC2gtXvoL1YELgvfoQ,47.600039,-122.299888,.jpg"
satellite_47.60489136072719_-122.28787035570775.png,"RoAa4xmKNXLV_idWIQ6_tw,47.604730,-122.288076,.jpg"
satellite_47.56781917357913_-122.32046211920853.png,"hbM73IjefTOpQo5EkLNoWw,47.567911,-122.320325,.jpg"
satellite_47.57864556451617_-122.29030257686453.png,"P7Ug8OvvSmCe6cl-clTx3w,47.578728,-122.290339,.jpg"
satellite_47.58980002790585_-122.31365189996956.png,"-__FE31O7VGAOQP6EpKZ1w,47.589914,-122.313860,.jpg"
satellite_47.58619123092684_-122.33310966922375.png,"p42LU1AnMy2pJsnefN8goQ,47.586146,-122.333229,.jpg"
satellite_47.58159821658992_-122.31024679035008.png,"hURt1x5Y6LdESwINgeEX-g,47.581492,-122.310152,.jpg"
satellite_47.617030041474784_-122.28787035570775.png,"D5Ad3X9PcVL7CJTCsbprIg,47.617082,-122.288094,.jpg"
satellite_47.57634905734771_-122.29857212879756.png,"tDwpWxTnTlmdzDN4PaD3uQ,47.576199,-122.298385,.jpg"
satellite_47.617030041474784_-122.29759924033485.png,"AmiKEarMwQXRfZn6QkDEdw,47.617168,-122.297474,.jpg"
satellite_47.5832385788531_-122.32143500767124.png,"kqEBLFJdiI6DXCuwBOyiXA,47.583341,-122.321371,.jpg"
satellite_47.59832991167443_-122.28932968840182.png,"cxHjvpp-v9dbM4I2v7EfCA,47.598272,-122.289567,.jpg"
satellite_47.588159665642664_-122.29905857302892.png,"CReMr3f-vHLgkTy5d5VaYA,47.588322,-122.299058,.jpg"
satellite_47.608172085253564_-122.32338078459665.png,"raMDsDHIPn8mJz1txXdHrg,47.608062,-122.323538,.jpg"
satellite_47.61899847619061_-122.29224835378994.png,"jU0G9eK5wLk-BIMpINq90Q,47.618871,-122.292106,.jpg"
satellite_47.55896121735791_-122.3078145691933.png,"qHe-EpUL2wnCV7iBDPmnwg,47.558978,-122.307882,.jpg"
satellite_47.57733327470562_-122.33505544614917.png,"A4scTLP_GXkf4VH5ZkNOaw,47.577183,-122.335187,.jpg"
satellite_47.595705332053335_-122.32921811537291.png,"p3IO11ZAYBUQmcBof5Ccbw,47.595654,-122.329027,.jpg"
satellite_47.57831749206354_-122.29030257686453.png,"RWoKPRdoFwS8RT2u-qjvHw,47.578336,-122.290536,.jpg"
satellite_47.59472111469542_-122.28835679993911.png,"z8zVfv9LWQEPPkOoTPneZw,47.594586,-122.288481,.jpg"
satellite_47.59012810035849_-122.33408255768646.png,"hKE_9jnmMaM7QG1NOs8kAA,47.590234,-122.334039,.jpg"
satellite_47.61145280977994_-122.33019100383562.png,"pbTEfq5V9C_DtP7L2GlFvw,47.611412,-122.330382,.jpg"
satellite_47.60456328827455_-122.29662635187213.png,"bYHdYjmPNCBqEa-oyZUU4w,47.604610,-122.296736,.jpg"
satellite_47.61014051996939_-122.31559767689498.png,"D2mbmW63n5tO7oM4uGfqFg,47.610068,-122.315446,.jpg"
satellite_47.577005202252984_-122.3078145691933.png,"Y2zxeuuO3d1oTmP6ja5kNQ,47.577006,-122.307714,.jpg"
satellite_47.595705332053335_-122.3078145691933.png,"BizmU0zZuVpWoDar4VL9cQ,47.595862,-122.307728,.jpg"
satellite_47.57766134715826_-122.32921811537291.png,"tDJaMQ2QbsIQjIYoGA8jpQ,47.577804,-122.329005,.jpg"
satellite_47.580613999232_-122.32338078459665.png,"pw8IjblsbcW0Jt8S68FxyQ,47.580543,-122.323238,.jpg"
satellite_47.59078424526377_-122.30732812496194.png,"AuHRMsvqwWSC-CuNYHRscw,47.590946,-122.307175,.jpg"
satellite_47.575692912442435_-122.30927390188737.png,"0LT_WZFdCTjKmgeySSIJNA,47.575720,-122.309374,.jpg"
satellite_47.58881581054794_-122.33748766730594.png,"DHZoxwMMuXW1prSwyCkh4w,47.588966,-122.337565,.jpg"
satellite_47.58980002790585_-122.29857212879756.png,"UUBy7S9v3o2jAaEBGXryyA,47.589876,-122.298486,.jpg"
satellite_47.58258243394783_-122.30295012687975.png,"w5QSblAQLeDGN3JRLJdXLQ,47.582636,-122.302948,.jpg"
satellite_47.586847375832114_-122.31657056535768.png,"vPY7BX0nZwk6Ri5WQNVt_A,47.586952,-122.316650,.jpg"
satellite_47.58127014413728_-122.32678589421613.png,"_Vqp0M880KQvWc7Moooayw,47.581361,-122.326811,.jpg"
satellite_47.595705332053335_-122.31657056535768.png,"7yCvHK0kYQWcNnT-7E-XMw,47.595772,-122.316504,.jpg"
satellite_47.58487894111629_-122.29078902109589.png,"4sgocFbDdMa78B-g4FFN8w,47.584890,-122.290902,.jpg"
satellite_47.60948437506411_-122.29419413071537.png,"mHqPg4_2hW7LvL-1Hw2NBg,47.609500,-122.294380,.jpg"
satellite_47.55830507245264_-122.3228943403653.png,"l-46Aeimno_MBmMWX5wGgg,47.558408,-122.323122,.jpg"
satellite_47.58389472375838_-122.31657056535768.png,"wjg7YAyabWGS2NoH7v_FZA,47.583932,-122.316652,.jpg"
satellite_47.59308075243223_-122.31121967881279.png,"nY8KlkVgyBy5a2a-LvNmeg,47.593119,-122.310982,.jpg"
satellite_47.59898605657971_-122.28884324417047.png,"z2C2Aa1HeSkrZreryOmqpg,47.599143,-122.289030,.jpg"
satellite_47.605875578085104_-122.29176190955859.png,"HsKFX9ShcSML_P10CdEpCg,47.605787,-122.291604,.jpg"
satellite_47.6085001577062_-122.30149079418568.png,"H7akRjeltoEyqJmKW4xPiw,47.608663,-122.301488,.jpg"
satellite_47.59373689733751_-122.3078145691933.png,"MmGP4Vbd9WgD0a0IduS9kA,47.593601,-122.307878,.jpg"
satellite_47.59931412903235_-122.33505544614917.png,"MjDHM0gLzrBiCgN-Zimobg,47.599239,-122.334949,.jpg"
satellite_47.59242460752696_-122.33554189038053.png,"ZBMV5QPgZQiCiH3yC--K1Q,47.592431,-122.335524,.jpg"
satellite_47.57109989810551_-122.28787035570775.png,"ZWa2Ycym_8kKy5YtohZtJg,47.571033,-122.287769,.jpg"
satellite_47.59308075243223_-122.32338078459665.png,"Aam8z1Gv3EDjsec-Hxi-9g,47.592946,-122.323391,.jpg"
satellite_47.605219433179826_-122.2980856845662.png,"iKsx5XZJWw13qbJevrpncw,47.605177,-122.297868,.jpg"
satellite_47.608172085253564_-122.32873167114155.png,"2v4bHBNcTDesPj_bmYMdcg,47.608203,-122.328709,.jpg"
satellite_47.585535086021565_-122.29662635187213.png,"5iewMQldSyOWUg4hbuNj9g,47.585615,-122.296421,.jpg"
satellite_47.58192628904255_-122.32338078459665.png,"ntLfy4TzJEbpwIRGqTxnXw,47.581818,-122.323487,.jpg"
satellite_47.57372447772661_-122.33165033652968.png,"Lt_iot-BljFoQhxGg9tRSg,47.573772,-122.331497,.jpg"
satellite_47.58619123092684_-122.29224835378994.png,"_Us7SbGoCZMjQB1qPCoffQ,47.586347,-122.292303,.jpg"
satellite_47.575692912442435_-122.32970455960427.png,"bAHuHwYHuCwCfn5iLU2Utg,47.575701,-122.329687,.jpg"
satellite_47.608172085253564_-122.29711279610349.png,"LlYBvE3SMSybtl97Y5Wj-Q,47.608022,-122.297099,.jpg"
satellite_47.60259485355873_-122.30295012687975.png,"TeiFEWklLkCAXas-yYigzw,47.602688,-122.303108,.jpg"
satellite_47.62031076600116_-122.2927347980213.png,"zpT74OyCa6kMEe9ZKHm3hw,47.620148,-122.292757,.jpg"
satellite_47.62031076600116_-122.30197723841704.png,"MBdJA2sazWUR76_8FpFGzw,47.620384,-122.301946,.jpg"
satellite_47.60029834639026_-122.32775878267884.png,"-K5fnkXvbe7YDPZi0CZ0OA,47.600444,-122.327703,.jpg"
satellite_47.61998269354852_-122.32484011729072.png,"6JSt28QqMdcyFwY6cUU1qg,47.619876,-122.324664,.jpg"
satellite_47.57995785432673_-122.30878745765601.png,"JiXIhLWUiP4hKQ3tsU6WiA,47.579863,-122.308771,.jpg"
satellite_47.56814724603177_-122.33213678076103.png,"LUSIewkK0Q88dTRj56sxZQ,47.568119,-122.332052,.jpg"
satellite_47.57142797055815_-122.31024679035008.png,"KCLpzgKmSYYtsF6-FxBWiw,47.571496,-122.310310,.jpg"
satellite_47.56814724603177_-122.30149079418568.png,"Xk0xMNXDve8u7Ns6ngt_UQ,47.568203,-122.301643,.jpg"
satellite_47.60029834639026_-122.29516701917808.png,"hlVoGkYz2jbIngM_-ISj4w,47.600256,-122.295075,.jpg"
satellite_47.574380622631885_-122.31024679035008.png,"EyC1OhRdcyM1otElttLYKg,47.574471,-122.310245,.jpg"
satellite_47.5832385788531_-122.31073323458143.png,"_T_d1Jzf1NI03Y5kkn-UOw,47.583076,-122.310833,.jpg"
satellite_47.58028592677936_-122.29662635187213.png,"IMAw-lTXHhwDhrzVOkghAg,47.580349,-122.296475,.jpg"
satellite_47.55896121735791_-122.32921811537291.png,"c2y27R25VgGql7dCVjFzbA,47.559019,-122.329450,.jpg"
satellite_47.57962978187409_-122.32970455960427.png,"wI7WR8oC7LeAEFbQ_qLc8g,47.579579,-122.329686,.jpg"
satellite_47.58881581054794_-122.30635523649924.png,"tNo-AkohNnKY09HaWE_oQQ,47.588867,-122.306269,.jpg"
satellite_47.58094207168464_-122.3335961134551.png,"pnJL3hfDbKJ-uBJq3N0cqg,47.580848,-122.333493,.jpg"
satellite_47.57208411546342_-122.30684168073059.png,"hZDG57v8gSG1NijVQdQ7RQ,47.571945,-122.306958,.jpg"
satellite_47.585535086021565_-122.31267901150684.png,"23tKm781xYMRuYW6lUF7TQ,47.585529,-122.312883,.jpg"
satellite_47.58914388300058_-122.30100434995434.png,"jQFjAbAR9jC9_Sa8Wpo6eQ,47.589006,-122.300911,.jpg"
satellite_47.61407738940105_-122.30149079418568.png,"6stxDZkFbl-IVb66_70-kw,47.614112,-122.301467,.jpg"
satellite_47.61178088223258_-122.32629944998479.png,"Czxw2Qp-WI9LHyfVWv-xLQ,47.611722,-122.326520,.jpg"
satellite_47.574708695084524_-122.31365189996956.png,"PMz_-V5Z-4-Vjk8Y2h5-Vg,47.574556,-122.313446,.jpg"
satellite_47.588159665642664_-122.33408255768646.png,"BAKlMVIv3Ke39h1wMA-gNg,47.588104,-122.334122,.jpg"
satellite_47.576020984895074_-122.31511123266363.png,"wsELWre9qSknkD8f789mdg,47.575987,-122.315154,.jpg"
satellite_47.59012810035849_-122.32581300575343.png,"frFm6rkD7vPtxonZPVlUgQ,47.590109,-122.326026,.jpg"
satellite_47.597017621863884_-122.33165033652968.png,"TCpqOXfybt_pC0RUEO-92g,47.596966,-122.331577,.jpg"
satellite_47.58619123092684_-122.30732812496194.png,"CM0UL521i9yMZM_6Mi_05A,47.586351,-122.307201,.jpg"
satellite_47.57766134715826_-122.31121967881279.png,"Fu_W4wC_qynJMzcXQR9Dww,47.577741,-122.311186,.jpg"
satellite_47.58619123092684_-122.32386722882801.png,"PC0e_cssTPZsYxT7Bs9kHw,47.586198,-122.323908,.jpg"
satellite_47.57175604301079_-122.32338078459665.png,"6Bt3fR2n8iqCTMY_zoMLVw,47.571755,-122.323497,.jpg"
satellite_47.5779894196109_-122.3335961134551.png,"drOfi3vwQgm9PXnJkWSFsA,47.578124,-122.333774,.jpg"
satellite_47.58947195545322_-122.28787035570775.png,"TwGW0ghyNbLiEMwDslUHbQ,47.589551,-122.288032,.jpg"
satellite_47.60489136072719_-122.32143500767124.png,"-uQepEnBgKlkrS4Y4G-CFQ,47.604905,-122.321196,.jpg"
satellite_47.615389679211596_-122.29759924033485.png,"DKzmtOTB_v1j70o9GufeWQ,47.615345,-122.297529,.jpg"
satellite_47.61506160675896_-122.32338078459665.png,"qdmTFdPHFaFUNaFrWMwPCw,47.614922,-122.323423,.jpg"
satellite_47.60161063620081_-122.29468057494672.png,"LyhVFaP4G0wbHOGvZl_KOg,47.601674,-122.294707,.jpg"
satellite_47.61965462109588_-122.29224835378994.png,"pcfIOIRx96OKeKlF5QWboQ,47.619716,-122.292345,.jpg"
satellite_47.56847531848441_-122.33554189038053.png,"KDvk7YaSoYTYvkZIeW1fJA,47.568403,-122.335692,.jpg"
satellite_47.61899847619061_-122.28884324417047.png,"Ykfb1ABGZOmWzwPqBkIqpQ,47.619116,-122.289037,.jpg"
satellite_47.57503676753716_-122.29857212879756.png,"IBNBMM9azJt3KWMihlvxzg,47.575088,-122.298380,.jpg"
satellite_47.61276509959049_-122.29078902109589.png,"MND0rMilM6pI-mmR4HBjlg,47.612895,-122.290809,.jpg"
satellite_47.615717751664235_-122.30684168073059.png,"QlHsbCnabHUxgM2CacbR3A,47.615631,-122.307019,.jpg"
satellite_47.59898605657971_-122.33213678076103.png,"UAIjc5CrkmAxV2bn55L-UA,47.598892,-122.332245,.jpg"
satellite_47.59209653507432_-122.32629944998479.png,"aae5gaZ5NaggepDiUc_JzQ,47.592208,-122.326497,.jpg"
satellite_47.584222796211016_-122.32143500767124.png,"vWJUTucNHOX2oOQtGi9vkw,47.584070,-122.321369,.jpg"
satellite_47.6111247373273_-122.33262322499239.png,"3uBYsVpu2NplgHxCnyWEjw,47.610962,-122.332741,.jpg"
satellite_47.56781917357913_-122.31413834420091.png,"rzUm-fWbP0_fqvLDrpwLag,47.567722,-122.314160,.jpg"
satellite_47.584222796211016_-122.28835679993911.png,"B6vBneAnMIH4GEG_lgJMtQ,47.584249,-122.288520,.jpg"
satellite_47.62031076600116_-122.32775878267884.png,"ldx_eFvNYjjzwTmUlV2clQ,47.620256,-122.327927,.jpg"
satellite_47.59242460752696_-122.32629944998479.png,"_bXc3S1BVgZhL_i2uGFLGg,47.592305,-122.326058,.jpg"
satellite_47.60095449129554_-122.3335961134551.png,"uX-rAVQOmngBHt4qDbcP2g,47.600908,-122.333628,.jpg"
satellite_47.57077182565287_-122.30197723841704.png,"1juiX9Bpmrjs7aLFXPVGZg,47.570673,-122.301799,.jpg"
satellite_47.57208411546342_-122.30927390188737.png,"zRrARgWXtvlsibnWKxnzpA,47.572105,-122.309115,.jpg"
satellite_47.56913146338968_-122.32678589421613.png,"CtSKtBB9e9D3esJlYWmxwA,47.569188,-122.326815,.jpg"
satellite_47.59832991167443_-122.31754345382039.png,"CSe9kePJ6sSiO3mTFVEtVA,47.598282,-122.317309,.jpg"
satellite_47.617686186380055_-122.32094856343988.png,"Yv-JNMC9E9WVIpKH70Imeg,47.617744,-122.320790,.jpg"
satellite_47.57733327470562_-122.29759924033485.png,"7H1CBvKCgj4hQTatShQ4hA,47.577354,-122.297384,.jpg"
satellite_47.59045617281113_-122.28932968840182.png,"YneN0Qolax6YOufM7caCsA,47.590402,-122.289180,.jpg"
satellite_47.60357907091664_-122.31121967881279.png,"DunnIZYZHu6RqgdAIZDkww,47.603514,-122.311229,.jpg"
satellite_47.56125772452638_-122.31608412112634.png,"Bu2os0vPGXDyAcmr2q8FYg,47.561260,-122.316094,.jpg"
satellite_47.586519303379475_-122.29176190955859.png,"WalXD05LTWOQZXZ2DCkWjQ,47.586654,-122.291768,.jpg"
satellite_47.573068332821336_-122.31073323458143.png,"eFHWXfbCpaDW9eVgP4x0sg,47.572971,-122.310838,.jpg"
satellite_47.55961736226319_-122.33408255768646.png,"YDj6-fOco3qrcMZOyKOing,47.559557,-122.334147,.jpg"
satellite_47.577005202252984_-122.31705700958904.png,"tFGNrZwnHAP2_f98sYEidQ,47.576889,-122.317138,.jpg"
satellite_47.60882823015884_-122.32629944998479.png,"tV3undudPoaPdFYPrlGb1Q,47.608819,-122.326179,.jpg"
satellite_47.59504918714806_-122.30732812496194.png,"NXN1oI06it4hsU0vV5KZMA,47.594917,-122.307323,.jpg"
satellite_47.60489136072719_-122.30440945957382.png,"gp2wf64hiByuVnG3jvXsag,47.604867,-122.304404,.jpg"
satellite_47.58914388300058_-122.33505544614917.png,"jpEdaSTsiVHD7I_HEerrTw,47.588989,-122.335150,.jpg"
satellite_47.576020984895074_-122.32629944998479.png,"BLc3EL2yh0NYnc_SnBKYwQ,47.576144,-122.326263,.jpg"
satellite_47.61506160675896_-122.32386722882801.png,"XJ2BuSqcpEdfuZvCR5riQA,47.615213,-122.323725,.jpg"
satellite_47.606203650537736_-122.29030257686453.png,"Ik3dAy9tA5DgGh8DVqmuCQ,47.606122,-122.290515,.jpg"
satellite_47.588159665642664_-122.32338078459665.png,"t9CxqXP6Cn0gEoMU13nlsw,47.588210,-122.323298,.jpg"
satellite_47.60751594034829_-122.33408255768646.png,"pMzeVJB99ZKte7KB6yARKQ,47.607463,-122.334235,.jpg"
satellite_47.563226159242205_-122.33748766730594.png,"bqo8503gzsHQy-rkOzemJg,47.563141,-122.337364,.jpg"
satellite_47.56880339093704_-122.33408255768646.png,"-ROR4PxSZd1CZkMx_Ltz1A,47.568679,-122.334166,.jpg"
satellite_47.57175604301079_-122.30586879226789.png,"aAz0tuOK4ae1PP7ULnglCw,47.571907,-122.305963,.jpg"
satellite_47.59045617281113_-122.33408255768646.png,"QWKmSlB8Boyd-RWFyYYsig,47.590607,-122.334121,.jpg"
satellite_47.561913869431656_-122.30976034611872.png,"o1yC_TpG8sLDBoWHFVGgpQ,47.561871,-122.310000,.jpg"
satellite_47.563226159242205_-122.29419413071537.png,"LZry_oITh2WSBgigY_EUoA,47.563386,-122.294139,.jpg"
satellite_47.577005202252984_-122.31170612304413.png,"YAHZRqlUs7Ak2_1q_zxSJQ,47.576860,-122.311637,.jpg"
satellite_47.605875578085104_-122.31900278651446.png,"gfuOVp5Fsww16_Q35GVxoQ,47.605901,-122.318768,.jpg"
satellite_47.58750352073739_-122.31073323458143.png,"etoVqBMhOVQtIwvGVvr-Pg,47.587362,-122.310598,.jpg"
satellite_47.586847375832114_-122.30440945957382.png,"QFeGi5kYEIaqW0tv74UOqw,47.586721,-122.304288,.jpg"
satellite_47.594393042242785_-122.3131654557382.png,"8r1VxV0Q01fLfWYvwRghqA,47.594540,-122.313119,.jpg"
satellite_47.58258243394783_-122.29322124225266.png,"BLYPssNo7__5FMai_X4UPg,47.582601,-122.292979,.jpg"
satellite_47.56716302867385_-122.32143500767124.png,"OnLNxIEdKPiKsZVwozSjWg,47.567074,-122.321317,.jpg"
satellite_47.59078424526377_-122.29127546532725.png,"34Ysys2OlLZ7CEnp-lUwbg,47.590715,-122.291398,.jpg"
satellite_47.60751594034829_-122.31170612304413.png,"Xzklw4qqDhGqY_Gqnvf9Vg,47.607371,-122.311723,.jpg"
satellite_47.596689549411245_-122.30051790572298.png,"VzQhMbK0Ph_cUJuBqtT8wQ,47.596766,-122.300344,.jpg"
satellite_47.61473353430632_-122.32143500767124.png,"-61ZuMqHItPoXu66Ae6nUg,47.614688,-122.321378,.jpg"
satellite_47.59078424526377_-122.30878745765601.png,"Q46v_sFPwTIiY3MpW3UE1Q,47.590753,-122.308767,.jpg"
satellite_47.57897363696881_-122.30586879226789.png,"HnUFd1uUTHDE9nalzn7ROw,47.579089,-122.306070,.jpg"
satellite_47.618342331285334_-122.32775878267884.png,"1CWVOKXuk8ITfN_FLR5TVw,47.618427,-122.327941,.jpg"
satellite_47.58914388300058_-122.30927390188737.png,"2H2k0duyEkMwsCj5V5WxqA,47.589266,-122.309428,.jpg"
satellite_47.575364839989795_-122.30830101342465.png,"7atf1suyT4PbtGk_EQWFww,47.575320,-122.308079,.jpg"
satellite_47.618014258832694_-122.29468057494672.png,"HNjy7SHj7HWMJTlJCQA9xQ,47.617890,-122.294855,.jpg"
satellite_47.60390714336928_-122.30878745765601.png,"vkUvIbQXFFSL44F2u6-5OA,47.603856,-122.308959,.jpg"
satellite_47.55830507245264_-122.29711279610349.png,"xMChrD7WUoIx6_y1xPOZ_A,47.558455,-122.297213,.jpg"
satellite_47.604235215821916_-122.31073323458143.png,"MmL4j2y8R9a68jU1olS9JQ,47.604337,-122.310866,.jpg"
satellite_47.58881581054794_-122.32143500767124.png,"BBo7N4VLDVEtSuvuPsmtTQ,47.588911,-122.321569,.jpg"
satellite_47.60456328827455_-122.3335961134551.png,"OUD9YAtP2crxP0nMtBrrWw,47.604524,-122.333780,.jpg"
satellite_47.617686186380055_-122.2961399076408.png,"Zz4UJZkjNbbCQEa1rVwGfg,47.617641,-122.296154,.jpg"
satellite_47.56650688376858_-122.28981613263318.png,"gmXwGntJS8JTiMvZWwKlgQ,47.566663,-122.289847,.jpg"
satellite_47.55928928981055_-122.29516701917808.png,"Cx48mE0kAKLDas3IbhVJpg,47.559234,-122.295336,.jpg"
satellite_47.585863158474204_-122.33019100383562.png,"VPwcX9NOwEmk3IwVKzhyfQ,47.585799,-122.330021,.jpg"
satellite_47.61965462109588_-122.29857212879756.png,"RX5KfUgMhvaW4CFEnzjsBw,47.619794,-122.298593,.jpg"
satellite_47.60489136072719_-122.33797411153729.png,"wJjOOeqTGn_Nr9sQ9FJFkg,47.604949,-122.338056,.jpg"
satellite_47.5606015796211_-122.28884324417047.png,"C7TWYQxOA9RuSWsV2b7MRQ,47.560702,-122.288878,.jpg"
satellite_47.61046859242203_-122.32727233844749.png,"v4Lxv-heqyatkROJmq_S4g,47.610469,-122.327190,.jpg"
satellite_47.580613999232_-122.31073323458143.png,"B4p3EBhhUA5R-T9K2y7nEA,47.580556,-122.310786,.jpg"
satellite_47.57241218791606_-122.31219256727549.png,"INZPxXIa2gqEL6pYxnKqxA,47.572574,-122.311951,.jpg"
satellite_47.58914388300058_-122.31462478843227.png,"qlgng2nsGdJI7U8N2b5Xtw,47.589064,-122.314859,.jpg"
satellite_47.60390714336928_-122.33797411153729.png,"zHJamLscPmB3SleKOz96DQ,47.603974,-122.338178,.jpg"
satellite_47.56257001433693_-122.2961399076408.png,"AD0x2KLEP3w8i7Kc1HV65A,47.562723,-122.296291,.jpg"
satellite_47.57044375320023_-122.29224835378994.png,"PkaOnK8xQV91xlbZe51gvw,47.570529,-122.292105,.jpg"
satellite_47.6006264188429_-122.30003146149163.png,"CeCtp2vNNfRhjXt2jphJGg,47.600559,-122.300040,.jpg"
satellite_47.58487894111629_-122.31365189996956.png,"lptUKz8GkORrPDyPMDvAlA,47.584723,-122.313426,.jpg"
satellite_47.577005202252984_-122.29176190955859.png,"jmFPZtCEdcwFZknvJJ6Y0Q,47.577037,-122.291946,.jpg"
satellite_47.59373689733751_-122.30976034611872.png,"ZRfzjnuPRBoclCqb9KVVuA,47.593696,-122.309764,.jpg"
satellite_47.562898086789566_-122.31462478843227.png,"PaJvWF8hhRJmOknBG7f1pQ,47.562934,-122.314830,.jpg"
satellite_47.62096691090643_-122.3282452269102.png,"_Es0q2cS2WzFeLz6lzSTzA,47.620844,-122.328363,.jpg"
satellite_47.58094207168464_-122.2980856845662.png,"fA_ouwy03gFnnTszNN69tA,47.580933,-122.298185,.jpg"
satellite_47.61046859242203_-122.31121967881279.png,"3QdxpwGozz4R43wv7hKqWw,47.610374,-122.311114,.jpg"
satellite_47.59767376676916_-122.33019100383562.png,"RB57xGXygQRSglnNJ7hFkQ,47.597689,-122.330084,.jpg"
satellite_47.563226159242205_-122.32921811537291.png,"W8j5OWMxDdvDhWDkUiD4TQ,47.563326,-122.329363,.jpg"
satellite_47.59144039016904_-122.30149079418568.png,"1WofedffmF6UL2mGcIwFtw,47.591596,-122.301314,.jpg"
satellite_47.58291050640047_-122.33505544614917.png,"Jz6Ojht411_-kCAYPc5W9Q,47.582811,-122.335107,.jpg"
satellite_47.61145280977994_-122.28932968840182.png,"s0lglMAQNr71-glzhQl0aA,47.611332,-122.289390,.jpg"
satellite_47.585863158474204_-122.30440945957382.png,"KRE9BbedvKF4xKN3fc-ZGg,47.585950,-122.304207,.jpg"
satellite_47.573068332821336_-122.30830101342465.png,"oiC3GSZX5k0YSWfUSHCkUQ,47.573090,-122.308163,.jpg"
satellite_47.58717544828475_-122.30149079418568.png,"wQ1ZXc065h8nTpuboRTPbQ,47.587152,-122.301323,.jpg"
satellite_47.61899847619061_-122.33408255768646.png,"Q8Nh-rYmwmcS4MZJYNmeuA,47.618924,-122.334277,.jpg"
satellite_47.564210376600116_-122.31413834420091.png,"Skwpt4QqY3hKZEibmHJQog,47.564123,-122.314204,.jpg"
satellite_47.56617881131594_-122.33213678076103.png,"c0kOiqMm2DK2wOVBshYWyg,47.566134,-122.331954,.jpg"
satellite_47.57995785432673_-122.29419413071537.png,"4ePPOiw2_fhkypwdnhLCzA,47.580061,-122.294176,.jpg"
satellite_47.586847375832114_-122.30538234803653.png,"rGiYSBqpDff77dwSGHraWw,47.586956,-122.305144,.jpg"
satellite_47.605219433179826_-122.29419413071537.png,"-04liZi-6UBQH5_W8k1v0g,47.605126,-122.294335,.jpg"
satellite_47.61046859242203_-122.29419413071537.png,"5gZrWLLgkkaDHir42LF00g,47.610452,-122.294125,.jpg"
satellite_47.56683495622122_-122.31365189996956.png,"NkyvpjhXpuGcTbDUgePebQ,47.566937,-122.313461,.jpg"
satellite_47.55928928981055_-122.31559767689498.png,"ieQcKIyTpqMlPLMtchPFbw,47.559418,-122.315614,.jpg"
satellite_47.618014258832694_-122.32240789613394.png,"ZwauUxre5vbh97NnBssyWA,47.617884,-122.322583,.jpg"
satellite_47.61342124449577_-122.3034365711111.png,"jUUopVCCSQpjkfIOhJzdBg,47.613336,-122.303659,.jpg"
satellite_47.57077182565287_-122.29711279610349.png,"bsuNT2KQgg_5FeqaN7LswQ,47.570912,-122.297028,.jpg"
satellite_47.594393042242785_-122.32046211920853.png,"8OUU7lGtw0ZFBgzMEmxdCQ,47.594348,-122.320427,.jpg"
satellite_47.606859795443015_-122.31073323458143.png,"hw0RTZxKeWpUAV7X1tLuKw,47.606893,-122.310639,.jpg"
satellite_47.561913869431656_-122.3228943403653.png,"nzNULbE90Yq1bmsZH3_3HQ,47.561983,-122.323131,.jpg"
satellite_47.6206388384538_-122.29565346340944.png,"JNGh9Ez_EzAe6Yu21e4Utw,47.620775,-122.295452,.jpg"
satellite_47.60259485355873_-122.30635523649924.png,"3z3oHvYm4fPmEyrWjkheFQ,47.602672,-122.306319,.jpg"
satellite_47.5779894196109_-122.30586879226789.png,"13tWbuRJ_ogRW2OjADsHiA,47.577854,-122.305850,.jpg"
satellite_47.596689549411245_-122.3131654557382.png,"DPYByF7A6l-v4w18fmzlIQ,47.596656,-122.313300,.jpg"
satellite_47.585535086021565_-122.31365189996956.png,"_IWuuVlBT8hWYzPpAAVlSw,47.585691,-122.313414,.jpg"
satellite_47.61440546185368_-122.32921811537291.png,"EUDq7whnntmBnMRmufxF2w,47.614541,-122.329328,.jpg"
satellite_47.618014258832694_-122.32873167114155.png,"02_7Mg2KeoMXoFuwUfGFDw,47.617887,-122.328532,.jpg"
satellite_47.618342331285334_-122.3185163422831.png,"WpNPknXbFhJahA_fLJl0XA,47.618369,-122.318751,.jpg"
satellite_47.58094207168464_-122.31997567497717.png,"dyiCk5PwtYuObVH6h4rSUg,47.581050,-122.319943,.jpg"
satellite_47.608172085253564_-122.30295012687975.png,"14ST6PrKhbqVrq_SgPUizw,47.608166,-122.302846,.jpg"
satellite_47.59734569431652_-122.31754345382039.png,"JNqRYFEBv0e-V6xIJGglXQ,47.597246,-122.317552,.jpg"
satellite_47.58291050640047_-122.31219256727549.png,"sLw4Xae8M9VY6OJgI1OTqg,47.583059,-122.312115,.jpg"
satellite_47.618342331285334_-122.29468057494672.png,"37dsmDwjVR1aLa9ZaPMCXQ,47.618429,-122.294838,.jpg"
satellite_47.606859795443015_-122.2961399076408.png,"BMsUsJKwmkR_zq3cHEmMEA,47.606742,-122.295907,.jpg"
satellite_47.60161063620081_-122.30100434995434.png,"a2ZY81TFcxOOIOVe4QwVuQ,47.601654,-122.301077,.jpg"
satellite_47.60357907091664_-122.30149079418568.png,"FZ7kdEA4G3agOyKG9o_JNQ,47.603505,-122.301314,.jpg"
satellite_47.58947195545322_-122.33262322499239.png,"I2BH35ZVdGWzVCCCmaxzMg,47.589619,-122.332580,.jpg"
satellite_47.596361476958606_-122.28884324417047.png,"STDWdb3RSWsrb_HYnFJMDQ,47.596346,-122.289086,.jpg"
satellite_47.60161063620081_-122.31511123266363.png,"4u4exvhvVlSdPXBHfX2jpg,47.601531,-122.315293,.jpg"
satellite_47.618014258832694_-122.31365189996956.png,"vd4GHJf3A1XjDixdyyohMg,47.617870,-122.313642,.jpg"
satellite_47.574708695084524_-122.2961399076408.png,"XVtC6G8PZSq3tEQwi0O_2A,47.574718,-122.296271,.jpg"
satellite_47.575364839989795_-122.29176190955859.png,"8ZymdmRo8RNaqaMfc30hgg,47.575498,-122.291878,.jpg"
satellite_47.565522666410665_-122.2873839114764.png,"D-BsE2YqBqsdNjLMGI3vDQ,47.565650,-122.287481,.jpg"
satellite_47.618342331285334_-122.30878745765601.png,"lxEEXcyPLpO70g5duJtKpg,47.618504,-122.308906,.jpg"
satellite_47.61046859242203_-122.33408255768646.png,"gKyOCju9RNQgskiJB6KCAw,47.610521,-122.333930,.jpg"
satellite_47.56913146338968_-122.29662635187213.png,"3IMPh9p_fa-jBSa31hd6ew,47.569172,-122.296766,.jpg"
satellite_47.6206388384538_-122.30051790572298.png,"iX2P6moZzoAJ157Dj5s5KQ,47.620733,-122.300306,.jpg"
satellite_47.55896121735791_-122.31170612304413.png,"oi6ftaS2Vh5E5ezt8mqB8Q,47.559057,-122.311597,.jpg"
satellite_47.596689549411245_-122.33456900191781.png,"piqFpRdTfd55mcgcZMHC6g,47.596665,-122.334432,.jpg"
satellite_47.59865798412707_-122.31754345382039.png,"UbWJY8dit75iPy5VvF_YUA,47.598531,-122.317318,.jpg"
satellite_47.57766134715826_-122.30197723841704.png,"D67GpWwe1RTZZh6ga9HOVA,47.577528,-122.301946,.jpg"
satellite_47.59209653507432_-122.30830101342465.png,"hK9fCBhNwO7GC8Dboczw2w,47.592165,-122.308218,.jpg"
satellite_47.59504918714806_-122.33408255768646.png,"sXyxbpnvmgo0oTVm6ZCNZA,47.594907,-122.334149,.jpg"
satellite_47.57962978187409_-122.30586879226789.png,"9_xeqq6XccgCGI30EDjAoA,47.579572,-122.305738,.jpg"
satellite_47.619326548643244_-122.33797411153729.png,"we001kMCACkH5L4UXwd0hQ,47.619421,-122.337836,.jpg"
satellite_47.56158579697902_-122.31170612304413.png,"fSCvI6NVtg0qCNOe6MdJnA,47.561659,-122.311484,.jpg"
satellite_47.576020984895074_-122.30392301534246.png,"n_Y_iV-w2rtyCptAGKLcCg,47.575887,-122.303850,.jpg"
satellite_47.56158579697902_-122.28835679993911.png,"3rqk1zrsMdZFb37UZqRUBQ,47.561472,-122.288195,.jpg"
satellite_47.6111247373273_-122.32532656152208.png,"kWdoeSwpnCuaygpSfOgA3w,47.611255,-122.325243,.jpg"
satellite_47.58225436149519_-122.31608412112634.png,"66KIYXRe2RRo4int3w8rwQ,47.582257,-122.316166,.jpg"
satellite_47.617686186380055_-122.29370768648401.png,"n9iutgvAhfiXlui0YD8q7g,47.617624,-122.293646,.jpg"
satellite_47.59964220148498_-122.31997567497717.png,"cl75PKM9HQ7RH5SxWakBQQ,47.599638,-122.319848,.jpg"
satellite_47.607844012800925_-122.31559767689498.png,"zfAOZwXXLrvo4S6R69m2ow,47.607802,-122.315502,.jpg"
satellite_47.60915630261148_-122.30295012687975.png,"3PeHgTCt-4lWIF7LdovKWw,47.609161,-122.302823,.jpg"
satellite_47.5606015796211_-122.31705700958904.png,"hXxbcVzQJEpX_ENc4V1nZA,47.560543,-122.317176,.jpg"
satellite_47.58225436149519_-122.30149079418568.png,"6gxCmGZy8QcGZIrerJMUkg,47.582207,-122.301252,.jpg"
satellite_47.57208411546342_-122.33651477884322.png,"QviFQY6vmHjW_maTWT4NXg,47.572017,-122.336642,.jpg"
satellite_47.60259485355873_-122.3078145691933.png,"XU_G66ycQ8GuWXMaWhVLUA,47.602679,-122.308027,.jpg"
satellite_47.58225436149519_-122.32338078459665.png,"Jc98fnh22s8kt8U9PWTuEg,47.582141,-122.323213,.jpg"
satellite_47.604235215821916_-122.30051790572298.png,"27svO2i4u3lRvLdRnRPwlg,47.604306,-122.300381,.jpg"
satellite_47.60259485355873_-122.32921811537291.png,"zHwwCYLvw4xFrBsF1_vRHA,47.602650,-122.328977,.jpg"
satellite_47.5606015796211_-122.31121967881279.png,"NhKFiYJFDh_LVRTz5J7Dcw,47.560519,-122.311434,.jpg"
satellite_47.60095449129554_-122.28787035570775.png,"mtEca1ltd27BXxzUOzBgqQ,47.601094,-122.288055,.jpg"
satellite_47.565522666410665_-122.29662635187213.png,"kVrlz42jraD4ufvIZBMLkQ,47.565553,-122.296539,.jpg"
satellite_47.61276509959049_-122.33700122307458.png,"yaw230WwZJCxFe44UmW3fQ,47.612762,-122.337228,.jpg"
satellite_47.59045617281113_-122.30392301534246.png,"CROT0RFheYhUk5z7I2cIrg,47.590560,-122.303750,.jpg"
satellite_47.57766134715826_-122.33408255768646.png,"uLCgwIazANsGe7Q90Y4tzg,47.577757,-122.334265,.jpg"
satellite_47.5727402603687_-122.29905857302892.png,"BiW-b_6cZUSf1Grfi163Cw,47.572599,-122.299169,.jpg"
satellite_47.596361476958606_-122.2873839114764.png,"yD2pAvMLGv6IvEl4eFBphA,47.596482,-122.287568,.jpg"
satellite_47.594393042242785_-122.33505544614917.png,"04hhIXcSC8ASM-6lSAUNig,47.594330,-122.335239,.jpg"
satellite_47.58619123092684_-122.30392301534246.png,"ZtNgmZhxWxvAEIBwm8rWGQ,47.586346,-122.303872,.jpg"
satellite_47.58192628904255_-122.31024679035008.png,"-8r1UnIh5-9dMkpBed9f1Q,47.582031,-122.310153,.jpg"
satellite_47.61210895468522_-122.31900278651446.png,"aofvFGAEmkLxLDDG8844IA,47.611977,-122.318903,.jpg"
satellite_47.57930170942145_-122.31900278651446.png,"OcOlF4EgnbwQpFs6Sn4RfA,47.579381,-122.319003,.jpg"
satellite_47.56388230414748_-122.31802989805175.png,"w7MJsIPMlZ-XhcSsBwB6MQ,47.564015,-122.317976,.jpg"
satellite_47.58127014413728_-122.32629944998479.png,"1ufxEW1K09p2fPzYJybIdQ,47.581178,-122.326314,.jpg"
satellite_47.617686186380055_-122.31267901150684.png,"AhSnom8N4GXRsMVpS3_9wA,47.617577,-122.312804,.jpg"
satellite_47.59078424526377_-122.30635523649924.png,"qnoZYR9iSRR-Pb_3zipR_g,47.590750,-122.306254,.jpg"
satellite_47.57372447772661_-122.29176190955859.png,"5Hu6F7yWChZB5PW2IR_JHg,47.573768,-122.291695,.jpg"
satellite_47.61899847619061_-122.29711279610349.png,"j-PJ4V4WD1YJMPZL8_v0zQ,47.618982,-122.297249,.jpg"
satellite_47.57634905734771_-122.31413834420091.png,"Ujvzh8pBxeBpsHjGjx15VQ,47.576330,-122.314037,.jpg"
satellite_47.607844012800925_-122.32873167114155.png,"L_9RHiSahwRrVK6r-yjNLg,47.607836,-122.328832,.jpg"
satellite_47.59308075243223_-122.30100434995434.png,"3Ge7fJO_III3T2_smdA4JQ,47.593046,-122.301246,.jpg"
satellite_47.616373896569506_-122.3024636826484.png,"pb79M4doOKMz9qUv0x-irA,47.616511,-122.302590,.jpg"
satellite_47.616701969022145_-122.33408255768646.png,"DJI70RJdZ7moFU-DOih98A,47.616598,-122.334056,.jpg"
satellite_47.5927526799796_-122.32921811537291.png,"9DbVOQNohtEM-glr71i1OQ,47.592592,-122.329283,.jpg"
satellite_47.59012810035849_-122.30489590380517.png,"VFkWuJ9kaay77pOM_leXJw,47.589965,-122.304695,.jpg"
satellite_47.58881581054794_-122.30003146149163.png,"t3O7F_W8PBuKeI81s4Zv5w,47.588865,-122.300157,.jpg"
satellite_47.58914388300058_-122.30051790572298.png,"EbmIIasX0Qst_knCPZNAyg,47.589149,-122.300691,.jpg"
satellite_47.618342331285334_-122.30489590380517.png,"nzW44xmjOISovIYOI0FL4Q,47.618504,-122.305003,.jpg"
satellite_47.59997027393762_-122.30538234803653.png,"0zRirnOtJMpOKwttJj6ndQ,47.600006,-122.305278,.jpg"
satellite_47.60915630261148_-122.28884324417047.png,"nQMDKT_qbek-rQb16P1Sgg,47.609267,-122.288794,.jpg"
satellite_47.563554231694845_-122.31511123266363.png,"KmXxjrPfwA667NbTidSV0Q,47.563494,-122.315078,.jpg"
satellite_47.5606015796211_-122.3131654557382.png,"HWqjK87V3NTFu0xO3UsvFA,47.560545,-122.313402,.jpg"
satellite_47.60292292601136_-122.32873167114155.png,"L4h0c1sIKlCPitEtF-ZzRA,47.602866,-122.328843,.jpg"
satellite_47.58192628904255_-122.33456900191781.png,"sANgDA8Q9wb2T_4klkXdfw,47.581920,-122.334432,.jpg"
satellite_47.588159665642664_-122.2927347980213.png,"g1AqonYcA3tNN1LLWNhJcw,47.588257,-122.292588,.jpg"
satellite_47.61735811392742_-122.29127546532725.png,"zkdu0bq0INEmZyKatr_64A,47.617466,-122.291317,.jpg"
satellite_47.59964220148498_-122.30149079418568.png,"OCnaDg4RrfCYWFamWt18PQ,47.599494,-122.301285,.jpg"
satellite_47.60882823015884_-122.2961399076408.png,"xrYIvyOpsECBTTOu6yDZag,47.608756,-122.296225,.jpg"
satellite_47.60226678110609_-122.30440945957382.png,"-1EoV4o25NKsUBI8pqLOGw,47.602151,-122.304419,.jpg"
satellite_47.57962978187409_-122.30586879226789.png,"O44r_pQWSUiVFOoeWyOEcQ,47.579571,-122.306081,.jpg"
satellite_47.6206388384538_-122.30732812496194.png,"Divm8ZQ093aN4UEQ37hcxw,47.620507,-122.307187,.jpg"
satellite_47.58619123092684_-122.28787035570775.png,"u9v3zbcV4LXFVD9WJU7nPw,47.586128,-122.287966,.jpg"
satellite_47.57766134715826_-122.3228943403653.png,"LpvxjnzUwHQkpdtzrcUdnA,47.577825,-122.323048,.jpg"
satellite_47.60161063620081_-122.30197723841704.png,"PzNOZAWhQ7Tk3RKe37aW_g,47.601653,-122.301879,.jpg"
satellite_47.56978760829496_-122.33408255768646.png,"lOum0tMEHkcofIAJDS47-Q,47.569660,-122.334132,.jpg"
satellite_47.574380622631885_-122.28787035570775.png,"RyMG22su8F62EcxUNMlzVw,47.574440,-122.287745,.jpg"
satellite_47.565850738863304_-122.32921811537291.png,"Cicb2IGs9OLOMry3y3xuYw,47.565970,-122.329391,.jpg"
satellite_47.59012810035849_-122.33116389229833.png,"M821uzbS3Xl0gEOacIdwqg,47.590273,-122.331167,.jpg"
satellite_47.616701969022145_-122.30878745765601.png,"FixRv93nVtVNEGEqrDN1Pw,47.616817,-122.308829,.jpg"
satellite_47.58389472375838_-122.33019100383562.png,"G4zWgGFEXCAgN8Anql4Cew,47.583904,-122.330016,.jpg"
satellite_47.59931412903235_-122.32484011729072.png,"ol3XPP9Sjv1JY61ve6YSRQ,47.599152,-122.324625,.jpg"
satellite_47.6006264188429_-122.31657056535768.png,"U9qLCPnGFINnbeDmr9F19Q,47.600573,-122.316647,.jpg"
satellite_47.57831749206354_-122.30684168073059.png,"RIBMoX7UaDaoRgvstNEqQg,47.578155,-122.306741,.jpg"
satellite_47.59209653507432_-122.33554189038053.png,"u8ksMXjaXJ1aGEPtGZdZog,47.592060,-122.335770,.jpg"
satellite_47.59308075243223_-122.31073323458143.png,"syVCcoPrmwvzyjEp5SP34g,47.593134,-122.310830,.jpg"
satellite_47.56749110112649_-122.32386722882801.png,"j7OT1wZNTsnjraiREhavyQ,47.567419,-122.324077,.jpg"
satellite_47.60981244751675_-122.32532656152208.png,"ZhabyfhpHfMCv2rLvFcuyQ,47.609825,-122.325552,.jpg"
satellite_47.6085001577062_-122.33700122307458.png,"26CEaUW3Fl3y7MOhNme5Cg,47.608624,-122.336805,.jpg"
satellite_47.604235215821916_-122.30003146149163.png,"0I93GXvnu4tulPzX52CZUw,47.604143,-122.299997,.jpg"
satellite_47.61309317204313_-122.33456900191781.png,"V5qLVgZxYDGWhu5DNxVO1w,47.613039,-122.334635,.jpg"
satellite_47.60161063620081_-122.32046211920853.png,"nxvmDM21bQHqe39Ar3NB9A,47.601705,-122.320461,.jpg"
satellite_47.59931412903235_-122.32629944998479.png,"7Gsn_6ZaPHn0QIMZQdYblw,47.599261,-122.326371,.jpg"
satellite_47.606203650537736_-122.28787035570775.png,"k6WkbgPVGQeQgrxI8k11_Q,47.606351,-122.288108,.jpg"
satellite_47.62096691090643_-122.32629944998479.png,"Cvue3sEXB2XZhhYmvzTo7g,47.620835,-122.326259,.jpg"
satellite_47.60357907091664_-122.30684168073059.png,"2-hMoB--E6vSYnfAfACm7w,47.603519,-122.306980,.jpg"
satellite_47.615717751664235_-122.30489590380517.png,"UFwkD42xewvRbVGfX4IbVw,47.615691,-122.304896,.jpg"
satellite_47.61210895468522_-122.30003146149163.png,"qpgXAw1fVFYXHe8G2dUmTg,47.612080,-122.300138,.jpg"
satellite_47.585207013568926_-122.29176190955859.png,"O5D2kpwDpyPHDpRGneDOlw,47.585141,-122.291815,.jpg"
satellite_47.59012810035849_-122.3131654557382.png,"VMxQQwQS5ppJ08OVi1nCAQ,47.590257,-122.313258,.jpg"
satellite_47.59931412903235_-122.28981613263318.png,"kDXrwXgDmBg-ScGc1HVomQ,47.599337,-122.289898,.jpg"
satellite_47.615389679211596_-122.29176190955859.png,"ocQwWifJichfehjMPKOIdg,47.615273,-122.291792,.jpg"
satellite_47.56027350716847_-122.33456900191781.png,"B0-WznQtX0rNDQsPRk51_A,47.560329,-122.334775,.jpg"
satellite_47.56650688376858_-122.31657056535768.png,"Dm9920DdR-zre5uvyoz4Gg,47.566386,-122.316620,.jpg"
satellite_47.5701156807476_-122.31462478843227.png,"-r6jTzvRTH_8PmXmHxL2Qg,47.569975,-122.314783,.jpg"
satellite_47.57897363696881_-122.31170612304413.png,"WakHkqqF7n6CRSUdPVgnNw,47.578835,-122.311747,.jpg"
satellite_47.562898086789566_-122.30197723841704.png,"6SwD7qDuFE3U0ZqhfqZvlQ,47.562867,-122.301765,.jpg"
satellite_47.61440546185368_-122.30489590380517.png,"mvUMOAy0U_26eEOk80Pb3A,47.614489,-122.304907,.jpg"
satellite_47.563226159242205_-122.32484011729072.png,"mRA3zXxTGYMARHkiRyT47Q,47.563130,-122.324787,.jpg"
satellite_47.61309317204313_-122.30830101342465.png,"1-LimZsSulVF8VRMEe6wGQ,47.612938,-122.308328,.jpg"
satellite_47.58947195545322_-122.33213678076103.png,"6Wd4sLCGg1D-HSVTHu8Kew,47.589314,-122.331966,.jpg"
satellite_47.61276509959049_-122.33408255768646.png,"MJDnGdZ5_FF009dKwkK56w,47.612661,-122.334306,.jpg"
satellite_47.565850738863304_-122.32678589421613.png,"YfnvWhnZVh7xG5PLztgRFg,47.565978,-122.326708,.jpg"
satellite_47.595705332053335_-122.28932968840182.png,"B4o9a3wVE3ddHRiSAtph8A,47.595544,-122.289104,.jpg"
satellite_47.59931412903235_-122.28932968840182.png,"xfbnVO24eacT4W555qEQFg,47.599199,-122.289553,.jpg"
satellite_47.58356665130574_-122.31170612304413.png,"YzRU-7NJbOKCDNwZDa5FYg,47.583693,-122.311714,.jpg"
satellite_47.603250998464_-122.32338078459665.png,"smLTwB-oKJkvRHeYQZxpbg,47.603116,-122.323584,.jpg"
satellite_47.59176846262168_-122.32094856343988.png,"qyuPZsTEn1gG5VTg3owrrg,47.591764,-122.320798,.jpg"
satellite_47.56945953584232_-122.30732812496194.png,"vA23r5FXptFJ790K-h1Wkw,47.569605,-122.307489,.jpg"
satellite_47.55961736226319_-122.31705700958904.png,"QlhQDCjfwfy5bGBOJaMMUA,47.559624,-122.317161,.jpg"
satellite_47.5779894196109_-122.32581300575343.png,"Gk8sOwWBz6TJVg9mo0g4MQ,47.578031,-122.325903,.jpg"
satellite_47.58094207168464_-122.33651477884322.png,"XMVPx4r1jou5nz5W0ruWvQ,47.581096,-122.336704,.jpg"
satellite_47.575364839989795_-122.33505544614917.png,"w45-jzWdEFkBMakxuKkPCg,47.575445,-122.335167,.jpg"
satellite_47.57634905734771_-122.30440945957382.png,"_ZA18ExjdeOUl2arNRXk4A,47.576507,-122.304363,.jpg"
satellite_47.60948437506411_-122.33213678076103.png,"RklMKiDbB3L2J2skVVQmVA,47.609387,-122.331947,.jpg"
satellite_47.62096691090643_-122.30489590380517.png,"Fr9jzLQDHX28TxZ3yyzM-g,47.620804,-122.304780,.jpg"
satellite_47.594064969790146_-122.29322124225266.png,"0oA6uzyVF9ha-TrpweqddQ,47.593933,-122.293384,.jpg"
satellite_47.596361476958606_-122.31948923074582.png,"KEPdafXoDQAyHhd-62TX-A,47.596277,-122.319281,.jpg"
satellite_47.60915630261148_-122.28932968840182.png,"wAYRPT78GCHK8KBno9syNg,47.609265,-122.289306,.jpg"
satellite_47.60357907091664_-122.33797411153729.png,"OZdPW6L9a2vR8BZF4u_aMQ,47.603444,-122.338022,.jpg"
satellite_47.58258243394783_-122.29078902109589.png,"FUvFZf8VyDU9VIXuNZjNrw,47.582680,-122.290891,.jpg"
satellite_47.617030041474784_-122.32678589421613.png,"o2OvwgVRDHrsH51eeuxv-Q,47.616945,-122.326718,.jpg"
satellite_47.6006264188429_-122.32338078459665.png,"1GatoMCa0-tJ9g_cPHDTew,47.600684,-122.323571,.jpg"
satellite_47.605547505632465_-122.31900278651446.png,"A-UnKO91bOKSA6zdCPSSoA,47.605525,-122.318774,.jpg"
satellite_47.606859795443015_-122.32678589421613.png,"9ILuWo81qPu7arGLFFaeBg,47.606716,-122.326771,.jpg"
satellite_47.615389679211596_-122.32094856343988.png,"OefHlFfqRmyM2joGA9fWzw,47.615227,-122.320932,.jpg"
satellite_47.57208411546342_-122.3024636826484.png,"DMgcjaaFTwWFBimqsNDxFg,47.571928,-122.302476,.jpg"
satellite_47.56683495622122_-122.29662635187213.png,"Xzbf56oz_jvYA_MllVpV2Q,47.566882,-122.296824,.jpg"
satellite_47.57995785432673_-122.28884324417047.png,"V7pOB0VZWPNzyHDa_DTN-w,47.580095,-122.289004,.jpg"
satellite_47.57831749206354_-122.29711279610349.png,"NqcSEm83ZrP7nFvmqX-jkw,47.578357,-122.296893,.jpg"
satellite_47.6085001577062_-122.29711279610349.png,"qYXlwMBAyncKL0MEiDdSYA,47.608532,-122.296921,.jpg"
satellite_47.56519459395803_-122.31365189996956.png,"9ykMmZeMKmtNKal3FlXjLA,47.565040,-122.313492,.jpg"
satellite_47.61998269354852_-122.3335961134551.png,"7Yrcc9ynQoAKutAIoTX5aQ,47.620042,-122.333639,.jpg"
satellite_47.56125772452638_-122.29711279610349.png,"AQvI7u-3FByhddC57_Htpg,47.561177,-122.297097,.jpg"
satellite_47.59931412903235_-122.30635523649924.png,"UumPHfq_81k-STYL_fTsMg,47.599241,-122.306172,.jpg"
satellite_47.588159665642664_-122.33505544614917.png,"HYPBe39FQqy61l8bRWt7CA,47.588251,-122.334990,.jpg"
satellite_47.58159821658992_-122.32873167114155.png,"NhmzZUXpW66VQgKJ-kUv0w,47.581739,-122.328845,.jpg"
satellite_47.59964220148498_-122.32775878267884.png,"hn1M2FraPn0Wxm4sv7vORA,47.599731,-122.327654,.jpg"
satellite_47.605875578085104_-122.31948923074582.png,"R4P7F5kvKgYAr3uxi0ssqA,47.605969,-122.319423,.jpg"
satellite_47.596689549411245_-122.32775878267884.png,"MSkl3ZPU6HISgiXq86cESQ,47.596599,-122.327659,.jpg"
satellite_47.61965462109588_-122.33797411153729.png,"6CZSgbC8Avd_1qR2dNzqqA,47.619721,-122.337960,.jpg"
satellite_47.60456328827455_-122.30878745765601.png,"ho_VFhwCeMcLl0m_zzzoSg,47.604478,-122.308950,.jpg"
satellite_47.61046859242203_-122.31608412112634.png,"7dWpLeit_Z7yhXvF7Cs7ag,47.610611,-122.316000,.jpg"
satellite_47.59242460752696_-122.33505544614917.png,"y6DPyyieODUxA4wHRlk1CQ,47.592525,-122.335246,.jpg"
satellite_47.594064969790146_-122.31462478843227.png,"QkqduBe67P3HlVRfGDAgug,47.594120,-122.314584,.jpg"
satellite_47.594064969790146_-122.32921811537291.png,"6ihQq0gWnd5Uu3ujJovkJA,47.593959,-122.329026,.jpg"
satellite_47.58783159319003_-122.31608412112634.png,"8k7VFaholFUtNGEEYf5fQQ,47.587930,-122.315999,.jpg"
satellite_47.585207013568926_-122.3335961134551.png,"Zm4E-_OeTee4eCtLLBWbSg,47.585279,-122.333515,.jpg"
satellite_47.59832991167443_-122.33213678076103.png,"xIsrnMRG9EVsmjWlKJpSrg,47.598326,-122.332275,.jpg"
satellite_47.57897363696881_-122.31657056535768.png,"0NGJl5OSaNAzH9571Y1Kow,47.578897,-122.316682,.jpg"
satellite_47.57962978187409_-122.33651477884322.png,"wi6bxR2J3lYivBe8kdWBiw,47.579735,-122.336703,.jpg"
satellite_47.61506160675896_-122.29370768648401.png,"nYYovMrEiCEhduOQI4U9Lw,47.615153,-122.293588,.jpg"
satellite_47.61079666487467_-122.32338078459665.png,"Z92Ho0x6kjc8wfwwJ2tPGw,47.610634,-122.323231,.jpg"
satellite_47.60259485355873_-122.29711279610349.png,"u58aNumkMN589c_xeLJkGg,47.602680,-122.296899,.jpg"
satellite_47.58094207168464_-122.32143500767124.png,"FBaQPNJtv6kaXXQz90pTAA,47.581035,-122.321373,.jpg"
satellite_47.56978760829496_-122.3228943403653.png,"9r264OAz1yw0ucI5rvOLoA,47.569840,-122.323063,.jpg"
satellite_47.58947195545322_-122.31754345382039.png,"fo-PME4ai0HiM6tG-0Y3GA,47.589603,-122.317580,.jpg"
satellite_47.575364839989795_-122.31754345382039.png,"UawaNQnQO5RhJeMOqBunoQ,47.575412,-122.317388,.jpg"
satellite_47.562898086789566_-122.31219256727549.png,"epypdg-s9M1Eb6Wj-y-9Ug,47.562780,-122.312051,.jpg"
satellite_47.615389679211596_-122.33602833461188.png,"ZQgjLMr51LgGG8QtJgzyEw,47.615420,-122.336078,.jpg"
satellite_47.60981244751675_-122.29419413071537.png,"eWxJyyww6p0iLUDJkOyGWQ,47.609956,-122.294418,.jpg"
satellite_47.606203650537736_-122.3034365711111.png,"xiOixs41HYredQaCqlg3Vw,47.606161,-122.303504,.jpg"
satellite_47.62129498335907_-122.31511123266363.png,"U_C2xIphrX_ngDuhZiGpCg,47.621143,-122.314984,.jpg"
satellite_47.58619123092684_-122.30586879226789.png,"OvM5HCWS2RQRNZILuRmV6Q,47.586346,-122.305738,.jpg"
satellite_47.58192628904255_-122.29419413071537.png,"8R46A34a0rE9fyNtpVS2tg,47.581948,-122.294154,.jpg"
satellite_47.604235215821916_-122.29759924033485.png,"_tRuWpQw-Qiyv594dWPftg,47.604257,-122.297809,.jpg"
satellite_47.58914388300058_-122.32046211920853.png,"80vdByGUYvr26m8mopljyA,47.589225,-122.320353,.jpg"
satellite_47.580613999232_-122.30003146149163.png,"UFjav5HiO7bLQe4T0SKSQw,47.580722,-122.300071,.jpg"
satellite_47.57897363696881_-122.31170612304413.png,"qGgQevZs5GIz2qVgd5Xv1Q,47.579025,-122.311926,.jpg"
satellite_47.58258243394783_-122.29322124225266.png,"P6drYufxBuiqz_Iq9JAGeQ,47.582697,-122.292994,.jpg"
satellite_47.58028592677936_-122.29078902109589.png,"TEBVQIT-u0SCtaRWsuto2w,47.580380,-122.290893,.jpg"
satellite_47.565522666410665_-122.31657056535768.png,"AAcz8IWwZgVMn1DjHq8lJg,47.565493,-122.316654,.jpg"
satellite_47.60226678110609_-122.31948923074582.png,"jBMQ6mPT3X89ocF0DTwTzQ,47.602168,-122.319514,.jpg"
satellite_47.619326548643244_-122.3282452269102.png,"zfXQgcvm3UzLGsMeiOXj6Q,47.619296,-122.328046,.jpg"
satellite_47.61374931694841_-122.30149079418568.png,"8dTRcE3vtOVktujWzx_HdA,47.613600,-122.301435,.jpg"
satellite_47.57831749206354_-122.32873167114155.png,"d-G_eSDO8BTtw8FLIMDTcw,47.578347,-122.328627,.jpg"
satellite_47.57864556451617_-122.28835679993911.png,"ZfNNKlkf_N0-RwHLugxhFg,47.578574,-122.288458,.jpg"
satellite_47.564538449052755_-122.29565346340944.png,"Zrz4fyp5mvoA1IIfKHBz8g,47.564403,-122.295799,.jpg"
satellite_47.5927526799796_-122.31754345382039.png,"9b8oRdQTE2rM8isEInd_7Q,47.592914,-122.317328,.jpg"
satellite_47.60161063620081_-122.33213678076103.png,"fES6VLUd_gnptBFcu-K52A,47.601555,-122.332240,.jpg"
satellite_47.60357907091664_-122.31024679035008.png,"5EJUJurGe4BvA-Kk7ikb9g,47.603550,-122.310244,.jpg"
satellite_47.60948437506411_-122.33067744806698.png,"n3tlbIv9C3OHnzJ9VUfyUA,47.609598,-122.330636,.jpg"
satellite_47.58619123092684_-122.32484011729072.png,"4HUlMjX3yPxrNaisyk9AGg,47.586119,-122.325076,.jpg"
satellite_47.584222796211016_-122.31608412112634.png,"5nN-rCd2sR5cXhQqWjXjqw,47.584369,-122.316000,.jpg"
satellite_47.616701969022145_-122.33846055576865.png,"1Q_W8k3GHVbsWucpU70m0A,47.616811,-122.338401,.jpg"
satellite_47.58028592677936_-122.30732812496194.png,"waJ6HT71Kf4rmGsPOO4wLg,47.580275,-122.307231,.jpg"
satellite_47.61014051996939_-122.29468057494672.png,"L8UN-rbA_kN9TOiQc5HsnA,47.610020,-122.294816,.jpg"
satellite_47.6111247373273_-122.30149079418568.png,"6OLGaV5a2cCqP2w7EwLqMw,47.611004,-122.301487,.jpg"
satellite_47.597017621863884_-122.31170612304413.png,"bV71YBsOnk5YhstO7V5ttg,47.596997,-122.311610,.jpg"
satellite_47.617686186380055_-122.29662635187213.png,"COpMPp7op8yFhWpN4vshEg,47.617637,-122.296631,.jpg"
satellite_47.57962978187409_-122.33554189038053.png,"L0UrRHbYguV0jSl9t3-yuw,47.579592,-122.335576,.jpg"
satellite_47.59209653507432_-122.32094856343988.png,"yvtgdhltImLbJgj1QOA2KQ,47.592075,-122.320826,.jpg"
satellite_47.61735811392742_-122.30538234803653.png,"3qlxjf7s1hpNMl2JGWs3Aw,47.617498,-122.305595,.jpg"
satellite_47.61046859242203_-122.31559767689498.png,"JkQQ9CC5hO2UbF0IWwD2lQ,47.610410,-122.315812,.jpg"
satellite_47.60882823015884_-122.28835679993911.png,"qEXahdHQ-eh1E1OotQhlkA,47.608666,-122.288336,.jpg"
satellite_47.576020984895074_-122.29905857302892.png,"XhDOJ2EgwG0q5Unk7v069g,47.575862,-122.299100,.jpg"
satellite_47.5884877380953_-122.32873167114155.png,"0Neg_K9omTF1ej55v6ataw,47.588495,-122.328502,.jpg"
satellite_47.59734569431652_-122.29857212879756.png,"5ReLPqVMe9xsKX5XU8v_fQ,47.597250,-122.298754,.jpg"
satellite_47.62096691090643_-122.33554189038053.png,"sNDQfZY1vQTKkhxRda9M0g,47.620878,-122.335396,.jpg"
satellite_47.57109989810551_-122.31365189996956.png,"Kzpxgoeo6T7YPUUOLcfC7Q,47.571123,-122.313457,.jpg"
satellite_47.59504918714806_-122.31413834420091.png,"XrNmjG5Dfnl0PmipUpfz4w,47.594938,-122.314108,.jpg"
satellite_47.61276509959049_-122.29078902109589.png,"zUBEsbdcr6rqAOCf9a8eMA,47.612893,-122.290551,.jpg"
satellite_47.564538449052755_-122.32435367305936.png,"2mGhb7cH0aKlpHeUMXHsXQ,47.564387,-122.324297,.jpg"
satellite_47.6206388384538_-122.33408255768646.png,"WY9HK9vS__JJw9Q1IPqNEA,47.620495,-122.334282,.jpg"
satellite_47.59898605657971_-122.30684168073059.png,"9JVcJb-LlYnQj4muSPqsrg,47.599148,-122.306881,.jpg"
satellite_47.61342124449577_-122.32532656152208.png,"RxMCUU3w8-EiEVZhomYJBg,47.613326,-122.325521,.jpg"
satellite_47.56683495622122_-122.29954501726027.png,"JTJg9guT3pZXzl3HVXjgtg,47.566976,-122.299482,.jpg"
satellite_47.596361476958606_-122.30197723841704.png,"Fs6TDx8c2HHe8QtoB-_GWA,47.596250,-122.302194,.jpg"
satellite_47.596689549411245_-122.29954501726027.png,"iuoe-Iz4uc92RKMZaL-Rqg,47.596758,-122.299686,.jpg"
satellite_47.59472111469542_-122.31754345382039.png,"voY9fmwnPaHmoji3HA2Zsg,47.594780,-122.317691,.jpg"
satellite_47.57733327470562_-122.29322124225266.png,"Dl1Jeo-OGEJv6etrKnRKDA,47.577226,-122.293022,.jpg"
satellite_47.618342331285334_-122.32240789613394.png,"neqSxsLHp9n9O-dt6H0NUg,47.618213,-122.322226,.jpg"
satellite_47.61998269354852_-122.30830101342465.png,"Q3FCqh9hD7uYGgtbprdtIg,47.620081,-122.308103,.jpg"
satellite_47.595377259600696_-122.30197723841704.png,"D7DLT28DBVeECUHB5zPmlw,47.595471,-122.302181,.jpg"
satellite_47.5606015796211_-122.2927347980213.png,"bZ_aad-TOR9YMtGORz3qOg,47.560599,-122.292584,.jpg"
satellite_47.616373896569506_-122.29565346340944.png,"vB5z7z_67FnarI-9kOcG2w,47.616457,-122.295468,.jpg"
satellite_47.58225436149519_-122.31462478843227.png,"ezF0TxkMNyjN5ImiaewNNA,47.582299,-122.314683,.jpg"
satellite_47.5927526799796_-122.33651477884322.png,"dyLn3dUK1PzLGDaJd-qh6A,47.592731,-122.336419,.jpg"
satellite_47.618014258832694_-122.31705700958904.png,"xG0_Yq4cSST7BL7eJChfjQ,47.617954,-122.316874,.jpg"
satellite_47.58947195545322_-122.33310966922375.png,"tVWUX0I9CmwubbBH3EHwDw,47.589343,-122.333304,.jpg"
satellite_47.6085001577062_-122.32094856343988.png,"l56NKeVdlFwhtdbzV0P34A,47.608525,-122.321110,.jpg"
satellite_47.55928928981055_-122.29565346340944.png,"r9Id-rmi0BzxDNNobeZb6A,47.559380,-122.295661,.jpg"
satellite_47.56913146338968_-122.29030257686453.png,"rbdMMkXEvEhpiSA3GL-wWw,47.569191,-122.290089,.jpg"
satellite_47.617030041474784_-122.30878745765601.png,"OPdilRPEMpNbAlhkHNvYYw,47.616905,-122.308829,.jpg"
satellite_47.59340882488487_-122.2961399076408.png,"HYtqWk5JT1TdzTnLhGe8kA,47.593324,-122.296170,.jpg"
satellite_47.58258243394783_-122.32094856343988.png,"cFjEW4f8EVRnyT79kOvzdw,47.582602,-122.321119,.jpg"
satellite_47.605219433179826_-122.32581300575343.png,"njZfWAkijwDojGPKjZ2YhQ,47.605058,-122.325776,.jpg"
satellite_47.606859795443015_-122.29176190955859.png,"uFL7p10qYARRyHRqSKww3w,47.606765,-122.291583,.jpg"
satellite_47.596689549411245_-122.32921811537291.png,"gdPe2UQsYYBF-Oem5BlaUQ,47.596594,-122.329035,.jpg"
satellite_47.617030041474784_-122.3185163422831.png,"vJlsry7MLZUlfY5xTkjPyw,47.616921,-122.318588,.jpg"
satellite_47.60292292601136_-122.29419413071537.png,"aJRpxBnty7vay9SlJ_c0OA,47.603025,-122.294390,.jpg"
satellite_47.58750352073739_-122.2961399076408.png,"l-vNep7jHYrpzS0yrBvz3g,47.587378,-122.296005,.jpg"
satellite_47.58159821658992_-122.32921811537291.png,"mbXYhBNMqnDbsb6o2WVViw,47.581458,-122.329011,.jpg"
satellite_47.605547505632465_-122.33456900191781.png,"jG8zxFTk5EYpz_wJSkiwgA,47.605480,-122.334658,.jpg"
satellite_47.55928928981055_-122.29662635187213.png,"iwzHeHwNbnuSFIRAptvKUg,47.559153,-122.296815,.jpg"
satellite_47.61309317204313_-122.31267901150684.png,"Yc_t3Bbt-LZfFEM-E05E2w,47.613256,-122.312803,.jpg"
satellite_47.59012810035849_-122.2980856845662.png,"u5v6tJX6SLS96YnBwtMJxw,47.590174,-122.297974,.jpg"
satellite_47.604235215821916_-122.33262322499239.png,"eguYQQnvgXeQrbZujPzvSw,47.604102,-122.332656,.jpg"
satellite_47.584222796211016_-122.33505544614917.png,"wd8J_3A9tymwuPKxaMhjqQ,47.584110,-122.335119,.jpg"
satellite_47.60226678110609_-122.29078902109589.png,"VKrlNXbDUvTB7X83Jc6mCQ,47.602195,-122.290687,.jpg"
satellite_47.573396405273975_-122.29419413071537.png,"wR5_iL9sVdHhB8j-T2_aTA,47.573404,-122.294330,.jpg"
satellite_47.60456328827455_-122.33602833461188.png,"7Yxi_MTS3AgzYnDycT6bpw,47.604483,-122.335942,.jpg"
satellite_47.573068332821336_-122.32581300575343.png,"QMBQ0kg0C6uBGIt5UIdBNQ,47.573232,-122.325938,.jpg"
satellite_47.61867040373797_-122.2961399076408.png,"v9JY8mxiRLLF6zTEi7TxOQ,47.618780,-122.296155,.jpg"
satellite_47.5832385788531_-122.32873167114155.png,"T2bc1vLR8nj7IlLZQ4aThA,47.583098,-122.328500,.jpg"
satellite_47.5884877380953_-122.29759924033485.png,"hGtBObw8fSI1xxAUv4I5Sg,47.588331,-122.297377,.jpg"
satellite_47.616373896569506_-122.31073323458143.png,"kuN45zp5uNdXZEVcE0Mlvg,47.616274,-122.310816,.jpg"
satellite_47.58258243394783_-122.33019100383562.png,"Vr04VESmt0_Ihal6SqcO8g,47.582449,-122.330027,.jpg"
satellite_47.57634905734771_-122.30149079418568.png,"D_viwfOUBpTGSO842kINig,47.576207,-122.301305,.jpg"
satellite_47.561913869431656_-122.31900278651446.png,"halsxguNArmUqEphyOK1_g,47.561938,-122.319229,.jpg"
satellite_47.565522666410665_-122.33310966922375.png,"9q82o3Htwo-R4tB2tCsJ7g,47.565517,-122.333225,.jpg"
satellite_47.59865798412707_-122.30684168073059.png,"9AZAOo8JXP83UDjJJFLktQ,47.598799,-122.306853,.jpg"
satellite_47.61145280977994_-122.31511123266363.png,"UVxQY64FiR88agL5ckQ-WA,47.611541,-122.315309,.jpg"
satellite_47.615389679211596_-122.32629944998479.png,"MpyNWG5zgI6iW1P71kxa9Q,47.615285,-122.326207,.jpg"
satellite_47.61145280977994_-122.33408255768646.png,"qDLWpVXwNGQb339A19pCqQ,47.611333,-122.334040,.jpg"
satellite_47.606203650537736_-122.32532656152208.png,"IMW8YQPJr8dv3hPHQnwQ5A,47.606154,-122.325335,.jpg"
satellite_47.597017621863884_-122.3228943403653.png,"HkaEglKRrhhqhq5DAp06ig,47.597003,-122.323114,.jpg"
satellite_47.61604582411687_-122.30927390188737.png,"SxCfAvYJOTqazPuGQ8_fBw,47.615977,-122.309203,.jpg"
satellite_47.58980002790585_-122.30538234803653.png,"3VSRpElGzwOxoh3ODrHLDw,47.589885,-122.305494,.jpg"
satellite_47.61867040373797_-122.32338078459665.png,"Kyi5R3ewkE8bTTqhsZob1w,47.618582,-122.323323,.jpg"
satellite_47.61276509959049_-122.31900278651446.png,"8ZWfCOHVG8Erg_0KhVyQYA,47.612926,-122.318805,.jpg"
satellite_47.61276509959049_-122.3335961134551.png,"InXxSmIaQspjfbLBGS5-Ig,47.612852,-122.333693,.jpg"
satellite_47.584550868663655_-122.31462478843227.png,"oOqeA8y-lbmdoeitbofVgA,47.584542,-122.314659,.jpg"
satellite_47.60193870865345_-122.31657056535768.png,"Rxbp0Uay9rcCWF1o6lEvYA,47.601818,-122.316755,.jpg"
satellite_47.584550868663655_-122.28884324417047.png,"MtvpHHIEWIyBAA6Cq36-6g,47.584506,-122.288702,.jpg"
satellite_47.575364839989795_-122.31608412112634.png,"dKAZ_T-I9fjtlvDJdUy1XA,47.575229,-122.316055,.jpg"
satellite_47.61407738940105_-122.29127546532725.png,"JqwqFp6YEFDjkspNZShR-A,47.614122,-122.291445,.jpg"
satellite_47.61014051996939_-122.28932968840182.png,"7kLmJlWK3q3Gsstn8EYrzg,47.610073,-122.289418,.jpg"
satellite_47.56683495622122_-122.32046211920853.png,"grIFIv8e2CEj9rZ3ZIW52A,47.566744,-122.320512,.jpg"
satellite_47.58947195545322_-122.29322124225266.png,"lRQ8vc-TPkLL8-ELOIVQ-A,47.589426,-122.293101,.jpg"
satellite_47.615717751664235_-122.33456900191781.png,"y6gx4L5wZ8V04vMCcoeeAA,47.615634,-122.334474,.jpg"
satellite_47.576020984895074_-122.30830101342465.png,"F6gh-IozDBjm90IGr07w0Q,47.576125,-122.308323,.jpg"
satellite_47.574708695084524_-122.29662635187213.png,"RvZw9iCXYnNrRj7lP2d83w,47.574841,-122.296685,.jpg"
satellite_47.58225436149519_-122.32143500767124.png,"GxmC_jrDQcUUH3p2nhEuqw,47.582203,-122.321373,.jpg"
satellite_47.607844012800925_-122.29322124225266.png,"qvN9AeYeouYNl8pe-OE_vw,47.607972,-122.293163,.jpg"
satellite_47.55994543471583_-122.3024636826484.png,"GTj6wgYWyJM0dHzIbPR8Zg,47.560103,-122.302237,.jpg"
satellite_47.58127014413728_-122.32970455960427.png,"MHNqhquicN-Bvmf0C8CKWA,47.581245,-122.329757,.jpg"
satellite_47.58258243394783_-122.30051790572298.png,"F494s_EFzV-_2BUMnGutwg,47.582490,-122.300391,.jpg"
satellite_47.57831749206354_-122.31948923074582.png,"S1gQG8TAGY08AojvVCzKag,47.578384,-122.319417,.jpg"
satellite_47.59504918714806_-122.29662635187213.png,"HTzqepVweEYiquE3QO7vMg,47.595166,-122.296515,.jpg"
satellite_47.616373896569506_-122.29370768648401.png,"Sd65ja7Ti1daWqqkbDzLmA,47.616439,-122.293704,.jpg"
satellite_47.59734569431652_-122.32240789613394.png,"pX1wEI03yccX_0UyXKY_Cg,47.597200,-122.322508,.jpg"
satellite_47.6085001577062_-122.32484011729072.png,"-3So5b9264H6KnHBQwz98w,47.608414,-122.324930,.jpg"
satellite_47.585207013568926_-122.33213678076103.png,"W53vd-t4KYysDUz4Y_y0-A,47.585282,-122.332318,.jpg"
satellite_47.606203650537736_-122.31754345382039.png,"FYuCB-BTm8XKzBLSD_wGYA,47.606087,-122.317467,.jpg"
satellite_47.57962978187409_-122.31948923074582.png,"vmfC_MHDM64aLgP21sCi9w,47.579483,-122.319293,.jpg"
satellite_47.615717751664235_-122.32775878267884.png,"1EA1dxrLIiE7cHZ7msVQXQ,47.615757,-122.327927,.jpg"
satellite_47.573068332821336_-122.33408255768646.png,"3PvElC1rgMB84PHT140R_Q,47.573118,-122.334319,.jpg"
satellite_47.59308075243223_-122.33554189038053.png,"3zk1tcGBOs8fcVtKNWydDQ,47.593044,-122.335759,.jpg"
satellite_47.5779894196109_-122.3078145691933.png,"bTc4K9iI_Y5JQPl70JU-SA,47.577911,-122.308038,.jpg"
satellite_47.56125772452638_-122.32581300575343.png,"BnZOsaANJrNqMgz0at1q8w,47.561255,-122.325899,.jpg"
satellite_47.5927526799796_-122.32143500767124.png,"dRfNP_dk9fbWXBC0z4ZgIw,47.592844,-122.321574,.jpg"
satellite_47.56617881131594_-122.31267901150684.png,"B8sco5KugH9I2ZpXRFGZ0w,47.566092,-122.312736,.jpg"
satellite_47.58619123092684_-122.31267901150684.png,"cpFz8ZKv9gw-O8iIcHrCag,47.586056,-122.312730,.jpg"
satellite_47.577005202252984_-122.29662635187213.png,"REgyKMyUXngNquZfqgvpsA,47.576850,-122.296701,.jpg"
satellite_47.61440546185368_-122.32338078459665.png,"Uawjd626FuPL61_Dl6OQ-Q,47.614517,-122.323414,.jpg"
satellite_47.59242460752696_-122.31608412112634.png,"IcI0d7jzh-qPu6U0UQUkbA,47.592414,-122.316092,.jpg"
satellite_47.57831749206354_-122.28787035570775.png,"aZ4_epPEaXS9QktfmGVmsg,47.578353,-122.287994,.jpg"
satellite_47.55896121735791_-122.29176190955859.png,"fGrbVd64lLRWf5Wu5nXHZQ,47.558853,-122.291956,.jpg"
satellite_47.605875578085104_-122.33067744806698.png,"PwJeXj03LZausu9Y-vGPeg,47.605954,-122.330858,.jpg"
satellite_47.57962978187409_-122.31559767689498.png,"Dfhfun3lNTwxXJYaIdb0fQ,47.579475,-122.315792,.jpg"
satellite_47.61867040373797_-122.3282452269102.png,"Xh101OkDzvqoLVmDi8HbMg,47.618780,-122.328378,.jpg"
satellite_47.62031076600116_-122.30440945957382.png,"mco0HD-DNzagcL16o8RkQA,47.620239,-122.304500,.jpg"
satellite_47.5727402603687_-122.30878745765601.png,"d1z5iqCcxqGTFkvbWhk3Bg,47.572740,-122.308559,.jpg"
satellite_47.58356665130574_-122.31219256727549.png,"WtDsaXXXMu-KsQQJkiO7Cw,47.583695,-122.312042,.jpg"
satellite_47.57930170942145_-122.28787035570775.png,"gmBoKCwWyl6vWDUWOnP1bg,47.579389,-122.287670,.jpg"
satellite_47.58619123092684_-122.2980856845662.png,"UUGIB_qxOeJ4hFTrbbpOug,47.586351,-122.298289,.jpg"
satellite_47.55896121735791_-122.29224835378994.png,"D_ONOK9GaSFSpWhSgDDLyw,47.558843,-122.292339,.jpg"
satellite_47.59767376676916_-122.32143500767124.png,"yAU9lJZBEbdg-fEUmEf1Lg,47.597828,-122.321281,.jpg"
satellite_47.59997027393762_-122.33505544614917.png,"uAAvG0e4RKhtp1BJAvEFdw,47.600038,-122.334910,.jpg"
satellite_47.5727402603687_-122.31024679035008.png,"Rf86cjIlTbl182kaNLa1yQ,47.572587,-122.310298,.jpg"
satellite_47.60128256374817_-122.31413834420091.png,"My5cypjITINKcsVxyZxAiw,47.601175,-122.314131,.jpg"
satellite_47.574708695084524_-122.30732812496194.png,"ZQLSgZXlHof5w1uqeQgxmA,47.574626,-122.307312,.jpg"
satellite_47.60292292601136_-122.31900278651446.png,"ygiWe5ivBoAxXRuDNQMOmw,47.602975,-122.319243,.jpg"
satellite_47.576020984895074_-122.30684168073059.png,"uY8nJgMOPo8NzkNVCiDYJQ,47.576120,-122.306636,.jpg"
satellite_47.5727402603687_-122.30732812496194.png,"x-8pDMyFFUSRoWNWFlBMxg,47.572664,-122.307270,.jpg"
satellite_47.59045617281113_-122.28932968840182.png,"NzNdHGdJYt3I-XoAjoqRKA,47.590490,-122.289177,.jpg"
satellite_47.60161063620081_-122.3034365711111.png,"LjQAJ805KVN3CWyqks1jyg,47.601655,-122.303532,.jpg"
satellite_47.60456328827455_-122.30878745765601.png,"1bWR59aauFk1NIvzV1jxmA,47.604575,-122.308952,.jpg"
satellite_47.62031076600116_-122.30538234803653.png,"JyCIotnrCA2_lTjg3Q4uVA,47.620214,-122.305529,.jpg"
satellite_47.607844012800925_-122.32240789613394.png,"d0yglQbwMhdVLVXFZddGdA,47.607828,-122.322207,.jpg"
satellite_47.60161063620081_-122.33116389229833.png,"zOua6sck0AYeyhVdx96U2w,47.601667,-122.330927,.jpg"
satellite_47.59373689733751_-122.3282452269102.png,"K_YKlD9J6IflInyNRnFraQ,47.593617,-122.328118,.jpg"
satellite_47.5606015796211_-122.31170612304413.png,"2wANI-M926fwHb7G0YstIg,47.560524,-122.311880,.jpg"
satellite_47.55994543471583_-122.33700122307458.png,"uHyhiSHTqiSJwoRrJuwBWA,47.559800,-122.336827,.jpg"
satellite_47.584550868663655_-122.29468057494672.png,"73p6sE_vq9lGVDZLtvG5VA,47.584490,-122.294665,.jpg"
satellite_47.62096691090643_-122.32143500767124.png,"eWofWR1qMsrniM9Owc6Xkg,47.620816,-122.321594,.jpg"
satellite_47.6206388384538_-122.3034365711111.png,"4WB8D7Jxi4rkOP46dogb9A,47.620551,-122.303636,.jpg"
satellite_47.60357907091664_-122.29662635187213.png,"wAKFxYLwaT4snKvbJ7DJPQ,47.603478,-122.296741,.jpg"
satellite_47.606859795443015_-122.32192145190258.png,"zcX0h1kAMFRsRY0B-o1duw,47.606799,-122.321877,.jpg"
satellite_47.61276509959049_-122.33456900191781.png,"tUuBsng6xse9CuAWptqUrg,47.612890,-122.334505,.jpg"
satellite_47.57634905734771_-122.30538234803653.png,"2wMVemem8yU6ps-Kyuhisg,47.576213,-122.305395,.jpg"
satellite_47.595705332053335_-122.32532656152208.png,"oNYzXX2evIcaZqAwMTzv8Q,47.595798,-122.325433,.jpg"
satellite_47.57864556451617_-122.33505544614917.png,"YPa_J-puPmWiAFQc9a94iA,47.578780,-122.335124,.jpg"
satellite_47.57766134715826_-122.31413834420091.png,"wLTpaFWkYPqVIfSmNWpuCg,47.577622,-122.314024,.jpg"
satellite_47.59209653507432_-122.33505544614917.png,"rLIzQ8j4tNtDilLaNeoWtQ,47.592180,-122.335183,.jpg"
satellite_47.617030041474784_-122.32629944998479.png,"8RVH7pXE4b60-xhNaZtK7A,47.616985,-122.326198,.jpg"
satellite_47.55896121735791_-122.29565346340944.png,"w76aS0wbkE3bnffOT9kP-A,47.558988,-122.295821,.jpg"
satellite_47.586847375832114_-122.32921811537291.png,"5bkVpkP7x3ZKrYvElsVRog,47.586685,-122.329421,.jpg"
satellite_47.57995785432673_-122.32386722882801.png,"5zIsJVIlM14zl2c6Mhvgxw,47.579879,-122.323864,.jpg"
satellite_47.59242460752696_-122.30051790572298.png,"qzfrbYIexf0yiD8llWerkg,47.592452,-122.300537,.jpg"
satellite_47.57175604301079_-122.29322124225266.png,"k8U0K7477IHNkJ4Ip0Jzaw,47.571645,-122.292997,.jpg"
satellite_47.59242460752696_-122.29030257686453.png,"aavyD1oeofv7bXyPENXLbw,47.592315,-122.290193,.jpg"
satellite_47.59308075243223_-122.3228943403653.png,"o1l6j2hJ_eo4C6NH6eZIaw,47.593125,-122.322737,.jpg"
satellite_47.55863314490528_-122.3078145691933.png,"gOQGQrwNAt84dO8uIayzqw,47.558753,-122.307886,.jpg"
satellite_47.606531722990375_-122.32970455960427.png,"6dLq0Al_Bw1_4Yt1Pz9gGQ,47.606386,-122.329497,.jpg"
satellite_47.61867040373797_-122.30927390188737.png,"EEae2hbW1VNxkMz0HjF2xw,47.618533,-122.309230,.jpg"
satellite_47.619326548643244_-122.31608412112634.png,"1VEa9tSfv4c2cLlkblF1mg,47.619186,-122.316286,.jpg"
satellite_47.596033404505974_-122.29030257686453.png,"NSWYlxV4BuoEgHhGlB2S8Q,47.596145,-122.290285,.jpg"
satellite_47.598001839221794_-122.30830101342465.png,"bFiBLqFpveEwSXSMHAFkBg,47.597904,-122.308451,.jpg"
satellite_47.61473353430632_-122.29857212879756.png,"_Iuh64d78SGoiNaSp94T2w,47.614752,-122.298805,.jpg"
satellite_47.58717544828475_-122.32338078459665.png,"5r6yTpvM4qYmcd1L4Yd0pw,47.587062,-122.323577,.jpg"
satellite_47.607844012800925_-122.33116389229833.png,"YVv1bfuMxEBjkqquzN-NPQ,47.607706,-122.331254,.jpg"
satellite_47.61407738940105_-122.32143500767124.png,"lcYgxYgOjtYE2t3gFiwvCw,47.614101,-122.321238,.jpg"
satellite_47.57864556451617_-122.30635523649924.png,"PbCilwAFMwtj1eR-8lS_hQ,47.578751,-122.306124,.jpg"
satellite_47.61899847619061_-122.30878745765601.png,"KazV-MET6OS4C1kixhffag,47.619002,-122.308661,.jpg"
satellite_47.59964220148498_-122.28835679993911.png,"3Vj5I94L8YakUedSD2bXJQ,47.599752,-122.288493,.jpg"
satellite_47.59111231771641_-122.31462478843227.png,"B504sqAjoMgPMIit5jJ9UQ,47.590966,-122.314842,.jpg"
satellite_47.56388230414748_-122.33408255768646.png,"jIJGxM1XkfaGtTRSha8yfw,47.563983,-122.334158,.jpg"
satellite_47.60489136072719_-122.33019100383562.png,"igTelk4clDr8lVfyYlFR8w,47.604840,-122.330247,.jpg"
satellite_47.58389472375838_-122.33019100383562.png,"FMM8Mucuw1ZK-k_9AWXhmA,47.584036,-122.330010,.jpg"
satellite_47.605547505632465_-122.33067744806698.png,"oM0WTN2tdKGKv9Mfw8MmjQ,47.605402,-122.330751,.jpg"
satellite_47.596361476958606_-122.32338078459665.png,"dEeU1VueGnnU-n9ceho9HQ,47.596504,-122.323485,.jpg"
satellite_47.595377259600696_-122.3185163422831.png,"MWN7w4HkxcHEAMg3CP3wrA,47.595405,-122.318506,.jpg"
satellite_47.61735811392742_-122.32678589421613.png,"ZyjEDcU2pKuss5lVfmq_Xg,47.617459,-122.326760,.jpg"
satellite_47.57667712980035_-122.33019100383562.png,"2omppb7Tyk70_oaiNQxLgA,47.576691,-122.330027,.jpg"
satellite_47.618342331285334_-122.29078902109589.png,"HBjEwyeb57qssDjjUEZLww,47.618348,-122.290663,.jpg"
satellite_47.574380622631885_-122.33651477884322.png,"YCCvW7xlVkmQouZ37utqCQ,47.574277,-122.336641,.jpg"
satellite_47.563226159242205_-122.29468057494672.png,"UpA4aWeDaMQjWvR2fPLqZg,47.563336,-122.294826,.jpg"
satellite_47.586847375832114_-122.31219256727549.png,"kkaEpr9AlEgupF-pSsFzWw,47.586796,-122.312086,.jpg"
satellite_47.607844012800925_-122.32192145190258.png,"XrwqwC4odsAvsXBjuPX4cA,47.607757,-122.322114,.jpg"
satellite_47.607187867895654_-122.30440945957382.png,"yH6HlX_y5qmtuZxe5Usa3w,47.607318,-122.304408,.jpg"
satellite_47.60292292601136_-122.33651477884322.png,"2J5qzyH2E-WFXco-mJP0dw,47.603075,-122.336369,.jpg"
satellite_47.60161063620081_-122.30878745765601.png,"ypwXZZoWX8E4SYPndqKNmQ,47.601563,-122.308961,.jpg"
satellite_47.561913869431656_-122.3078145691933.png,"SmlQ-p9bjEZ9ecj-6sF7kw,47.561950,-122.307931,.jpg"
satellite_47.56257001433693_-122.33602833461188.png,"HXwTpzPYq1Zr6CbpS13oGA,47.562712,-122.336028,.jpg"
satellite_47.608172085253564_-122.31267901150684.png,"9zGhMPk3f0Yu2brjYoVPTA,47.608018,-122.312645,.jpg"
satellite_47.585535086021565_-122.30538234803653.png,"s03i_tQUXEUqzpJDPOzyLA,47.585410,-122.305541,.jpg"
satellite_47.58159821658992_-122.30003146149163.png,"QgwTPTmjW6AHW1NdHKgbEA,47.581454,-122.300145,.jpg"
satellite_47.58291050640047_-122.30149079418568.png,"6cihJin5mbtdgm3JxLZPTw,47.583069,-122.301481,.jpg"
satellite_47.56716302867385_-122.29176190955859.png,"4-xDpHhS7ntoaClQ21lwcw,47.567026,-122.291650,.jpg"
satellite_47.60161063620081_-122.32532656152208.png,"MydM1WOuxqqgEkiDel-RiA,47.601682,-122.325266,.jpg"
satellite_47.618014258832694_-122.2961399076408.png,"lOC4F44UE7H8ddu-lejGPQ,47.618068,-122.296175,.jpg"
satellite_47.618014258832694_-122.30538234803653.png,"C7FangvNqYF8NMOHS0v6VA,47.618051,-122.305443,.jpg"
satellite_47.586847375832114_-122.3034365711111.png,"V8S7_ZpHnX9yqAaLGlxMPg,47.586917,-122.303294,.jpg"
satellite_47.5832385788531_-122.30440945957382.png,"fnLPAi5cczV7PJfCTOoIIw,47.583279,-122.304263,.jpg"
satellite_47.55863314490528_-122.29857212879756.png,"AMoZccCySAcC4D9KPS1DEQ,47.558512,-122.298462,.jpg"
satellite_47.585207013568926_-122.30440945957382.png,"3yOfe-KAVBxQTMv72QhiBw,47.585337,-122.304233,.jpg"
satellite_47.605547505632465_-122.31559767689498.png,"C5LveqEXLrVvOhOYa4BcXw,47.605568,-122.315507,.jpg"
satellite_47.5779894196109_-122.31413834420091.png,"CBba4n-kOcVMFZYWtpmP4Q,47.578064,-122.314024,.jpg"
satellite_47.61506160675896_-122.3335961134551.png,"GoXNxYZUdFyGjYe053B_Dw,47.615042,-122.333489,.jpg"
satellite_47.56257001433693_-122.30635523649924.png,"CErW9Jb9M1ZCiAX27ffEUQ,47.562662,-122.306154,.jpg"
satellite_47.56519459395803_-122.32338078459665.png,"-Py0cFLJOu9hF7r6SMmaoQ,47.565321,-122.323328,.jpg"
satellite_47.57175604301079_-122.30538234803653.png,"cxH_ZkxPuKT6tl3RtnzW_A,47.571910,-122.305565,.jpg"
satellite_47.59012810035849_-122.32046211920853.png,"5a-1sG4hUzzlUkSsgOyUkA,47.590151,-122.320600,.jpg"
satellite_47.580613999232_-122.3131654557382.png,"t0v06OrPorJlUy2-XNirkA,47.580701,-122.313385,.jpg"
satellite_47.596361476958606_-122.33554189038053.png,"1lNRO_dk4wfO1BVmb-0fhA,47.596430,-122.335581,.jpg"
satellite_47.605219433179826_-122.30440945957382.png,"oE68lNpp14dugFwewA_KIA,47.605203,-122.304399,.jpg"
satellite_47.61046859242203_-122.3228943403653.png,"QGZDcp2BE3Wh-4vOILMXyw,47.610362,-122.322952,.jpg"
satellite_47.615389679211596_-122.2980856845662.png,"aw6qw4BGgJI1jMbANQgwXw,47.615284,-122.298046,.jpg"
satellite_47.61079666487467_-122.30976034611872.png,"MfuHmfDZMibwOlIQbbcaLg,47.610836,-122.309546,.jpg"
satellite_47.58487894111629_-122.3185163422831.png,"F6IO192MRsDaZicgagaoRg,47.585001,-122.318586,.jpg"
satellite_47.61998269354852_-122.31559767689498.png,"vBeQoiDyjUGPVQMCpvEBAA,47.620053,-122.315647,.jpg"
satellite_47.61342124449577_-122.31073323458143.png,"DNtjYZtPXU19OkorplSoRw,47.613476,-122.310846,.jpg"
satellite_47.59078424526377_-122.32240789613394.png,"WNQttCK8tSQyhe3urT5n5g,47.590827,-122.322475,.jpg"
satellite_47.56617881131594_-122.33116389229833.png,"J5oFgYB_M6Y1p-GZVyiCiQ,47.566109,-122.331018,.jpg"
satellite_47.61079666487467_-122.32629944998479.png,"SG-nXA3OvJU88fHj4DPx9g,47.610844,-122.326306,.jpg"
satellite_47.607187867895654_-122.32678589421613.png,"NLg5qkC1d0rfbPcmNZgOvw,47.607162,-122.326776,.jpg"
satellite_47.57766134715826_-122.2980856845662.png,"zn6hDEm5t0zpDqOPmptOlg,47.577548,-122.298154,.jpg"
satellite_47.60915630261148_-122.28835679993911.png,"W4i4tUBgFaYv9fomdvaWRA,47.609263,-122.288504,.jpg"
satellite_47.594064969790146_-122.32435367305936.png,"XjUixz-fBZyKUIO0pgckLw,47.594149,-122.324217,.jpg"
satellite_47.59767376676916_-122.30003146149163.png,"kNTyZWfs4sMzCSsZRgLMCA,47.597828,-122.299948,.jpg"
satellite_47.58127014413728_-122.31024679035008.png,"0xuhuHxEOsOrrvWujSoE2A,47.581318,-122.310157,.jpg"
satellite_47.564538449052755_-122.29468057494672.png,"bfU8n5jSDiiQfb9MO-VRaw,47.564414,-122.294633,.jpg"
satellite_47.59931412903235_-122.28981613263318.png,"GzlEb3cDSqGnnrBvCcVJ3g,47.599389,-122.290003,.jpg"
satellite_47.606203650537736_-122.30197723841704.png,"ewfuF5LpvSIgySMR5vnq3w,47.606113,-122.301952,.jpg"
satellite_47.5832385788531_-122.3131654557382.png,"Jrq_5__iUjMhygxYRThd5w,47.583319,-122.313393,.jpg"
satellite_47.60259485355873_-122.30051790572298.png,"BhbP1-83XS_MpAdIq5J5ng,47.602662,-122.300313,.jpg"
satellite_47.584222796211016_-122.31802989805175.png,"I0B_kfc0OKeK59Z6U-rq3g,47.584329,-122.317963,.jpg"
satellite_47.61473353430632_-122.31705700958904.png,"xo5MffflE1QOXXnXZv8dxQ,47.614607,-122.316910,.jpg"
satellite_47.61473353430632_-122.30149079418568.png,"f5T-bF2NlJ0Ao7QUJh3acw,47.614675,-122.301419,.jpg"
satellite_47.57864556451617_-122.31608412112634.png,"MkIab9UNq4N5WVCICu6sCQ,47.578660,-122.316000,.jpg"
satellite_47.60128256374817_-122.31657056535768.png,"o8aNttHtu5maSwDf_7Dmtg,47.601189,-122.316763,.jpg"
satellite_47.60489136072719_-122.32775878267884.png,"yGhGxe8xzBvM_W26K6X5rg,47.605052,-122.327597,.jpg"
satellite_47.59734569431652_-122.29759924033485.png,"ZRtDsa_p2Eii6jSyVyvcqw,47.597189,-122.297457,.jpg"
satellite_47.596033404505974_-122.31413834420091.png,"iTD10Lf4jVQ2U2AkP9OKXw,47.596086,-122.314038,.jpg"
satellite_47.577005202252984_-122.28787035570775.png,"UKRtUAoah-knkG5KZJ8v3g,47.577100,-122.287957,.jpg"
satellite_47.60193870865345_-122.30392301534246.png,"DVDPJSvyKuDcvTQGtpTbQQ,47.602053,-122.303740,.jpg"
satellite_47.607844012800925_-122.2873839114764.png,"9vgJ_Mzi9MIc3dNMg3BwrA,47.607923,-122.287569,.jpg"
satellite_47.57995785432673_-122.2961399076408.png,"XwdzFtXLebdbrn0OTrt5qQ,47.580082,-122.296367,.jpg"
satellite_47.60259485355873_-122.31170612304413.png,"dJhcq5xFaot_U7reG_kB0w,47.602462,-122.311598,.jpg"
satellite_47.61604582411687_-122.33213678076103.png,"V9SI-Cz37nsWSGseoEqpxQ,47.616018,-122.332145,.jpg"
satellite_47.617686186380055_-122.32921811537291.png,"MbLvF7nus8BV7b6WvCmISQ,47.617778,-122.329394,.jpg"
satellite_47.56880339093704_-122.29322124225266.png,"DIBzJ2rw5bfkjPehohB2Jw,47.568917,-122.293352,.jpg"
satellite_47.58947195545322_-122.33651477884322.png,"720Nla2swfrQn1KLlT0jug,47.589604,-122.336649,.jpg"
satellite_47.596689549411245_-122.29565346340944.png,"p0naLyPHP-pH1tnRTjFVGA,47.596707,-122.295835,.jpg"
satellite_47.60161063620081_-122.31657056535768.png,"aa1AELW6AczAMlgL9i0JbA,47.601625,-122.316705,.jpg"
satellite_47.595705332053335_-122.31948923074582.png,"Av11HB7CfzSp0Eh9vGVB4A,47.595686,-122.319313,.jpg"
satellite_47.597017621863884_-122.32435367305936.png,"e3T7Y2U0K76ttG_lq-r--g,47.596979,-122.324431,.jpg"
satellite_47.58094207168464_-122.31511123266363.png,"4RDj_9L_fb5iRRirCOk9uw,47.581026,-122.315138,.jpg"
satellite_47.605219433179826_-122.32240789613394.png,"foZ2czCKyef9eEgAzMYXXw,47.605330,-122.322275,.jpg"
satellite_47.585535086021565_-122.31997567497717.png,"87NGl42xcHSQo_1UoBEnKg,47.585531,-122.320051,.jpg"
satellite_47.606531722990375_-122.32727233844749.png,"WtCh_E_vpZRZgw4LMbhMYw,47.606595,-122.327076,.jpg"
satellite_47.6206388384538_-122.2961399076408.png,"2IVT6u_KfD_z8TLVVqmaIg,47.620576,-122.296121,.jpg"
satellite_47.61014051996939_-122.30489590380517.png,"Qypmz9BF4tWmGcyRW00JLA,47.610268,-122.305035,.jpg"
satellite_47.57077182565287_-122.29127546532725.png,"USERRsVGV0bp5FIikpX_MA,47.570798,-122.291438,.jpg"
satellite_47.59865798412707_-122.32484011729072.png,"EYxl9AunVJGnZ55LQZukxw,47.598721,-122.325064,.jpg"
satellite_47.56158579697902_-122.29857212879756.png,"awdxiqbDlJbMqEKFY7qZDQ,47.561462,-122.298582,.jpg"
satellite_47.58783159319003_-122.33846055576865.png,"t0luCJx6i6WIfuatdEQK_g,47.587769,-122.338321,.jpg"
satellite_47.56158579697902_-122.31365189996956.png,"MUe1MN4N2AA3ZspC6sQNZg,47.561685,-122.313453,.jpg"
satellite_47.56749110112649_-122.29176190955859.png,"kLTp67KRtGTWAefB20i5eg,47.567383,-122.291637,.jpg"
satellite_47.57930170942145_-122.30295012687975.png,"AeZoc_Enz43umAoU8W7vNg,47.579179,-122.302932,.jpg"
satellite_47.60128256374817_-122.33262322499239.png,"vUIiYTNOiWp6xxfgBQ8DZA,47.601230,-122.332795,.jpg"
satellite_47.60292292601136_-122.29516701917808.png,"57gx4yp8zozjI3eCOPCGJw,47.603022,-122.294929,.jpg"
satellite_47.619326548643244_-122.31267901150684.png,"tk57SoZIApSaVF42xPb6TQ,47.619423,-122.312776,.jpg"
satellite_47.57077182565287_-122.29759924033485.png,"KogqpqlJwVWeGauJih14MA,47.570681,-122.297818,.jpg"
satellite_47.59767376676916_-122.29857212879756.png,"rBNqmX_HEz9PTN8vJW3eKA,47.597705,-122.298742,.jpg"
satellite_47.6006264188429_-122.32386722882801.png,"Y7Yu8NqA3hf0s0td0js_ng,47.600581,-122.323654,.jpg"
satellite_47.595377259600696_-122.30732812496194.png,"qznipRFI3ZOiLuCEaFtD8A,47.595363,-122.307315,.jpg"
satellite_47.57864556451617_-122.31170612304413.png,"5uXLcjHvDOp5wVOJuLf1fQ,47.578645,-122.311897,.jpg"
satellite_47.563554231694845_-122.29759924033485.png,"nHD-wqGF-XlMZjBbCB_C4g,47.563444,-122.297750,.jpg"
satellite_47.60948437506411_-122.29127546532725.png,"b3PkaOyMmEEQte2BAjOlfg,47.609496,-122.291494,.jpg"
satellite_47.596033404505974_-122.2961399076408.png,"7TirER0y24XNK20cAQKSpQ,47.595968,-122.296362,.jpg"
satellite_47.61735811392742_-122.30392301534246.png,"N2WFCfpDINcBUSxLOLQyBA,47.617439,-122.303751,.jpg"
satellite_47.575692912442435_-122.29370768648401.png,"DFLYHcg6N-xRBKQ5fdEn5A,47.575646,-122.293623,.jpg"
satellite_47.57995785432673_-122.30392301534246.png,"G-mngjMRYw0TxqiJskh3hg,47.580016,-122.303833,.jpg"
satellite_47.584550868663655_-122.30440945957382.png,"iKLMkD-ZlEQ7xnWkfzmE0g,47.584394,-122.304249,.jpg"
satellite_47.55830507245264_-122.30440945957382.png,"xjnfEMmIGdlGsFxr6Jcqvw,47.558451,-122.304216,.jpg"
satellite_47.60981244751675_-122.3282452269102.png,"IecFJvzqvLpFRMfdGX145A,47.609946,-122.328429,.jpg"
satellite_47.58619123092684_-122.32192145190258.png,"cNvA3ZWC6US-PkER_av47w,47.586086,-122.322018,.jpg"
satellite_47.59012810035849_-122.33310966922375.png,"DT-CGSHwGA5dPNfHOfALRw,47.590237,-122.333304,.jpg"
satellite_47.58127014413728_-122.32143500767124.png,"7tTsYWVb2oArv2rt6GRfIQ,47.581322,-122.321372,.jpg"
satellite_47.60193870865345_-122.30295012687975.png,"lG4npTS-KsPpKbK3-eaqzg,47.601784,-122.303058,.jpg"
satellite_47.58225436149519_-122.31073323458143.png,"zDQ3wFtLC4-fk8o74hwe2A,47.582321,-122.310843,.jpg"
satellite_47.59012810035849_-122.32192145190258.png,"tTGCdGn4RbgKp4aSwPcVxw,47.590103,-122.322158,.jpg"
satellite_47.57766134715826_-122.32435367305936.png,"mha0CF9ISGWhY7L9Mym2ZA,47.577705,-122.324497,.jpg"
satellite_47.563226159242205_-122.29322124225266.png,"bnL6OXGbIlA3wqyP7G938Q,47.563216,-122.293162,.jpg"
satellite_47.62031076600116_-122.29857212879756.png,"cxI20xTSvZ8o_rIVXoFcCw,47.620150,-122.298629,.jpg"
satellite_47.60357907091664_-122.31219256727549.png,"_5nT4SwnQOVw_H_9SkDgJg,47.603524,-122.312300,.jpg"
satellite_47.60259485355873_-122.33116389229833.png,"XkMpx2lUHka7MENWTNvUAg,47.602699,-122.331316,.jpg"
satellite_47.564210376600116_-122.31754345382039.png,"1dPzmM5bSUemNKKOamenJg,47.564056,-122.317335,.jpg"
satellite_47.616373896569506_-122.31024679035008.png,"rhOOqB1ST6yWWFqm-ZGkEA,47.616443,-122.310078,.jpg"
satellite_47.605875578085104_-122.31511123266363.png,"IvOMTNgBDaUSGtidhUPlLg,47.605855,-122.314981,.jpg"
satellite_47.60161063620081_-122.2961399076408.png,"pXA2wJ5d1A4c_6klaXvKIA,47.601638,-122.295901,.jpg"
satellite_47.58356665130574_-122.29954501726027.png,"OhGdL5b4O-RIPYDb4yzYiw,47.583639,-122.299713,.jpg"
satellite_47.58028592677936_-122.30927390188737.png,"96mGOyKkqX5DUq1HOPfarw,47.580281,-122.309207,.jpg"
satellite_47.61145280977994_-122.32532656152208.png,"o3LdLs1Wnm43DbeFLwDgAg,47.611332,-122.325465,.jpg"
satellite_47.595377259600696_-122.32046211920853.png,"R8QlNwFPG7135wHKfMrMaw,47.595294,-122.320244,.jpg"
satellite_47.60357907091664_-122.32629944998479.png,"KTpYxEp1T9Py_WiilGrRxQ,47.603420,-122.326231,.jpg"
satellite_47.60095449129554_-122.31219256727549.png,"V9Vcfgt9uF6g75SJeXl_DA,47.600840,-122.312334,.jpg"
satellite_47.61145280977994_-122.32581300575343.png,"KMAOQDRsvOBaMI8j4b3t7w,47.611548,-122.325656,.jpg"
satellite_47.605219433179826_-122.32094856343988.png,"LANbI3NkixnU9t8XzZbxvA,47.605197,-122.320827,.jpg"
satellite_47.57864556451617_-122.31267901150684.png,"ikmZNkuo9T-j4HjOwyjiLA,47.578613,-122.312708,.jpg"
satellite_47.58881581054794_-122.29030257686453.png,"03nOS2u8TV51n3vxWkMeQQ,47.588847,-122.290466,.jpg"
satellite_47.59472111469542_-122.30635523649924.png,"dFsUdUnW0fOvBZH04KHY4g,47.594872,-122.306238,.jpg"
satellite_47.615717751664235_-122.33310966922375.png,"Bqq32j3_VlhBK6OkEpoylQ,47.615872,-122.332908,.jpg"
satellite_47.616373896569506_-122.29224835378994.png,"I7ZhqId1LpmLzWmpht7QgA,47.616434,-122.292312,.jpg"
satellite_47.55961736226319_-122.29224835378994.png,"p_6wrd3qHubxaqEOXl2hmA,47.559637,-122.292431,.jpg"
satellite_47.60226678110609_-122.28884324417047.png,"-jZnm-SMTFTNYm4P-3Nx7w,47.602106,-122.288675,.jpg"
satellite_47.60456328827455_-122.29905857302892.png,"bAX5g85PEVmVdzgH6ISg0A,47.604482,-122.298918,.jpg"
satellite_47.61374931694841_-122.31705700958904.png,"rIXKytZB5FFrC8Y2eoDaow,47.613701,-122.316816,.jpg"
satellite_47.61998269354852_-122.2927347980213.png,"-HLpdQlvKywu28eUyzexxw,47.620146,-122.292630,.jpg"
satellite_47.584222796211016_-122.32581300575343.png,"T8Mpr92yr30D4uOKiye5sQ,47.584229,-122.326008,.jpg"
satellite_47.5779894196109_-122.33651477884322.png,"Z61mzOPXB1CqbH78MCHXdA,47.577982,-122.336716,.jpg"
satellite_47.605547505632465_-122.33262322499239.png,"t6d2F-BMSYNeKDreyqSkcw,47.605595,-122.332434,.jpg"
satellite_47.58159821658992_-122.31073323458143.png,"1Nldueu8igXNxl9WoIG8Aw,47.581674,-122.310843,.jpg"
satellite_47.55994543471583_-122.33797411153729.png,"ox4afv34y3MAjS8pcKh5_g,47.560041,-122.338100,.jpg"
satellite_47.562898086789566_-122.30635523649924.png,"F1eXinSk937JTfuHRV07eg,47.562952,-122.306590,.jpg"
satellite_47.617686186380055_-122.30003146149163.png,"U7_gshPTGkqm5jTQmCYmpw,47.617630,-122.299967,.jpg"
satellite_47.606203650537736_-122.29176190955859.png,"0i-CL6F8Dou71ttz9pmFyQ,47.606152,-122.291872,.jpg"
satellite_47.565522666410665_-122.32435367305936.png,"_qF2uGNBE88Zx9zZuUgDcg,47.565362,-122.324531,.jpg"
satellite_47.58980002790585_-122.28932968840182.png,"bP5QFR1tnX98qtmV_dj9IQ,47.589782,-122.289176,.jpg"
satellite_47.563226159242205_-122.32192145190258.png,"pZFaPHEgXfjpUTaRTW0HiA,47.563289,-122.321712,.jpg"
satellite_47.60489136072719_-122.30489590380517.png,"yzkzO7LLO7BJQwkQ6KzTeQ,47.604900,-122.305071,.jpg"
satellite_47.59111231771641_-122.30197723841704.png,"eYFMD1-sL0kzyc6D81AB6A,47.591026,-122.302187,.jpg"
satellite_47.58192628904255_-122.30197723841704.png,"ELgtHdMQ6v4fECYfT0VFaw,47.582036,-122.301739,.jpg"
satellite_47.596033404505974_-122.32629944998479.png,"TCb6HHpLT7rWFDRBPFYvHg,47.595938,-122.326464,.jpg"
satellite_47.57962978187409_-122.33019100383562.png,"1VD5k8qjee4xQJhXVo2z8w,47.579701,-122.330244,.jpg"
satellite_47.594393042242785_-122.28981613263318.png,"4u0aub7QWvwQZan7CTd_lA,47.594274,-122.289760,.jpg"
satellite_47.57372447772661_-122.33797411153729.png,"ohwxSOmGjPMTyILWBGB_aQ,47.573713,-122.338058,.jpg"
satellite_47.57962978187409_-122.29322124225266.png,"AMVLfS_X33_o7dRjDIs89A,47.579647,-122.293347,.jpg"
satellite_47.59472111469542_-122.29857212879756.png,"wHOhpfRKnXNOG4nX9gYcgA,47.594592,-122.298605,.jpg"
satellite_47.62031076600116_-122.28981613263318.png,"P9Oe0h93oKh1EQw2ujqo8w,47.620158,-122.289878,.jpg"
satellite_47.565522666410665_-122.28835679993911.png,"wNyKmKR9z92_TYb_UIDMTw,47.565452,-122.288484,.jpg"
satellite_47.57077182565287_-122.28835679993911.png,"v8NcmBM-pHeHRr1urLiDdw,47.570926,-122.288264,.jpg"
satellite_47.56158579697902_-122.31170612304413.png,"FhxUsNh6H8vkkO0HwKFqzg,47.561663,-122.311614,.jpg"
satellite_47.57503676753716_-122.33651477884322.png,"1jO7Ue9Q_fTtIaAzGJVrfA,47.575199,-122.336672,.jpg"
satellite_47.565522666410665_-122.33165033652968.png,"c3mFPdMm6NLD8bBn__2UNw,47.565628,-122.331415,.jpg"
satellite_47.5606015796211_-122.30830101342465.png,"8pKLAA9rDg7wGcemsOeisg,47.560482,-122.308453,.jpg"
satellite_47.61965462109588_-122.33651477884322.png,"0-EtUjumsHiSnPpiyo2vVA,47.619740,-122.336505,.jpg"
satellite_47.59898605657971_-122.2961399076408.png,"-gGGGvdprp8_OznVqYztWg,47.598892,-122.296270,.jpg"
satellite_47.58291050640047_-122.31657056535768.png,"i-ZyU_j45e4bd0JD8JJ5FQ,47.582897,-122.316711,.jpg"
satellite_47.62031076600116_-122.32921811537291.png,"WuvdFObVlgZM0S3djT_plA,47.620447,-122.328986,.jpg"
satellite_47.58291050640047_-122.30489590380517.png,"_CByoYW5ES5weNtKaGKEBg,47.582971,-122.305035,.jpg"
satellite_47.58980002790585_-122.33505544614917.png,"OZCH-tF-mqK6gAS29rW9wQ,47.589664,-122.335149,.jpg"
satellite_47.56125772452638_-122.30538234803653.png,"st9VywiQoiBa7t_kZcSGBA,47.561110,-122.305311,.jpg"
satellite_47.60390714336928_-122.2961399076408.png,"Yz3mxo6k7lOHb49EN5Iylg,47.603831,-122.295916,.jpg"
satellite_47.61867040373797_-122.31802989805175.png,"H2Zt5T-SKHacVaxWdKS9rw,47.618784,-122.318178,.jpg"
satellite_47.6206388384538_-122.31267901150684.png,"z5oRehbblhhtFyHvenmk3Q,47.620731,-122.312692,.jpg"
satellite_47.60095449129554_-122.30489590380517.png,"6tznX6PJLGXEjECwsE0HJg,47.601100,-122.305082,.jpg"
satellite_47.59997027393762_-122.32435367305936.png,"o4dW-eP9YK72CVzlaYitkQ,47.600032,-122.324386,.jpg"
satellite_47.61407738940105_-122.31802989805175.png,"ck3itKLdl3236dc7Pgz4hA,47.614068,-122.318104,.jpg"
satellite_47.61374931694841_-122.30830101342465.png,"kU1ETKLZwg4VSRfy2QyrBw,47.613711,-122.308202,.jpg"
satellite_47.61899847619061_-122.29516701917808.png,"iBhYjfLIEp8_kMtEzjTZDA,47.618897,-122.295080,.jpg"
satellite_47.55961736226319_-122.30003146149163.png,"apk2s6Y4DVM-M2U_wf7tjw,47.559482,-122.300256,.jpg"
satellite_47.61604582411687_-122.28835679993911.png,"PYRSb3jliT4ExLgAfXVwew,47.616190,-122.288138,.jpg"
satellite_47.58783159319003_-122.30149079418568.png,"isJfUw7Dd2rOSRHIyKjxow,47.587682,-122.301304,.jpg"
satellite_47.59242460752696_-122.30149079418568.png,"0m8WkA--XCAiLuV7QMqFdQ,47.592321,-122.301254,.jpg"
satellite_47.596033404505974_-122.32143500767124.png,"_lYEnRuWquLa3QHEulqs5w,47.596056,-122.321497,.jpg"
satellite_47.60981244751675_-122.30489590380517.png,"CT-NX3sJuNqJfnfX0AlMWQ,47.609873,-122.305040,.jpg"
satellite_47.58389472375838_-122.3024636826484.png,"wmPWaCj_DsdsTyMaZayWsg,47.583880,-122.302311,.jpg"
satellite_47.594064969790146_-122.30976034611872.png,"9VO4E9aCCjGmen8YKuAluw,47.593935,-122.309967,.jpg"
satellite_47.573396405273975_-122.31900278651446.png,"dkvnvEPlc5jX0yVhjIRXhQ,47.573518,-122.318929,.jpg"
satellite_47.606531722990375_-122.30003146149163.png,"OO2JzcLXrf33nSIKjdFjWA,47.606422,-122.299970,.jpg"
satellite_47.616701969022145_-122.33213678076103.png,"YhibmtWb657qOT_5ZsownQ,47.616623,-122.332263,.jpg"
satellite_47.56519459395803_-122.31705700958904.png,"DgNwhn7bTzP-RmQuZQ_PLA,47.565246,-122.317295,.jpg"
satellite_47.564210376600116_-122.29516701917808.png,"AdVxC7kqkE0qeb2t2Lxl7Q,47.564080,-122.295320,.jpg"
satellite_47.61604582411687_-122.33651477884322.png,"FrxAzDuv6FofwnDXrRivxA,47.615920,-122.336349,.jpg"
satellite_47.60948437506411_-122.33310966922375.png,"C0GbJvryhoUoX3-XNypEfg,47.609624,-122.333051,.jpg"
satellite_47.563554231694845_-122.32678589421613.png,"GR-RVKo0pS9t0Qd0nC44Eg,47.563613,-122.326682,.jpg"
satellite_47.563226159242205_-122.32435367305936.png,"x8FH698Hq0bfOTtROIKs2A,47.563120,-122.324209,.jpg"
satellite_47.605219433179826_-122.28884324417047.png,"VZPvVkO0cZXftLiJmEMpMw,47.605308,-122.288885,.jpg"
satellite_47.61014051996939_-122.32727233844749.png,"NM7aP7CTPstubKZhCdZhvQ,47.610191,-122.327418,.jpg"
satellite_47.61899847619061_-122.3131654557382.png,"h8L2MvWtHTXBnFqpNizVSA,47.619157,-122.313128,.jpg"
satellite_47.61440546185368_-122.31511123266363.png,"-3fLOdFBhLzOym2FDuW7xA,47.614275,-122.314909,.jpg"
satellite_47.58127014413728_-122.29322124225266.png,"4PDQT4hluFKCcaKm9Ok9FA,47.581358,-122.292995,.jpg"
satellite_47.60259485355873_-122.32532656152208.png,"7fMZAzwUbUKAcHbMegp2Ew,47.602520,-122.325368,.jpg"
satellite_47.61407738940105_-122.28884324417047.png,"-uH3ixql1VUxxT9xuDY-Dw,47.614051,-122.288735,.jpg"
satellite_47.585207013568926_-122.30684168073059.png,"m_FyFw6lQdz3uk4eYkPePQ,47.585056,-122.306887,.jpg"
satellite_47.603250998464_-122.31802989805175.png,"D3AsL3oWc7UmmuW0pCcrfg,47.603265,-122.318119,.jpg"
satellite_47.577005202252984_-122.31608412112634.png,"JnradY7puqaz4DvSs5C8HA,47.576890,-122.316081,.jpg"
satellite_47.59832991167443_-122.30830101342465.png,"KpKuvFG3FcI7rALCxrKF3g,47.598321,-122.308520,.jpg"
satellite_47.60915630261148_-122.31170612304413.png,"opcm-ZobFbfb-v2h5WiNWw,47.609307,-122.311574,.jpg"
satellite_47.55863314490528_-122.31559767689498.png,"M6ApQfD8Zexbo72QZmY-8A,47.558666,-122.315469,.jpg"
satellite_47.57995785432673_-122.31219256727549.png,"lSgxXyTFxUHN7ZTQnU0JCQ,47.580004,-122.312132,.jpg"
satellite_47.615389679211596_-122.29954501726027.png,"Z_dA4WIfm7tdJybZcMm9wA,47.615494,-122.299456,.jpg"
satellite_47.59734569431652_-122.31024679035008.png,"LoWiZRYH036I62j0rBRgtQ,47.597479,-122.310244,.jpg"
satellite_47.61374931694841_-122.32240789613394.png,"LX3iQns6-fQatCebBlHsWA,47.613681,-122.322336,.jpg"
satellite_47.57766134715826_-122.31121967881279.png,"2rbvyW4dC38_zedxZ9qr1w,47.577617,-122.311404,.jpg"
satellite_47.57142797055815_-122.31413834420091.png,"vV-9vcXxEus3MQ1tdKXgtA,47.571345,-122.314361,.jpg"
satellite_47.60751594034829_-122.31997567497717.png,"HzLnDOX0uVvBnhbJ_V1-pA,47.607486,-122.320044,.jpg"
satellite_47.60029834639026_-122.29711279610349.png,"Yo_gCLExdLcDpa65bjQpHw,47.600442,-122.297061,.jpg"
satellite_47.60161063620081_-122.3024636826484.png,"bSrsRqwc_A2x6f5HiatbOA,47.601612,-122.302276,.jpg"
satellite_47.57667712980035_-122.31024679035008.png,"-8jfWwUj5xcQOGEcIRMUKg,47.576604,-122.310438,.jpg"
satellite_47.57142797055815_-122.32629944998479.png,"9jjUjgELwxdHge7J5rhXoA,47.571488,-122.326223,.jpg"
satellite_47.60981244751675_-122.33116389229833.png,"fILaDCcePeqO7v-lg98MJA,47.609795,-122.331115,.jpg"
satellite_47.61407738940105_-122.2873839114764.png,"xKjfQv-euUhPIFYDxBD9hQ,47.614057,-122.287427,.jpg"
satellite_47.615389679211596_-122.31754345382039.png,"sllWP7-V_UO77HDvDyknOw,47.615292,-122.317517,.jpg"
satellite_47.619326548643244_-122.28835679993911.png,"WBtaL8rfQfb_J47rBubk7g,47.619340,-122.288406,.jpg"
satellite_47.584550868663655_-122.32921811537291.png,"DPdrPvo6D5GE_j-pyZlmKw,47.584547,-122.329053,.jpg"
satellite_47.57733327470562_-122.29370768648401.png,"DNJOYTnyOfjlprbCzHUxQg,47.577298,-122.293601,.jpg"
satellite_47.56125772452638_-122.28884324417047.png,"YsB9ULlfVTbgq3YK6m7dow,47.561270,-122.288835,.jpg"
satellite_47.59340882488487_-122.29468057494672.png,"Qufq0TwQLZMxbxOalBv48w,47.593332,-122.294590,.jpg"
satellite_47.60357907091664_-122.31608412112634.png,"Kaqg8Vc3vZuATS_rcl0xJg,47.603516,-122.316221,.jpg"
satellite_47.595705332053335_-122.32629944998479.png,"C8qfhiZGRACQLVyfZJkp7A,47.595861,-122.326434,.jpg"
satellite_47.595377259600696_-122.31997567497717.png,"x_LIKUXgB7g3qXe_7cO4Gg,47.595509,-122.320218,.jpg"
satellite_47.61046859242203_-122.29176190955859.png,"fpz4t-mj6ucCJY4Rj6lohg,47.610409,-122.291550,.jpg"
satellite_47.59472111469542_-122.29565346340944.png,"YUW8FN7lNCpHUC4-jHJspg,47.594763,-122.295448,.jpg"
satellite_47.57142797055815_-122.33554189038053.png,"FD8dKMCKVKF-jeUROaWS_A,47.571525,-122.335341,.jpg"
satellite_47.616373896569506_-122.30149079418568.png,"fQzVYX8bXkHhQOBpsxRw3g,47.616471,-122.301634,.jpg"
satellite_47.59767376676916_-122.31511123266363.png,"uFw1MTK05a-m3rd7CaNHuQ,47.597540,-122.315226,.jpg"
satellite_47.586519303379475_-122.30149079418568.png,"ZS4TfH3gIip4v-quxrFyRw,47.586634,-122.301655,.jpg"
satellite_47.61735811392742_-122.31073323458143.png,"sTj0ZyVkOs7aRQfoORTs1g,47.617396,-122.310809,.jpg"
satellite_47.564866521505394_-122.30586879226789.png,"-nz47AYaR_vRxtocnnpdCQ,47.564935,-122.305980,.jpg"
satellite_47.6006264188429_-122.31365189996956.png,"hYD_pioGMRJlQBmYxGcGYg,47.600788,-122.313750,.jpg"
satellite_47.60029834639026_-122.33602833461188.png,"oNx-CHUK0sykoOORxxdGsw,47.600429,-122.336076,.jpg"
satellite_47.574380622631885_-122.33456900191781.png,"rcBcRu1EfMC5HWEmOX3tCw,47.574373,-122.334562,.jpg"
satellite_47.565850738863304_-122.31413834420091.png,"ZMuD6sMCwwMgg7jEw4JhOw,47.565906,-122.314184,.jpg"
satellite_47.594064969790146_-122.30003146149163.png,"ahPRoqIjMibPJuGLCBMPVw,47.594108,-122.300130,.jpg"
satellite_47.58487894111629_-122.32629944998479.png,"x3nUcOtab3JwJFKRHw_VPA,47.584976,-122.326297,.jpg"
satellite_47.5727402603687_-122.30927390188737.png,"gHL-cSFitMZkFK9K0hOw8Q,47.572644,-122.309094,.jpg"
satellite_47.565850738863304_-122.33165033652968.png,"5jVZnPFfUb7bhug-uYUYuQ,47.565716,-122.331417,.jpg"
satellite_47.58783159319003_-122.28932968840182.png,"lZO0RunTRxBoAMDo5LXp7w,47.587763,-122.289319,.jpg"
satellite_47.55994543471583_-122.29030257686453.png,"kWiqAXUXJgDb02Qj0OsdgQ,47.560101,-122.290317,.jpg"
satellite_47.59734569431652_-122.30635523649924.png,"DI4Jnp3Ubdf_-jEpfpaKRw,47.597468,-122.306284,.jpg"
satellite_47.60259485355873_-122.2980856845662.png,"VuSPBP2FqYKWp0CgFx1vmw,47.602504,-122.297893,.jpg"
satellite_47.61867040373797_-122.30197723841704.png,"Ep6eCkS5YVxySd9QVQFGbQ,47.618721,-122.301839,.jpg"
satellite_47.595377259600696_-122.29176190955859.png,"8s60RedapB8H7gdjuGSCzg,47.595279,-122.291580,.jpg"
satellite_47.61998269354852_-122.32532656152208.png,"MECMvflrt83HTPKzjPIc2g,47.619986,-122.325288,.jpg"
satellite_47.617030041474784_-122.2961399076408.png,"wrJtahFGrWbhfZzgxSOdFQ,47.617165,-122.296187,.jpg"
satellite_47.59832991167443_-122.31121967881279.png,"1fh-cFd_BsVSX353iZPhqg,47.598344,-122.311053,.jpg"
satellite_47.562898086789566_-122.30927390188737.png,"KakmvaQAAaEhnGSLujX5iw,47.562998,-122.309372,.jpg"
satellite_47.60489136072719_-122.30878745765601.png,"6J3zeoE4Kfz31-fL1XhXpA,47.604760,-122.308952,.jpg"
satellite_47.61014051996939_-122.29370768648401.png,"m7VgcIWODWTWDg0bVad2nQ,47.610220,-122.293809,.jpg"
satellite_47.60357907091664_-122.32629944998479.png,"Gu77E7f00tLbibeXhGpBCQ,47.603672,-122.326287,.jpg"
satellite_47.607844012800925_-122.32435367305936.png,"LnEWzp7TNciIVMi0pPHzuw,47.607686,-122.324438,.jpg"
satellite_47.57930170942145_-122.32532656152208.png,"l8CYekImeDXZTjBHUUPTdw,47.579150,-122.325203,.jpg"
satellite_47.57962978187409_-122.31900278651446.png,"gymTBNe8b-NqRRdmsh3NWw,47.579634,-122.319003,.jpg"
satellite_47.58783159319003_-122.33310966922375.png,"C9dF_zzyOB4PgkiWoiDfuw,47.587693,-122.333298,.jpg"
satellite_47.57109989810551_-122.32386722882801.png,"uvKuDs5Q677xLA9xN62iZA,47.571164,-122.323918,.jpg"
satellite_47.59373689733751_-122.32484011729072.png,"eGzn2MpkeVRPp2YSXEoD5w,47.593776,-122.324832,.jpg"
satellite_47.603250998464_-122.33019100383562.png,"KZxzgJNVaafKifz-USXXSQ,47.603114,-122.330204,.jpg"
satellite_47.57864556451617_-122.32386722882801.png,"eG9u7i5XgFXR3Ht9iTS4vQ,47.578701,-122.323674,.jpg"
satellite_47.60128256374817_-122.28835679993911.png,"-DgZ9JaCTLwYFBKQZfb6xQ,47.601397,-122.288170,.jpg"
satellite_47.56978760829496_-122.31559767689498.png,"VDjU4xK4Sv6qIsNjNb5ZLQ,47.569787,-122.315422,.jpg"
satellite_47.58258243394783_-122.33505544614917.png,"g6iPhJbWGPOHVbEBrT8GeA,47.582590,-122.335097,.jpg"
satellite_47.57962978187409_-122.32143500767124.png,"4sH8hNnor5CcqGh-A4d6Qw,47.579501,-122.321374,.jpg"
satellite_47.606531722990375_-122.30440945957382.png,"7Z84uZYX6m8QYBuRkux4tQ,47.606591,-122.304408,.jpg"
satellite_47.605875578085104_-122.32873167114155.png,"bbFyVPc_3RzjDaaHHFJLjw,47.605747,-122.328784,.jpg"
satellite_47.573396405273975_-122.28787035570775.png,"oDf-bt3ZDbzHe6lFD6gRUA,47.573521,-122.287729,.jpg"
satellite_47.57109989810551_-122.31997567497717.png,"uH-BAcD68HCxdcF9wPj3bw,47.570983,-122.319953,.jpg"
satellite_47.56749110112649_-122.32775878267884.png,"QgCViZr4Uy2HhO4AyuNbvw,47.567359,-122.327912,.jpg"
satellite_47.617030041474784_-122.32532656152208.png,"Ejvl2jmZj5BwhWJkO138xw,47.617039,-122.325538,.jpg"
satellite_47.618342331285334_-122.31900278651446.png,"Bty_5UiwoVdEesqgTaAz6g,47.618361,-122.318844,.jpg"
satellite_47.61440546185368_-122.31024679035008.png,"MqkYR2gKkF32NDeJ8RQKpw,47.614455,-122.310180,.jpg"
satellite_47.607844012800925_-122.3282452269102.png,"SrUlVvYKgFNEn1aT50o7XQ,47.607799,-122.328394,.jpg"
satellite_47.58619123092684_-122.32873167114155.png,"2vfLNjoWZ-Fi9rXmIdiVig,47.586089,-122.328538,.jpg"
satellite_47.615717751664235_-122.29030257686453.png,"Eq3WQnwa5j34K_rNt1nWuA,47.615789,-122.290299,.jpg"
satellite_47.57142797055815_-122.32727233844749.png,"wicGlOElnuE-ZMPeqn5kdg,47.571547,-122.327414,.jpg"
satellite_47.573396405273975_-122.3282452269102.png,"GO2iIIVlt3DP4gstfxyBLw,47.573316,-122.328302,.jpg"
satellite_47.584550868663655_-122.28981613263318.png,"7cY-yWZSz2RbHCY9bohlWA,47.584643,-122.289817,.jpg"
satellite_47.61440546185368_-122.30732812496194.png,"WoajynHcoRsxHghdJ2Ir2w,47.614485,-122.307457,.jpg"
satellite_47.58028592677936_-122.31900278651446.png,"mEUYiG1-k5ECjqSXtRxMjQ,47.580306,-122.319059,.jpg"
satellite_47.56781917357913_-122.31559767689498.png,"GR3gpPzzTQXLYi6ezvIMZA,47.567672,-122.315362,.jpg"
satellite_47.60390714336928_-122.2927347980213.png,"SNYMqwgt-AsCKn70vE7VkQ,47.603815,-122.292673,.jpg"
satellite_47.61407738940105_-122.2873839114764.png,"lB63kjaqXiIg21WvPIBxhQ,47.614058,-122.287556,.jpg"
satellite_47.577005202252984_-122.29711279610349.png,"QC03Nq6QIh2Iy98D90N9dw,47.577046,-122.296938,.jpg"
satellite_47.56749110112649_-122.29078902109589.png,"jqY94r8LNVV-Nw66qajntQ,47.567573,-122.290701,.jpg"
satellite_47.584550868663655_-122.30489590380517.png,"e1p-Qo7rtwPHXH6-U4D4uQ,47.584509,-122.304661,.jpg"
satellite_47.5727402603687_-122.32046211920853.png,"YCOoKdwmjZyT3FoZ1JnRjQ,47.572838,-122.320651,.jpg"
satellite_47.594064969790146_-122.3034365711111.png,"7xKl8GAiv_l4u5QJt1JALA,47.594112,-122.303312,.jpg"
satellite_47.608172085253564_-122.31559767689498.png,"iTollbhjYhUT177HbyjUlg,47.608014,-122.315585,.jpg"
satellite_47.616373896569506_-122.3228943403653.png,"-CSwRgz4sdG8XQVDjj6NxA,47.616426,-122.322755,.jpg"
satellite_47.60390714336928_-122.31267901150684.png,"XkxtjZdm7WpPPaAtdtiCvQ,47.603923,-122.312891,.jpg"
satellite_47.619326548643244_-122.32921811537291.png,"ot7ug2QNmj7a2h_SzsM27g,47.619360,-122.329114,.jpg"
satellite_47.61735811392742_-122.33748766730594.png,"jisc0Wg6FChuhMI_7NtDsg,47.617502,-122.337682,.jpg"
satellite_47.597017621863884_-122.30878745765601.png,"36NOBFy-nobv-eMc-8CWPA,47.596984,-122.308997,.jpg"
satellite_47.58487894111629_-122.32192145190258.png,"tFnOI3HcN-DMSfY5oB0nzw,47.584894,-122.321813,.jpg"
satellite_47.584550868663655_-122.32581300575343.png,"TlJJ9lDNGXqqzwlJLfAmPA,47.584578,-122.326014,.jpg"
satellite_47.59832991167443_-122.33554189038053.png,"-oGBix0CaeAEH-DuZIX9Hw,47.598288,-122.335751,.jpg"
satellite_47.61506160675896_-122.32094856343988.png,"fBb9WWcjS4dQtvTpNs6G7A,47.615225,-122.320858,.jpg"
satellite_47.56027350716847_-122.29711279610349.png,"WUqRi11cHlOgT4hTg1OfaA,47.560373,-122.297033,.jpg"
satellite_47.55961736226319_-122.29127546532725.png,"ryXr7MlY2LlQtaPs9hecqQ,47.559575,-122.291489,.jpg"
satellite_47.585535086021565_-122.30295012687975.png,"obY956DT_HddYAP1ltBjWQ,47.585419,-122.303029,.jpg"
satellite_47.55928928981055_-122.32143500767124.png,"-rxTgkKggeKXoOvJPz22lQ,47.559266,-122.321228,.jpg"
satellite_47.61014051996939_-122.29711279610349.png,"QqYNOs9ajADHuI14pOS7xA,47.610019,-122.297024,.jpg"
satellite_47.5701156807476_-122.32386722882801.png,"kRixSp_PMH-KqNadJ1tK9A,47.570090,-122.324057,.jpg"
satellite_47.585535086021565_-122.29322124225266.png,"iIG-E9fUSd-DP1L6NwHMcQ,47.585556,-122.293011,.jpg"
satellite_47.55863314490528_-122.2980856845662.png,"xRL64HF1rlEHLwa3aI2Mgg,47.558510,-122.298013,.jpg"
satellite_47.58783159319003_-122.30830101342465.png,"8LvZh7gqrAOsIKNFqWf4RA,47.587761,-122.308461,.jpg"
satellite_47.584222796211016_-122.31997567497717.png,"XUPdiIcvkHq8NeJ5HrVzOQ,47.584370,-122.319944,.jpg"
satellite_47.603250998464_-122.30392301534246.png,"dXbqCFRGkomix0UbH5p-Pg,47.603255,-122.303757,.jpg"
satellite_47.61210895468522_-122.32094856343988.png,"V6nNQCFRHO9U7_3bmPh_dg,47.612128,-122.320857,.jpg"
satellite_47.57077182565287_-122.29176190955859.png,"cLt-PB4fIFJD4DorXrSX1g,47.570730,-122.291951,.jpg"
satellite_47.56257001433693_-122.33700122307458.png,"ghGguOpItyOj2wSwV6q6Ug,47.562603,-122.336785,.jpg"
satellite_47.561913869431656_-122.3078145691933.png,"NS4nTTQ24lxhMZz7_KrEEA,47.561828,-122.307749,.jpg"
satellite_47.574380622631885_-122.32143500767124.png,"zw3XIb9KRG8AC_pFJS82eA,47.574317,-122.321550,.jpg"
satellite_47.61899847619061_-122.32970455960427.png,"E2X1pCOE-ILqUn4R1dkcew,47.619162,-122.329805,.jpg"
satellite_47.57077182565287_-122.29127546532725.png,"fAdzqeTWg4VP86i95rlJBw,47.570796,-122.291309,.jpg"
satellite_47.617686186380055_-122.32094856343988.png,"FguD0C8bs255CQFekm753A,47.617772,-122.320898,.jpg"
satellite_47.60357907091664_-122.30635523649924.png,"XHErtDDR4v_8J3hugdwVJQ,47.603522,-122.306118,.jpg"
satellite_47.585535086021565_-122.30684168073059.png,"62YvSHIACR4OX-Jfwq1Yww,47.585501,-122.307045,.jpg"
satellite_47.584550868663655_-122.31024679035008.png,"175weSX7pr1mfIoTjrh8VA,47.584549,-122.310100,.jpg"
satellite_47.57044375320023_-122.29078902109589.png,"mBeOoudXIxlNBdLhsSwXjA,47.570607,-122.291026,.jpg"
satellite_47.61374931694841_-122.31267901150684.png,"ac-yRDd_VE2KHeg29zLy7w,47.613811,-122.312802,.jpg"
satellite_47.60390714336928_-122.32775878267884.png,"I-6l_MNUwyizqjLimUQi3Q,47.603794,-122.327738,.jpg"
satellite_47.59997027393762_-122.31170612304413.png,"LQdefsiommli9VY5R-zmeQ,47.600022,-122.311935,.jpg"
satellite_47.60193870865345_-122.33213678076103.png,"cwmLlrOH5DzQf34oH9dB_g,47.601884,-122.332229,.jpg"
satellite_47.58619123092684_-122.30295012687975.png,"Pckgsa8VbAaK5vMbRWHtoA,47.586094,-122.302972,.jpg"
satellite_47.55830507245264_-122.31802989805175.png,"VKkoJk_DoJXk_Mlpbgm75g,47.558324,-122.318000,.jpg"
satellite_47.61145280977994_-122.30295012687975.png,"bdLh6ALo6jRrj7Xad25cBQ,47.611370,-122.302809,.jpg"
satellite_47.61243702713786_-122.29857212879756.png,"GDXYwaVdCOuj8ZX9hN2Cqw,47.612460,-122.298377,.jpg"
satellite_47.59931412903235_-122.32192145190258.png,"UbwcQSEm_av5Y064bvP9Vg,47.599260,-122.322145,.jpg"
satellite_47.594064969790146_-122.31024679035008.png,"ja99EeVBMJrCBKRQ0TcAyw,47.593938,-122.310331,.jpg"
satellite_47.565850738863304_-122.32094856343988.png,"k_XBDjbIvpP3te3Ms6mWdw,47.565827,-122.321127,.jpg"
satellite_47.574052550179246_-122.30878745765601.png,"7Y65Go3Qxx_cf4Aoe26dWA,47.573915,-122.308921,.jpg"
satellite_47.57142797055815_-122.32678589421613.png,"ZpbN2Lf7Xit2TLU1YAacAA,47.571440,-122.326641,.jpg"
satellite_47.60193870865345_-122.32532656152208.png,"VUhjZ0E1i26PDG4y0au-6Q,47.602052,-122.325335,.jpg"
satellite_47.6206388384538_-122.33310966922375.png,"lemlMT17_dXSWrXRxEAKww,47.620746,-122.332984,.jpg"
satellite_47.580613999232_-122.30635523649924.png,"eIL6cbAlmkYpBvLCLJ7pzA,47.580740,-122.306590,.jpg"
satellite_47.56617881131594_-122.29711279610349.png,"UfR5wwBqdEFY_Tj7qgaorA,47.566200,-122.297199,.jpg"
satellite_47.59308075243223_-122.32143500767124.png,"D-Bl_YkTjTaDKIS2Hiz4Yg,47.593162,-122.321226,.jpg"
satellite_47.59997027393762_-122.30976034611872.png,"XyC1DIIM_ZWWr6KzlqONuw,47.599995,-122.309807,.jpg"
satellite_47.58291050640047_-122.30295012687975.png,"P0O7rq-kDAMZxxpo2rZPKw,47.582977,-122.303110,.jpg"
satellite_47.56650688376858_-122.3078145691933.png,"h0LbZ-SBzj25z7hgSIlm5g,47.566656,-122.307663,.jpg"
satellite_47.60390714336928_-122.29905857302892.png,"CM1LxITsNEx-3Wk0P9DX-w,47.603978,-122.298935,.jpg"
satellite_47.57864556451617_-122.3228943403653.png,"zdlzH_WbUNrBQWgDXaieFw,47.578734,-122.322761,.jpg"
satellite_47.58717544828475_-122.31365189996956.png,"1MN1rrVBCRxNvse5EyMhiQ,47.587299,-122.313693,.jpg"
satellite_47.61440546185368_-122.30100434995434.png,"vuO8QsHTJdGFUI7_y7gNJw,47.614328,-122.300764,.jpg"
satellite_47.57995785432673_-122.33408255768646.png,"W-KMpqdaM_K8VMKf6zBTsQ,47.580116,-122.334172,.jpg"
satellite_47.57241218791606_-122.31462478843227.png,"ZbvyHqERJPgg0DziS1Ib_A,47.572264,-122.314814,.jpg"
satellite_47.574708695084524_-122.31121967881279.png,"0Ta1iy-aCLIR-K95Rqubrw,47.574784,-122.311330,.jpg"
satellite_47.57372447772661_-122.33408255768646.png,"WG3xyA8rVpZhGaEJV4Ybxg,47.573791,-122.334318,.jpg"
satellite_47.615389679211596_-122.3024636826484.png,"9ed-ghiqUyJ5s-pYoAysMw,47.615448,-122.302609,.jpg"
satellite_47.61735811392742_-122.30051790572298.png,"tTgeQqUBTCUjLW4KxxhjPA,47.617219,-122.300746,.jpg"
satellite_47.58028592677936_-122.30003146149163.png,"PRa3GHcmLfmWx4woGyuSxg,47.580373,-122.299802,.jpg"
satellite_47.59209653507432_-122.30100434995434.png,"76q1So_e3CLz8EQeHnSm7g,47.592047,-122.301221,.jpg"
satellite_47.604235215821916_-122.33505544614917.png,"L6bRF6shG8b1psQnUsuhmA,47.604159,-122.335200,.jpg"
satellite_47.55961736226319_-122.31365189996956.png,"VMxal-qOm0_b0DuaS4upoQ,47.559694,-122.313437,.jpg"
satellite_47.564866521505394_-122.29662635187213.png,"qPh19RODWRP_P7lsYvo1Vw,47.564965,-122.296724,.jpg"
satellite_47.594393042242785_-122.29905857302892.png,"TQTF2Tj-n2pvAsAqIOScwQ,47.594428,-122.299069,.jpg"
satellite_47.595705332053335_-122.33408255768646.png,"JEINEXqtWUyYN2XDBEO1fg,47.595631,-122.334107,.jpg"
satellite_47.60095449129554_-122.31267901150684.png,"jiZdLmFjAr06uFtgcGA83g,47.601099,-122.312914,.jpg"
satellite_47.57142797055815_-122.2873839114764.png,"Hrx8_ctE8Ht5sQytyg3kSw,47.571582,-122.287549,.jpg"
satellite_47.60095449129554_-122.3335961134551.png,"qOyBGWKdfTesSuOcQnni2Q,47.601089,-122.333538,.jpg"
satellite_47.61899847619061_-122.30489590380517.png,"d7LeeOCwr1f8HHpef9smSA,47.618999,-122.304777,.jpg"
satellite_47.57503676753716_-122.31267901150684.png,"dk6bafww8c7DEl7k3YLVRg,47.575123,-122.312470,.jpg"
satellite_47.62031076600116_-122.30100434995434.png,"L_JTiHdtnltLsXVjToZHSg,47.620412,-122.301208,.jpg"
satellite_47.61965462109588_-122.32629944998479.png,"LVVAaTuWj_6JLBrT1s7QZw,47.619621,-122.326109,.jpg"
satellite_47.618342331285334_-122.29565346340944.png,"fvUiGNb8k2nvaxmBq04jMw,47.618465,-122.295488,.jpg"
satellite_47.577005202252984_-122.33651477884322.png,"l6viK6YYGp0FsDXv8-pUmw,47.576993,-122.336716,.jpg"
satellite_47.603250998464_-122.32727233844749.png,"ZExXb1RMYqtXbo1ShpliYw,47.603404,-122.327379,.jpg"
satellite_47.596689549411245_-122.31608412112634.png,"AOv0xnQnWRw8dK-m4a64AA,47.596622,-122.315891,.jpg"
satellite_47.5727402603687_-122.31462478843227.png,"xhA9l36ZG8_vahrU9zgizQ,47.572613,-122.314819,.jpg"
satellite_47.61735811392742_-122.2961399076408.png,"AbPfUjikDBg0DBhPIEEwZw,47.617428,-122.296183,.jpg"
satellite_47.61178088223258_-122.33797411153729.png,"xT4HU5EKi8zkH7BbdvS3lA,47.611632,-122.338038,.jpg"
satellite_47.606531722990375_-122.33310966922375.png,"kNZ6kahEn3E_uQZLpnQ7xA,47.606511,-122.333268,.jpg"
satellite_47.59078424526377_-122.32921811537291.png,"nQ7IZ2cBNC9I84e7yKap5g,47.590799,-122.329043,.jpg"
satellite_47.57109989810551_-122.28787035570775.png,"lA8lHpe2KVacYuYWL-joxA,47.571123,-122.287768,.jpg"
satellite_47.57930170942145_-122.33505544614917.png,"vFG8ETrMAxc0_wXAR7Pgsg,47.579334,-122.335091,.jpg"
satellite_47.618014258832694_-122.29127546532725.png,"Wc_rwM5tcT0ZTvYZDfouhg,47.618025,-122.291294,.jpg"
satellite_47.59865798412707_-122.32192145190258.png,"46zBesVI7HneemLXp1xn6w,47.598643,-122.321713,.jpg"
satellite_47.58094207168464_-122.31024679035008.png,"Lls24IxNDb8cUy7YLXRKgA,47.581039,-122.310139,.jpg"
satellite_47.59340882488487_-122.28884324417047.png,"OhfXPfSsdewXfwOYPr2v6Q,47.593432,-122.289007,.jpg"
satellite_47.60095449129554_-122.33408255768646.png,"hqaOE9Jgj2V0lg4IKr6xIw,47.600911,-122.334131,.jpg"
satellite_47.604235215821916_-122.29224835378994.png,"CXy0VXOQpFYsyNkrYsQD7w,47.604203,-122.292249,.jpg"
satellite_47.58159821658992_-122.29419413071537.png,"N4ocC5wJGOth3jWTcVa0jw,47.581504,-122.294165,.jpg"
satellite_47.61440546185368_-122.32970455960427.png,"N7f2ttuIs7UqX1DN2PhuZQ,47.614348,-122.329749,.jpg"
satellite_47.598001839221794_-122.31267901150684.png,"g1vKogTZBq6RGlj76Zo9TQ,47.597868,-122.312761,.jpg"
satellite_47.60161063620081_-122.29370768648401.png,"40m1h3OGMoacG_G73bF9gA,47.601532,-122.293747,.jpg"
satellite_47.60259485355873_-122.30440945957382.png,"HCPB6wvLp9xiQg0ftq3sIQ,47.602511,-122.304419,.jpg"
satellite_47.56224194188429_-122.2873839114764.png,"up2bonCzIgc3PS21jmEgLg,47.562116,-122.287624,.jpg"
satellite_47.59964220148498_-122.32629944998479.png,"AYu4L4VD0K91jrZfFp1sYA,47.599635,-122.326410,.jpg"
satellite_47.56716302867385_-122.29711279610349.png,"oQPEbrIvbwXisNSAQESVQQ,47.567237,-122.297186,.jpg"
satellite_47.59997027393762_-122.33067744806698.png,"GkV6pXI_rBBJPqBgEFn2oQ,47.600011,-122.330478,.jpg"
satellite_47.57044375320023_-122.33262322499239.png,"rWnFuExOoqsG7CH75--_vw,47.570401,-122.332684,.jpg"
satellite_47.596689549411245_-122.29857212879756.png,"7Kx_bVRIaYI0JEcX988rXQ,47.596777,-122.298731,.jpg"
satellite_47.597017621863884_-122.31754345382039.png,"sNPf0kw2bHHr6zqLU7tW6g,47.596935,-122.317563,.jpg"
satellite_47.57241218791606_-122.29565346340944.png,"MnqWAVBMLy5Q2nd2zEbrcg,47.572400,-122.295507,.jpg"
satellite_47.61998269354852_-122.33213678076103.png,"B6CUK7FV-qkxDDS3Aq-5NQ,47.619965,-122.332360,.jpg"
satellite_47.6206388384538_-122.32094856343988.png,"aiyGuh75XMFTsmm246boQQ,47.620692,-122.320857,.jpg"
satellite_47.617030041474784_-122.31754345382039.png,"xleI0EUvdlJRRXtMfQgG8Q,47.616972,-122.317746,.jpg"
satellite_47.61342124449577_-122.32970455960427.png,"yOUxq1WJs_giPx7EjoderA,47.613579,-122.329750,.jpg"
satellite_47.60948437506411_-122.31365189996956.png,"VsGky-uTr5qCRfo9JxVALA,47.609646,-122.313493,.jpg"
satellite_47.59308075243223_-122.33310966922375.png,"hrYnZ1svU26aH_CSfCusiA,47.593135,-122.333255,.jpg"
satellite_47.61735811392742_-122.29468057494672.png,"HCzOpQqZYMnkR508Bah_TQ,47.617270,-122.294845,.jpg"
satellite_47.57733327470562_-122.3131654557382.png,"hx40PGhGsaPCHH76Iwgubg,47.577261,-122.313393,.jpg"
satellite_47.62031076600116_-122.30538234803653.png,"7Bp1O4Uzg7PbLC6vCGSuwg,47.620214,-122.305398,.jpg"
satellite_47.585863158474204_-122.31657056535768.png,"e2ftOjlRxcv8fHQtK-kTww,47.585887,-122.316634,.jpg"
satellite_47.58914388300058_-122.31754345382039.png,"9EQf2BK1fK7obzkzgGwAtQ,47.589228,-122.317319,.jpg"
satellite_47.61014051996939_-122.30586879226789.png,"BLxm3RjcCmfZoKobvbkSnA,47.610048,-122.305926,.jpg"
satellite_47.60915630261148_-122.33019100383562.png,"RiVrtwuktHtsR5jBr8ZaBQ,47.609283,-122.330028,.jpg"
satellite_47.61965462109588_-122.28787035570775.png,"lN_SUrtRs2Qo3uSkVRV_sw,47.619705,-122.287984,.jpg"
satellite_47.58487894111629_-122.29516701917808.png,"Z4_hpmsP-VW2_9biVoGo9g,47.584811,-122.295120,.jpg"
satellite_47.59832991167443_-122.31948923074582.png,"9lFkMnUdYmWhssE77meVcA,47.598398,-122.319670,.jpg"
satellite_47.607187867895654_-122.30538234803653.png,"a8bMcszOLTXL9684tPzjsg,47.607172,-122.305278,.jpg"
satellite_47.61145280977994_-122.32775878267884.png,"g2i5_Jxx4hF7kx1dwaguhg,47.611500,-122.327899,.jpg"
satellite_47.61014051996939_-122.30635523649924.png,"i0KLrijOdoeYl6RAydGpHQ,47.610213,-122.306324,.jpg"
satellite_47.61998269354852_-122.30878745765601.png,"1JK_-6KQw6STgK3KFgbuvA,47.620085,-122.308650,.jpg"
satellite_47.59931412903235_-122.29127546532725.png,"X-PR3iO3f_zskbtc99--VA,47.599295,-122.291518,.jpg"
satellite_47.618014258832694_-122.33116389229833.png,"jmXW6FCPoVOafUUHJbUOoQ,47.618006,-122.331349,.jpg"
satellite_47.617686186380055_-122.28787035570775.png,"5Ec6m8iODdOupZJi_zMXAw,47.617670,-122.287791,.jpg"
satellite_47.6111247373273_-122.33602833461188.png,"LTYwK_kzwWYFZDjcnKspXg,47.611174,-122.336091,.jpg"
satellite_47.62096691090643_-122.33213678076103.png,"kyvtJZzXNCxbg5xBBllPqQ,47.620804,-122.331902,.jpg"
satellite_47.59931412903235_-122.29322124225266.png,"7CUBVxv7z6PxpZyrnF4xGg,47.599206,-122.293159,.jpg"
satellite_47.617030041474784_-122.30927390188737.png,"n5fFkkNpfy2NMXG7UTam1Q,47.617008,-122.309511,.jpg"
satellite_47.61965462109588_-122.3078145691933.png,"rYpXqwZzud9t55W7hiaJOw,47.619662,-122.307598,.jpg"
satellite_47.55896121735791_-122.32192145190258.png,"NWNgkMIuNjkckP-twh7jEQ,47.559055,-122.321779,.jpg"
satellite_47.565850738863304_-122.31608412112634.png,"COYXFyAUuGDkUi2KnIekLg,47.565718,-122.315993,.jpg"
satellite_47.57142797055815_-122.31170612304413.png,"54BerJHWhfqEXmOgUztNlQ,47.571299,-122.311815,.jpg"
satellite_47.58881581054794_-122.2927347980213.png,"kZtQDw_Ip8oEyj5XWOCw0g,47.588795,-122.292588,.jpg"
satellite_47.561913869431656_-122.32338078459665.png,"4qq_CxGeRxctJNsw0y5LrQ,47.561893,-122.323141,.jpg"
satellite_47.59242460752696_-122.31170612304413.png,"LnoLAueMgfLUgehxWytKVw,47.592342,-122.311805,.jpg"
satellite_47.56125772452638_-122.30489590380517.png,"b92imY2F8B3O1o2Bmsxdog,47.561198,-122.304689,.jpg"
satellite_47.55928928981055_-122.31413834420091.png,"QsiLZGv1HPGu5Y__AW0rMA,47.559130,-122.314175,.jpg"
satellite_47.61145280977994_-122.32435367305936.png,"BQX0MmUb5LuNsTAMoTHE_w,47.611591,-122.324449,.jpg"
satellite_47.58028592677936_-122.3034365711111.png,"FlAYsyXPIr-QMgBHPqkOyg,47.580255,-122.303312,.jpg"
satellite_47.60029834639026_-122.31705700958904.png,"_gC49_qz_HPLrrk6W4i9_A,47.600170,-122.317282,.jpg"
satellite_47.618014258832694_-122.3335961134551.png,"PiDRjqpugryLWmGinv8I-g,47.618010,-122.333562,.jpg"
satellite_47.605875578085104_-122.32629944998479.png,"ERcMAAhDSXlLr5Qj1ZFrhw,47.605986,-122.326119,.jpg"
satellite_47.596361476958606_-122.30440945957382.png,"zIy_3sB-y9_A8VseNE5NVQ,47.596434,-122.304366,.jpg"
satellite_47.61276509959049_-122.29370768648401.png,"0hFlrcfK1NmXQ9d1XbhufA,47.612815,-122.293667,.jpg"
satellite_47.57864556451617_-122.32532656152208.png,"KfWneL1DIGQuVn238am6qg,47.578572,-122.325192,.jpg"
satellite_47.58094207168464_-122.33067744806698.png,"qbNFIkoI1Enc5w2MhNt1eQ,47.581018,-122.330503,.jpg"
satellite_47.61506160675896_-122.30489590380517.png,"ueLyH1vce4KPBFikndBnqw,47.614933,-122.304893,.jpg"
satellite_47.605547505632465_-122.33213678076103.png,"cbJoRn3MnKUeouHxLfHsXg,47.605387,-122.332364,.jpg"
satellite_47.59931412903235_-122.30538234803653.png,"ock98S64otJlMsQARRCM_Q,47.599245,-122.305510,.jpg"
satellite_47.60226678110609_-122.33116389229833.png,"D4AbdQRwLltBZ9iiMP4Hgw,47.602313,-122.330963,.jpg"
satellite_47.6206388384538_-122.30051790572298.png,"haI_VCQ4BiFnACUG2zgWhg,47.620478,-122.300669,.jpg"
satellite_47.57667712980035_-122.3078145691933.png,"4CYL8fTZ5yhuoVwlxi5r0w,47.576744,-122.307969,.jpg"
satellite_47.575692912442435_-122.31462478843227.png,"Q4_EBmzSfBrqbaeimol6-g,47.575626,-122.314708,.jpg"
satellite_47.588159665642664_-122.33797411153729.png,"YFH9syK2CrNv4iaNMcnmjw,47.588049,-122.338123,.jpg"
satellite_47.56617881131594_-122.31462478843227.png,"Rl72feRgnTmK5j3N-gacCg,47.566015,-122.314735,.jpg"
satellite_47.56749110112649_-122.30684168073059.png,"2h4nW-Co4oRpM0TwYPvR6g,47.567408,-122.306996,.jpg"
satellite_47.598001839221794_-122.32046211920853.png,"7mQDNuXOY_1qwtXEzhrGGg,47.597912,-122.320377,.jpg"
satellite_47.61604582411687_-122.29030257686453.png,"t94n8ZLhVHBNRGMmr8QWcA,47.616057,-122.290296,.jpg"
satellite_47.574052550179246_-122.33310966922375.png,"nTbLO9MKsS1ZWYPhItbQgA,47.574041,-122.333270,.jpg"
satellite_47.565522666410665_-122.29078902109589.png,"2EhI7CKUcRAU52x2QaYQ2w,47.565534,-122.290911,.jpg"
satellite_47.57634905734771_-122.28787035570775.png,"JL3mrEb11_Vt_SGcyK3YRQ,47.576325,-122.287721,.jpg"
satellite_47.57372447772661_-122.31024679035008.png,"Kdm0FkRdO6PSjI2WUgWSvA,47.573789,-122.310262,.jpg"
satellite_47.585863158474204_-122.30538234803653.png,"IhvdF0MHAymTVh2dAGDkwg,47.585932,-122.305542,.jpg"
satellite_47.56716302867385_-122.31121967881279.png,"ipgM0fby9Q0V0l38XBa8Fg,47.567312,-122.311091,.jpg"
satellite_47.57208411546342_-122.30197723841704.png,"e3ZjktL354d86DaNDtkWgw,47.571935,-122.301846,.jpg"
satellite_47.574380622631885_-122.31219256727549.png,"FJQtB5m8DLngWMqrbs_mBw,47.574306,-122.312432,.jpg"
satellite_47.60259485355873_-122.29419413071537.png,"Gv1OWwiLRUKN4sWIjv9xvw,47.602755,-122.294391,.jpg"
satellite_47.57503676753716_-122.32921811537291.png,"2k7TLLpOO2l2vh2RBrTqfQ,47.575087,-122.329016,.jpg"
satellite_47.59012810035849_-122.30586879226789.png,"68Fx1EmFT6OTypE1wKICkQ,47.589988,-122.305779,.jpg"
satellite_47.59964220148498_-122.3078145691933.png,"gToZD0h6A2t5dHQvUtI3ng,47.599697,-122.307695,.jpg"
satellite_47.617030041474784_-122.30051790572298.png,"llChkGcV8D_j_gkD8YdE5w,47.617130,-122.300745,.jpg"
satellite_47.605875578085104_-122.32921811537291.png,"rhzXj1Mm8sqTaTczQDEwCA,47.606004,-122.329327,.jpg"
satellite_47.59734569431652_-122.30684168073059.png,"QBG6hCmsYGD5Vfq9Xniq2g,47.597473,-122.307060,.jpg"
satellite_47.61473353430632_-122.2980856845662.png,"dSpsFjF42aQN4SKiwgnJGg,47.614804,-122.298154,.jpg"
satellite_47.59898605657971_-122.31559767689498.png,"vMxDLGukQdiBUMc4ngekjQ,47.599147,-122.315702,.jpg"
satellite_47.59242460752696_-122.28884324417047.png,"d2Lw-W7wvzfkOED8SlF1SQ,47.592441,-122.289040,.jpg"
satellite_47.608172085253564_-122.30003146149163.png,"ljxs-DCai9yv5botrj-kNw,47.608230,-122.300165,.jpg"
satellite_47.604235215821916_-122.3185163422831.png,"5wEfBgKS6X8qrBIKHdb2ZQ,47.604364,-122.318325,.jpg"
satellite_47.56617881131594_-122.29711279610349.png,"qduwzHZUcmmW8e-l2r-jCA,47.566218,-122.297078,.jpg"
satellite_47.59767376676916_-122.30003146149163.png,"ePGXw_FqCVATZaiBz3oXGA,47.597664,-122.299955,.jpg"
satellite_47.59832991167443_-122.32143500767124.png,"fsPcMot-OQ7gjA69uLzaTA,47.598317,-122.321210,.jpg"
satellite_47.585863158474204_-122.32143500767124.png,"5rnnRt5LxxQLsbAtU_P8AQ,47.585780,-122.321406,.jpg"
satellite_47.57733327470562_-122.3024636826484.png,"ypKBvQnls4oBfAzJ23-pDQ,47.577229,-122.302333,.jpg"
satellite_47.58225436149519_-122.31024679035008.png,"toapGv_BUd1He6H6QxK4Tg,47.582388,-122.310152,.jpg"
satellite_47.597017621863884_-122.32386722882801.png,"ocl0kjSIAGfmQd9Ugepqvg,47.597151,-122.323974,.jpg"
satellite_47.597017621863884_-122.29711279610349.png,"TsrhmDayHZI8NPOhpMncDQ,47.596939,-122.296898,.jpg"
satellite_47.615717751664235_-122.33505544614917.png,"FKW3oNN3ApVdR11F6oj4Fg,47.615872,-122.334903,.jpg"
satellite_47.60751594034829_-122.31948923074582.png,"0XcawAVJFXuo23eVYy2q2Q,47.607678,-122.319584,.jpg"
satellite_47.58783159319003_-122.32143500767124.png,"z3llXe658BgI8Rfk08Ubiw,47.587722,-122.321320,.jpg"
satellite_47.5606015796211_-122.2873839114764.png,"6xPi147Y4pDm32cKipIkjw,47.560689,-122.287565,.jpg"
satellite_47.61276509959049_-122.2927347980213.png,"zbZ9yrK7xDx12hioT1HJ9Q,47.612926,-122.292850,.jpg"
satellite_47.57109989810551_-122.32240789613394.png,"2lzeGI9_WhoAyB_Ufz123A,47.571102,-122.322480,.jpg"
satellite_47.59373689733751_-122.31754345382039.png,"AttwuxJic3a4uvxUYQ9dOg,47.593706,-122.317318,.jpg"
satellite_47.61178088223258_-122.29370768648401.png,"Se6RpuHwhm5-D4sC4c2SPQ,47.611664,-122.293824,.jpg"
satellite_47.59144039016904_-122.29711279610349.png,"YX_VKdwj0J0Ox0meF-KjTQ,47.591278,-122.296933,.jpg"
satellite_47.61079666487467_-122.2961399076408.png,"MyyU9xJvdFC-wIP9KI4XYQ,47.610749,-122.296205,.jpg"
satellite_47.60390714336928_-122.30489590380517.png,"iBEe1D6pu5wxx8yIgx3XDA,47.604023,-122.305073,.jpg"
satellite_47.604235215821916_-122.32094856343988.png,"Wl8LFlczI_zHJXN1lzVLzg,47.604078,-122.320847,.jpg"
satellite_47.5606015796211_-122.31024679035008.png,"7gS5AKQnXJMUFOrzUrE7PA,47.560502,-122.310422,.jpg"
satellite_47.61998269354852_-122.31608412112634.png,"5jPdy1fkTVEfq_fsXnwP3g,47.619962,-122.316044,.jpg"
satellite_47.59111231771641_-122.30635523649924.png,"09LohPIpiqFJykjoqq9O8g,47.591226,-122.306293,.jpg"
satellite_47.618342331285334_-122.31705700958904.png,"T_l1Fn8tikCGjyqZCzdACw,47.618316,-122.316883,.jpg"
satellite_47.62096691090643_-122.3034365711111.png,"WPw9qmjPPQOB3VGa9eUxnw,47.620814,-122.303631,.jpg"
satellite_47.607844012800925_-122.32143500767124.png,"M2WHkQdnpjukofm2takjlQ,47.607707,-122.321624,.jpg"
satellite_47.586519303379475_-122.32094856343988.png,"SgYWuIz0aocZpYpWRrkhhg,47.586404,-122.321029,.jpg"
satellite_47.606859795443015_-122.32435367305936.png,"VIrOHDtbu1dQlz8lzQkThA,47.606776,-122.324323,.jpg"
satellite_47.60357907091664_-122.29565346340944.png,"3Jsl-N_yVWdKPZPu-GVFfw,47.603554,-122.295587,.jpg"
satellite_47.606203650537736_-122.33262322499239.png,"hhun3n5LQ1aBnJqyDNCn_w,47.606339,-122.332452,.jpg"
satellite_47.61407738940105_-122.32338078459665.png,"EqRoCfsHBPbsGTfzWvplzg,47.614127,-122.323584,.jpg"
satellite_47.60489136072719_-122.32921811537291.png,"ldIyTZXeEhli00JpdZl5bA,47.604784,-122.328980,.jpg"
satellite_47.61079666487467_-122.33019100383562.png,"z3RZQJCboNjUHFkgsKKQTg,47.610845,-122.329974,.jpg"
satellite_47.58947195545322_-122.29905857302892.png,"JkYW87ziJKpCKvDk0-dxqQ,47.589426,-122.299070,.jpg"
satellite_47.56125772452638_-122.29565346340944.png,"OwXY2DE-OIIwxvmk-1bGWA,47.561192,-122.295880,.jpg"
satellite_47.618342331285334_-122.30440945957382.png,"inrIDbdGr693lU3I5YlDqw,47.618267,-122.304446,.jpg"
satellite_47.58028592677936_-122.28835679993911.png,"fVFsGVvs56dKp7UILY8ORA,47.580221,-122.288182,.jpg"
satellite_47.586519303379475_-122.32921811537291.png,"O1XqDeKvB0GQ4RE33x4jTg,47.586593,-122.329049,.jpg"
satellite_47.596033404505974_-122.30684168073059.png,"HaZAGYD6WmPfPjzV2RPyvg,47.595886,-122.306676,.jpg"
satellite_47.62096691090643_-122.33408255768646.png,"DgGsdz_HgUG3rQnciMlBjw,47.620858,-122.334211,.jpg"
satellite_47.59308075243223_-122.30295012687975.png,"U6RofxOooQEiQvCyjm_S0g,47.593093,-122.303099,.jpg"
satellite_47.57831749206354_-122.2927347980213.png,"g8M6oPCoZL1Vuj3uv1WGow,47.578371,-122.292726,.jpg"
satellite_47.57897363696881_-122.31462478843227.png,"32A67sku2LTkxXLCgB4Hhg,47.578864,-122.314680,.jpg"
satellite_47.62031076600116_-122.31997567497717.png,"eFUUA-YeiMvVTmTREs6xMw,47.620261,-122.319761,.jpg"
satellite_47.595377259600696_-122.30197723841704.png,"HMK0RTK6yoIx1TxSsZOZ8Q,47.595383,-122.302180,.jpg"
satellite_47.586847375832114_-122.29759924033485.png,"m5KliN6Um2X7fn_BZo_Fbg,47.586908,-122.297630,.jpg"
satellite_47.604235215821916_-122.29176190955859.png,"hXLvZJkGY3p3dwymHLpm3w,47.604200,-122.291841,.jpg"
satellite_47.586519303379475_-122.29322124225266.png,"sFaVMxMun1iqiYCotq8TjA,47.586527,-122.293081,.jpg"
satellite_47.605219433179826_-122.33019100383562.png,"qZWSLSSH2EdwmtpeakXdnA,47.605181,-122.330400,.jpg"
satellite_47.573068332821336_-122.30392301534246.png,"vUCo8M_plTJ4lL9MA2M3fg,47.573087,-122.303815,.jpg"
satellite_47.59832991167443_-122.32386722882801.png,"BjwFdGQAC6f3wsMUvqTSUg,47.598341,-122.323931,.jpg"
satellite_47.61079666487467_-122.33505544614917.png,"B-3uo0O1E4wkHGWPtcvWvQ,47.610881,-122.335112,.jpg"
satellite_47.61998269354852_-122.29857212879756.png,"y2AUyGfQavxACyWVbpznrg,47.620061,-122.298603,.jpg"
satellite_47.61735811392742_-122.30392301534246.png,"tlvQFoKgGUo5r_AiGDa0zw,47.617483,-122.303750,.jpg"
satellite_47.56224194188429_-122.29516701917808.png,"QKCJRJHvmxpRNnqOMbnboA,47.562087,-122.295326,.jpg"
satellite_47.61243702713786_-122.31802989805175.png,"LcOOMhtrymXe1TUg0QJtHg,47.612528,-122.318141,.jpg"
satellite_47.58356665130574_-122.30878745765601.png,"ddJqxgxCMmydeB7Xn37k7Q,47.583679,-122.308666,.jpg"
satellite_47.596689549411245_-122.32143500767124.png,"UbcnRBoi0jU5YtiYVrDIxA,47.596572,-122.321470,.jpg"
satellite_47.580613999232_-122.31900278651446.png,"WGgvYRf5fflU2DQ26qL8Vg,47.580663,-122.319122,.jpg"
satellite_47.60456328827455_-122.32678589421613.png,"Rm4nC7C3cP8FRo4bDlEB-A,47.604653,-122.326778,.jpg"
satellite_47.59734569431652_-122.32192145190258.png,"hkAK5cWDsVjhrdq2EfD13Q,47.597504,-122.322137,.jpg"
satellite_47.60095449129554_-122.30976034611872.png,"gdGlS6muObuKtcXxy61cpg,47.600844,-122.309946,.jpg"
satellite_47.60915630261148_-122.31948923074582.png,"xY8JvpwP26JYaxTYn-Beuw,47.609226,-122.319602,.jpg"
satellite_47.61178088223258_-122.28884324417047.png,"r7zeryyKe-YizTBjfXR9cg,47.611622,-122.288687,.jpg"
satellite_47.608172085253564_-122.31121967881279.png,"x7NjUgW753uBU2C7GbC5VQ,47.608013,-122.311226,.jpg"
satellite_47.606203650537736_-122.29030257686453.png,"zsR63r_lScM-DYO-06GAMg,47.606297,-122.290515,.jpg"
satellite_47.55896121735791_-122.28835679993911.png,"GQ9E0amkdn1JY9f7Zp8p8g,47.558816,-122.288234,.jpg"
satellite_47.6006264188429_-122.33116389229833.png,"vlpH0fH5US78NLwTWMUNoA,47.600678,-122.331043,.jpg"
satellite_47.57864556451617_-122.29176190955859.png,"GsuyMiyr6Mjd-YmHClID5g,47.578737,-122.291946,.jpg"
satellite_47.61014051996939_-122.30003146149163.png,"cwPmFStry-rITHqXH4P4Fw,47.610012,-122.300261,.jpg"
satellite_47.57995785432673_-122.3034365711111.png,"-SQG4OyHmqaUKmC48zaxmg,47.579850,-122.303312,.jpg"
satellite_47.57175604301079_-122.32094856343988.png,"xXjXxxerNw_TLeJmM-29zw,47.571760,-122.321030,.jpg"
satellite_47.607187867895654_-122.30440945957382.png,"JXiNk3PbMVygrb4hQ0g5fg,47.607171,-122.304551,.jpg"
satellite_47.607187867895654_-122.32338078459665.png,"1P_tYkRJjf_endIhdcVOlA,47.607077,-122.323486,.jpg"
satellite_47.607844012800925_-122.33602833461188.png,"kUph9apeNf22SrJJGIFTLQ,47.608007,-122.336238,.jpg"
satellite_47.596033404505974_-122.30538234803653.png,"nG5X85VdRNveaTknCzRF1g,47.595926,-122.305148,.jpg"
satellite_47.616373896569506_-122.33456900191781.png,"q6w7BoWxCmurSza-4ZO3jA,47.616408,-122.334796,.jpg"
satellite_47.60095449129554_-122.33310966922375.png,"LHbkUT_7uynItAo8EqOI6A,47.600986,-122.332927,.jpg"
satellite_47.57995785432673_-122.30976034611872.png,"e4GlCV7dczmETcpShJ0eeA,47.579833,-122.309804,.jpg"
satellite_47.61014051996939_-122.33116389229833.png,"XJsjCr1jq7CPWQRSsfqoDg,47.610079,-122.331118,.jpg"
satellite_47.616701969022145_-122.30149079418568.png,"aMy7AC4pjWBVs5Dg-Ap3vA,47.616844,-122.301395,.jpg"
satellite_47.606531722990375_-122.32338078459665.png,"hMjKsT5TY8DlmyW_j07L6Q,47.606536,-122.323349,.jpg"
satellite_47.58291050640047_-122.31413834420091.png,"8Wp3AA0GuhhQrO_JoNS6Tw,47.582980,-122.314056,.jpg"
satellite_47.585863158474204_-122.31462478843227.png,"sjFwXa8F04Tb4dDmib4oyw,47.585758,-122.314715,.jpg"
satellite_47.58225436149519_-122.31608412112634.png,"N3V9bfTyFY2Cp8xtgoUcEw,47.582181,-122.316145,.jpg"
satellite_47.598001839221794_-122.29419413071537.png,"-W3aBYvXjZQxt7Lpf93SfA,47.598022,-122.294246,.jpg"
satellite_47.60161063620081_-122.32921811537291.png,"AILlaLmopSZuz48tZMrj2g,47.601703,-122.329374,.jpg"
satellite_47.57241218791606_-122.29662635187213.png,"o-3tJQAORjrUclnPgVs8EQ,47.572253,-122.296721,.jpg"
satellite_47.58881581054794_-122.33310966922375.png,"44v90tqRL68efpFCPgt1Bw,47.588697,-122.333054,.jpg"
satellite_47.60357907091664_-122.31754345382039.png,"ARuJbTte7CzKgWcgdX50nQ,47.603519,-122.317424,.jpg"
satellite_47.586519303379475_-122.28981613263318.png,"NyJQ062F3SZHZ-APeINHmA,47.586467,-122.289677,.jpg"
satellite_47.56617881131594_-122.32970455960427.png,"VvabdQaW4DEgwbMTr-Xr1w,47.566215,-122.329649,.jpg"
satellite_47.59144039016904_-122.30149079418568.png,"C2Opx28kPNVK577d60NUBw,47.591506,-122.301315,.jpg"
satellite_47.598001839221794_-122.32094856343988.png,"apf4cGY4zTI-S1O9w6-3lg,47.598130,-122.320746,.jpg"
satellite_47.56847531848441_-122.33602833461188.png,"8tkzSJhIXX6m4iUt-1JM3Q,47.568404,-122.335822,.jpg"
satellite_47.56224194188429_-122.29419413071537.png,"gndj942XAixGFwWXYvRXSw,47.562136,-122.294045,.jpg"
satellite_47.61374931694841_-122.29662635187213.png,"04nSDUwjJBbfwZVt3GGdhw,47.613649,-122.296864,.jpg"
satellite_47.616701969022145_-122.29127546532725.png,"2M1DZMw88g7rvTdHKGPlRw,47.616798,-122.291329,.jpg"
satellite_47.59964220148498_-122.29370768648401.png,"eig4xHobL2TNEVFI-Hxvcg,47.599581,-122.293811,.jpg"
satellite_47.615389679211596_-122.30489590380517.png,"1XWS9Iu8YXoYzfRSXpct5Q,47.615410,-122.304893,.jpg"
satellite_47.60882823015884_-122.32143500767124.png,"j5pGuRfuHxkqDwfyEZC1Qg,47.608679,-122.321193,.jpg"
satellite_47.5779894196109_-122.31462478843227.png,"CDiZ185rV3xZZ_LqZy7a0A,47.577857,-122.314690,.jpg"
satellite_47.60357907091664_-122.30732812496194.png,"47Ns3o12DmTJTkUf_Z_HVw,47.603520,-122.307369,.jpg"
satellite_47.575364839989795_-122.29322124225266.png,"ZeBSfCru7xv_XIQ63OpKxg,47.575443,-122.293026,.jpg"
satellite_47.59734569431652_-122.32435367305936.png,"flJ3YCA8n9x-io5duwyqow,47.597496,-122.324402,.jpg"
satellite_47.60489136072719_-122.31948923074582.png,"5Gm-olvzw8M8PCCT-12jTQ,47.604949,-122.319408,.jpg"
satellite_47.608172085253564_-122.29030257686453.png,"IAX8yAA3wTWACPsu6RHv0w,47.608316,-122.290479,.jpg"
satellite_47.61210895468522_-122.32094856343988.png,"ylDZCtFvqR-3TEORJTBLPw,47.611953,-122.320855,.jpg"
satellite_47.57142797055815_-122.31121967881279.png,"7jdLc5M0dKw6zFuw-fzaWA,47.571482,-122.311078,.jpg"
satellite_47.597017621863884_-122.32094856343988.png,"aZSKwm07ukgfV96CFm0WDw,47.597007,-122.320913,.jpg"
satellite_47.617030041474784_-122.31024679035008.png,"pSBy3EU7DOggd4wLpls_2Q,47.617010,-122.310482,.jpg"
satellite_47.59045617281113_-122.32873167114155.png,"TTesK68D5BIQldlFfQReRw,47.590454,-122.328962,.jpg"
satellite_47.59472111469542_-122.31121967881279.png,"AlAXMKESgAPlbAHHZyKdyQ,47.594791,-122.311388,.jpg"
satellite_47.57077182565287_-122.3228943403653.png,"J91b6v-fz9JFVUd86pNn5g,47.570690,-122.323072,.jpg"
satellite_47.5779894196109_-122.31657056535768.png,"WV7q4Henh4qsZvOaE3_5lQ,47.578128,-122.316689,.jpg"
satellite_47.59111231771641_-122.33602833461188.png,"P_hYzGz94Ngk85JzSXZx0g,47.591209,-122.335972,.jpg"
satellite_47.57503676753716_-122.30392301534246.png,"TYnKERCMK2GRjYIlbaIV7g,47.575088,-122.303854,.jpg"
satellite_47.61079666487467_-122.31170612304413.png,"N6Fr3BlR7JAhQ0XpVvTxIQ,47.610850,-122.311510,.jpg"
satellite_47.59111231771641_-122.31413834420091.png,"aWwxWXGapw_-2itooQgZsQ,47.590953,-122.314086,.jpg"
satellite_47.58717544828475_-122.30003146149163.png,"0Osl_6LqyZ31M33bACcKzA,47.587308,-122.300182,.jpg"
satellite_47.60193870865345_-122.30003146149163.png,"sgFYTe41h8opYRd_zjrCRA,47.601863,-122.300005,.jpg"
satellite_47.615717751664235_-122.32727233844749.png,"52DkivaAAtB14gTUngnr8w,47.615661,-122.327452,.jpg"
satellite_47.604235215821916_-122.3228943403653.png,"Q5nezyh7PXLp9rxklsG1VQ,47.604387,-122.322836,.jpg"
satellite_47.57864556451617_-122.29857212879756.png,"7k0EHBr_tGdllJETRIzejQ,47.578803,-122.298522,.jpg"
satellite_47.586519303379475_-122.31024679035008.png,"Oa2teTXxE6clPj7QQPGO6g,47.586356,-122.310045,.jpg"
satellite_47.61965462109588_-122.33213678076103.png,"B90RpzTzIHx1Clp608z4Hw,47.619691,-122.332158,.jpg"
satellite_47.61998269354852_-122.3131654557382.png,"uHmR6MjYVFGVrRiGNxO20g,47.619992,-122.312953,.jpg"
satellite_47.585535086021565_-122.32775878267884.png,"Tlz7NkTUm4Mw-XcRk5_jzA,47.585420,-122.327578,.jpg"
satellite_47.606531722990375_-122.31121967881279.png,"JJ75lFjciD0y0Cw5u8KWXQ,47.606521,-122.311425,.jpg"
satellite_47.58750352073739_-122.30927390188737.png,"Rk-cscU5ymbGOCYjuSBikA,47.587364,-122.309480,.jpg"
satellite_47.60292292601136_-122.32678589421613.png,"hCTbI4syU7r3alQzmryelg,47.602804,-122.326813,.jpg"
satellite_47.61276509959049_-122.28787035570775.png,"D6eoiJ1an7vQmCHut--W3g,47.612876,-122.287731,.jpg"
satellite_47.59308075243223_-122.30295012687975.png,"1uOgmlb6S7mL6mhUNE3RNw,47.593082,-122.302846,.jpg"
satellite_47.607187867895654_-122.3228943403653.png,"EQVesWWlT7X-N3UMM8vHVw,47.607274,-122.323085,.jpg"
satellite_47.573396405273975_-122.29954501726027.png,"iJMZgNm3hzZW0CZC-kRzKQ,47.573324,-122.299356,.jpg"
satellite_47.62031076600116_-122.3228943403653.png,"3jzV1drhrmsLaSihhNceCQ,47.620255,-122.323102,.jpg"
satellite_47.61735811392742_-122.29030257686453.png,"HASVNGhZPiGcodfNg2Eneg,47.617452,-122.290253,.jpg"
satellite_47.584550868663655_-122.33310966922375.png,"WPal0tOR-qrBdE18Wzn1Rw,47.584642,-122.333235,.jpg"
satellite_47.563226159242205_-122.31802989805175.png,"bAOiseE8yMht4gYmdY_f4w,47.563224,-122.318003,.jpg"
satellite_47.56224194188429_-122.28835679993911.png,"smgRmTGMKCb7Gl5b4eELXA,47.562405,-122.288378,.jpg"
satellite_47.606203650537736_-122.32094856343988.png,"FHzkeIcgjEX9NAfo6fdxIw,47.606091,-122.321125,.jpg"
satellite_47.564210376600116_-122.29127546532725.png,"kWgf2lTAHqf8_KwXiKxbzQ,47.564125,-122.291038,.jpg"
satellite_47.58783159319003_-122.30878745765601.png,"48E9XTXBORU4h3ykO6aJrQ,47.587767,-122.309025,.jpg"
satellite_47.60029834639026_-122.31900278651446.png,"6aEa2BjWYFaPz4VEC-kOHA,47.600171,-122.319007,.jpg"
satellite_47.5727402603687_-122.3131654557382.png,"HhGfayA2llCXfA2F2q5_cA,47.572767,-122.313382,.jpg"
satellite_47.604235215821916_-122.3034365711111.png,"wrGHrdEA5BQ1shzIQIcPSA,47.604334,-122.303199,.jpg"
satellite_47.56716302867385_-122.30878745765601.png,"3XVAodBw-vTLE3Ry7cpV-w,47.567186,-122.308782,.jpg"
satellite_47.607187867895654_-122.31997567497717.png,"sETBFw5P_QrJarL_dCNhSg,47.607120,-122.320082,.jpg"
satellite_47.61276509959049_-122.29565346340944.png,"pJLwgNLyT9vVksiUHLAS7w,47.612759,-122.295426,.jpg"
satellite_47.598001839221794_-122.32386722882801.png,"3pG1udDtfNF9QPzIe6gdvA,47.598134,-122.323735,.jpg"
satellite_47.607844012800925_-122.32386722882801.png,"wo9g2D-syRcZNGzs1WW6ng,47.607719,-122.323757,.jpg"
satellite_47.616373896569506_-122.30051790572298.png,"5H1TCXJ0XermuZQtB_pvdg,47.616481,-122.300625,.jpg"
satellite_47.57241218791606_-122.31997567497717.png,"Tm1lrlvqqEDD6nen8RBjUw,47.572486,-122.319994,.jpg"
satellite_47.59898605657971_-122.30100434995434.png,"BXqp4ZiSdF7HSo2KtWcZQA,47.598954,-122.301186,.jpg"
satellite_47.61735811392742_-122.28932968840182.png,"vFlJtlAlaKeS0QoIKrR8oQ,47.617481,-122.289169,.jpg"
satellite_47.57864556451617_-122.33408255768646.png,"ahgkv7XlNeNlP_z49ES3uA,47.578633,-122.334176,.jpg"
satellite_47.595705332053335_-122.30635523649924.png,"iBpetdKsXRMZGzDgEFI7jA,47.595610,-122.306224,.jpg"
satellite_47.61407738940105_-122.33116389229833.png,"IrjxFXAZR97GjOwoz-uPVw,47.613993,-122.330985,.jpg"
satellite_47.59308075243223_-122.32386722882801.png,"UXygWjmjhLFlECGmDpTnQQ,47.593039,-122.323659,.jpg"
satellite_47.586847375832114_-122.32921811537291.png,"PHmPtnLv2-I1DfcOhbCFFA,47.586685,-122.329280,.jpg"
satellite_47.60259485355873_-122.31705700958904.png,"urGUAQSmow2LByO83gWoCA,47.602678,-122.316832,.jpg"
satellite_47.59111231771641_-122.30197723841704.png,"Dvr2YXOl9QQF4PeThzmd-g,47.590981,-122.302179,.jpg"
satellite_47.62129498335907_-122.29419413071537.png,"L0177NB2lYj6FgGLk2ipSw,47.621352,-122.294020,.jpg"
satellite_47.56814724603177_-122.32484011729072.png,"fKbeBt6hD2U9RhM8AGc04A,47.568046,-122.324738,.jpg"
satellite_47.59012810035849_-122.32873167114155.png,"kgfJVrBRrjkr-i0iLjX8YQ,47.590243,-122.328831,.jpg"
satellite_47.61046859242203_-122.31365189996956.png,"Qqh23bIz85wE-NLGAFYkZA,47.610385,-122.313521,.jpg"
satellite_47.56880339093704_-122.30732812496194.png,"fx1RkvYXSTMyLDCq7Qji5w,47.568807,-122.307158,.jpg"
satellite_47.616373896569506_-122.32386722882801.png,"D7quPoE2DVYPE_fKVcagfQ,47.616366,-122.323774,.jpg"
satellite_47.56519459395803_-122.30586879226789.png,"2tDtSl0QBJGo7B04mbzGmA,47.565208,-122.306068,.jpg"
satellite_47.59340882488487_-122.30635523649924.png,"_h1aETbPNQu4kowa_NvXnA,47.593439,-122.306281,.jpg"
satellite_47.61276509959049_-122.31073323458143.png,"W6CX8wdxS5GJBZdXWK-_Yg,47.612888,-122.310845,.jpg"
satellite_47.57077182565287_-122.30927390188737.png,"HJJC8OXLuUUKy-4qIu1bgQ,47.570671,-122.309462,.jpg"
satellite_47.617686186380055_-122.31413834420091.png,"kNxGyIE19RKpHZu9OzX3Dg,47.617638,-122.314360,.jpg"
satellite_47.596689549411245_-122.32484011729072.png,"Rnt10KytGXfDTEsLODXv2g,47.596601,-122.325052,.jpg"
satellite_47.58192628904255_-122.29176190955859.png,"jn0AydAtqFvyHsQuLVHUJw,47.581836,-122.291949,.jpg"
satellite_47.59242460752696_-122.29322124225266.png,"homcFnK2m41DU1vkC5cXHg,47.592356,-122.293433,.jpg"
satellite_47.616701969022145_-122.29857212879756.png,"LVLRSd-qCCCp81gHEx-0zA,47.616853,-122.298784,.jpg"
satellite_47.56847531848441_-122.33310966922375.png,"2Y_ULXDNewmMfayj9ji3fw,47.568363,-122.332999,.jpg"
satellite_47.584222796211016_-122.30440945957382.png,"KEtlBRIQe2AOrOskmwKpsQ,47.584111,-122.304266,.jpg"
satellite_47.585863158474204_-122.31608412112634.png,"ohXZCu4CSs5WDslw30Hk5A,47.585792,-122.315994,.jpg"
satellite_47.5606015796211_-122.33700122307458.png,"MJdjhHcZO8pfvsjyW54o2w,47.560535,-122.336794,.jpg"
satellite_47.57109989810551_-122.32143500767124.png,"IkSapA1aCAz9LNAPogicLQ,47.571047,-122.321436,.jpg"
satellite_47.607187867895654_-122.32873167114155.png,"pLo9Qw0qrQCKaZ7pycGFtA,47.607305,-122.328674,.jpg"
satellite_47.59308075243223_-122.32873167114155.png,"Cy_gKxrZp5hUJPJHtksnFw,47.593127,-122.328848,.jpg"
satellite_47.573068332821336_-122.31754345382039.png,"h0rSZEBwix1fIwaLfq16GQ,47.573119,-122.317642,.jpg"
satellite_47.615717751664235_-122.29370768648401.png,"Cqv28hN9Fq4t-XS9o43uAA,47.615874,-122.293573,.jpg"
satellite_47.61210895468522_-122.32873167114155.png,"JVZ8FEGSDLQx0SbFF7dNOA,47.612239,-122.328607,.jpg"
satellite_47.59964220148498_-122.30197723841704.png,"GhRffqndE_XNNCmoewG1eg,47.599693,-122.301879,.jpg"
satellite_47.616373896569506_-122.30878745765601.png,"WuOH_v6MdkIkTB7nsdjKow,47.616257,-122.308693,.jpg"
satellite_47.59931412903235_-122.32775878267884.png,"GJMkUO0fJq4rvoViBhNlbg,47.599156,-122.327658,.jpg"
satellite_47.565850738863304_-122.29565346340944.png,"9In2fJuBmSSQnZIFqqs8xg,47.565973,-122.295684,.jpg"
satellite_47.61867040373797_-122.30197723841704.png,"OwoQYh1khhV21Pah8fIFJw,47.618589,-122.301837,.jpg"
satellite_47.56125772452638_-122.30927390188737.png,"9_e2bhu5r4_sbvX7TSAmLQ,47.561155,-122.309405,.jpg"
satellite_47.59111231771641_-122.32727233844749.png,"pAFW5v55swuhBAWwHsoTPQ,47.591210,-122.327340,.jpg"
satellite_47.618342331285334_-122.32921811537291.png,"mWqUjVaPd-_2mKIAXigQvQ,47.618350,-122.329095,.jpg"
satellite_47.564866521505394_-122.31413834420091.png,"nzj7D9NUaW1T7v6AqJK5yA,47.564748,-122.314193,.jpg"
satellite_47.606203650537736_-122.33456900191781.png,"D8Ei7bAANA1N20N__9sQ_w,47.606363,-122.334676,.jpg"
satellite_47.59176846262168_-122.3024636826484.png,"Ut5CrigloRhH4PoL9q7MBw,47.591748,-122.302391,.jpg"
satellite_47.59111231771641_-122.2961399076408.png,"5lfEC8iXcDVvQTS5dqJPeg,47.591135,-122.295939,.jpg"
satellite_47.59242460752696_-122.31365189996956.png,"1y1YJWnZkjMFHBSnXPMNEg,47.592265,-122.313497,.jpg"
satellite_47.61014051996939_-122.31267901150684.png,"gYjqgkI9qMeKxXE44m41Mw,47.610116,-122.312859,.jpg"
satellite_47.57208411546342_-122.29905857302892.png,"ZGFZ2rdAhO8n2TdtShOR-Q,47.572149,-122.299160,.jpg"
satellite_47.573396405273975_-122.2873839114764.png,"b5HYg-yr8-tc9nsmiMTCiw,47.573402,-122.287568,.jpg"
satellite_47.615717751664235_-122.29468057494672.png,"TeBbWsphF43L6ykapVDdSw,47.615824,-122.294870,.jpg"
satellite_47.58127014413728_-122.30878745765601.png,"C2RFiTd01RiJaFlyNPdiFw,47.581145,-122.308850,.jpg"
satellite_47.564538449052755_-122.2961399076408.png,"PcEFk0zdrd1AJF_vXl5NMg,47.564400,-122.295998,.jpg"
satellite_47.56716302867385_-122.3228943403653.png,"EJmuFJl_GrFbylw7cLN2Gw,47.567211,-122.323112,.jpg"
satellite_47.585207013568926_-122.30392301534246.png,"dXWzApboHSfVEQppMi5mhA,47.585084,-122.303851,.jpg"
satellite_47.59504918714806_-122.31511123266363.png,"YmSP3Eq1aEVqDvuc1SyTCw,47.595061,-122.314964,.jpg"
satellite_47.59209653507432_-122.30586879226789.png,"-8zSRcX1edtXsKnMJuAymQ,47.591933,-122.305698,.jpg"
satellite_47.585863158474204_-122.31754345382039.png,"R34sLhvqQoiCHqIVKkkNtg,47.585901,-122.317304,.jpg"
satellite_47.61899847619061_-122.30538234803653.png,"VUiMtJX2PbtVLnjrOvd-rw,47.619123,-122.305437,.jpg"
satellite_47.574052550179246_-122.28787035570775.png,"C5fCYrYVAs-sVnNvFlof4A,47.573993,-122.287752,.jpg"
satellite_47.61276509959049_-122.31657056535768.png,"3sVgDtW8MiOuM4hbnSX8oA,47.612892,-122.316425,.jpg"
satellite_47.5779894196109_-122.33505544614917.png,"ZED36B5L8LEwv1-SkhZgzw,47.578066,-122.335105,.jpg"
satellite_47.605547505632465_-122.33165033652968.png,"o5liUKO38pagiooF5O-xBA,47.605628,-122.331649,.jpg"
satellite_47.57995785432673_-122.33262322499239.png,"czKTVgsZcdtOGPloZIx7OA,47.580060,-122.332477,.jpg"
satellite_47.56092965207374_-122.29322124225266.png,"yYjwzEtqTxsXZ_Re-A6Y4A,47.560814,-122.293278,.jpg"
satellite_47.598001839221794_-122.32046211920853.png,"8-BFPlnJNbzBUxOoGYok5w,47.597993,-122.320677,.jpg"
satellite_47.56257001433693_-122.28787035570775.png,"V2on6ufiqkWU9YedVtp9dw,47.562482,-122.287718,.jpg"
satellite_47.60390714336928_-122.2980856845662.png,"xKCbmL3aWh50m30luHU-sg,47.603754,-122.297880,.jpg"
satellite_47.59931412903235_-122.31754345382039.png,"boVYjyDtUnXYhExyV-qlPQ,47.599169,-122.317542,.jpg"
satellite_47.59209653507432_-122.31170612304413.png,"lVOwWIboWThJDJYWYpb1Rg,47.592091,-122.311611,.jpg"
satellite_47.607187867895654_-122.30586879226789.png,"p0HZgnOCZkviyF0rP1nvPA,47.607039,-122.305700,.jpg"
satellite_47.59242460752696_-122.32678589421613.png,"ANkR45WqHKNehqaS3kNsQg,47.592279,-122.326735,.jpg"
satellite_47.61604582411687_-122.31413834420091.png,"qmVwNscV22p1emX4_phsww,47.615912,-122.314297,.jpg"
satellite_47.594064969790146_-122.31997567497717.png,"cvPCy9i7wBsPmknb-PW2Fw,47.593922,-122.319905,.jpg"
satellite_47.61145280977994_-122.32435367305936.png,"32Kx5ic4GDYFnyR8GIg4RA,47.611543,-122.324558,.jpg"
satellite_47.61342124449577_-122.28835679993911.png,"6i5-1_hSU-JBBChVCmB0gw,47.613448,-122.288213,.jpg"
satellite_47.58094207168464_-122.30635523649924.png,"q-bCbsGgg4nbEd70__kD3g,47.580982,-122.306328,.jpg"
satellite_47.61014051996939_-122.31267901150684.png,"93J8McOfjBeJMpvxk6ZYRQ,47.610029,-122.312860,.jpg"
satellite_47.58783159319003_-122.32338078459665.png,"fgbFFxgBy0IiRLHJjR7FaQ,47.587693,-122.323486,.jpg"
satellite_47.61342124449577_-122.33067744806698.png,"cY3JXVMhgrEWShYE6LoAig,47.613418,-122.330640,.jpg"
satellite_47.59734569431652_-122.30003146149163.png,"ViNfiwe_d7FHMZw3J59Jug,47.597478,-122.299960,.jpg"
satellite_47.58947195545322_-122.29127546532725.png,"3MdYU8T6_MTeopdx7WrY4w,47.589574,-122.291384,.jpg"
satellite_47.55830507245264_-122.29224835378994.png,"ho2ZhDS7lqylKMdxKIlOFg,47.558385,-122.292036,.jpg"
satellite_47.574380622631885_-122.33019100383562.png,"1MUsaQdBG65EEoJ21LbUDw,47.574458,-122.330034,.jpg"
satellite_47.562898086789566_-122.29370768648401.png,"kE6cezZ7SRTHroqG7RGlgA,47.562974,-122.293691,.jpg"
satellite_47.57930170942145_-122.30538234803653.png,"syYOJVJsY5wqO7ZmT4ZloQ,47.579301,-122.305393,.jpg"
satellite_47.59045617281113_-122.31121967881279.png,"ve5nsxSiZDBR2SEUAhJl_w,47.590533,-122.310998,.jpg"
satellite_47.57667712980035_-122.32143500767124.png,"1H1tWaq9nAiKtjzSR51x3w,47.576819,-122.321504,.jpg"
satellite_47.61276509959049_-122.29370768648401.png,"rNxyquFHiTL9tnm78nA8QQ,47.612725,-122.293670,.jpg"
satellite_47.61309317204313_-122.30392301534246.png,"us_qFyGJ7MOpCv8srrxkVg,47.612961,-122.304116,.jpg"
satellite_47.596689549411245_-122.33262322499239.png,"MFpZexQr92Fheah4C-Q76Q,47.596596,-122.332607,.jpg"
satellite_47.56716302867385_-122.31462478843227.png,"YOSKq4aQ6Dg8-rifRikYSA,47.567096,-122.314724,.jpg"
satellite_47.56781917357913_-122.30927390188737.png,"XtWq-gcE7EvDiSQionvOrQ,47.567915,-122.309048,.jpg"
satellite_47.57766134715826_-122.31365189996956.png,"tNRyw5SKDgnIJx_eiCh1Xg,47.577755,-122.313856,.jpg"
satellite_47.57175604301079_-122.32532656152208.png,"1EioN-278eLaRK98WeADUA,47.571733,-122.325316,.jpg"
satellite_47.61079666487467_-122.31754345382039.png,"xZXRppZPNn8X2VJjQ8DV_g,47.610637,-122.317543,.jpg"
satellite_47.58389472375838_-122.30684168073059.png,"3PhudxzHLKi67MWpFQ6AQg,47.583823,-122.306890,.jpg"
satellite_47.59997027393762_-122.3034365711111.png,"43wlIuk4a6Z8sp7nkAzRqA,47.600125,-122.303294,.jpg"
satellite_47.59308075243223_-122.30149079418568.png,"v8QN-EKneTbFI3XyCX82TQ,47.593064,-122.301599,.jpg"
satellite_47.58192628904255_-122.32484011729072.png,"o1vhrlWzyqd18fErOKwU3A,47.581917,-122.324930,.jpg"
satellite_47.59045617281113_-122.30100434995434.png,"bYLF247wFenxDJAI6LhVGg,47.590460,-122.301223,.jpg"
satellite_47.585863158474204_-122.33310966922375.png,"WE0xqlLzSRH8FT31dCGY1Q,47.585760,-122.333244,.jpg"
satellite_47.60161063620081_-122.29322124225266.png,"6wCvQK4bPQj3P2ciCYM2uw,47.601664,-122.293152,.jpg"
satellite_47.617686186380055_-122.33602833461188.png,"Uo1HeO_G1Ic3dABYeA2o5g,47.617770,-122.336053,.jpg"
satellite_47.58291050640047_-122.30732812496194.png,"Ng5H_M_SbuOPJaL_-laaUg,47.582828,-122.307553,.jpg"
satellite_47.56683495622122_-122.32678589421613.png,"PtaR8FqA3-SPFxtuQYELvQ,47.566820,-122.326722,.jpg"
satellite_47.60915630261148_-122.30976034611872.png,"TMb4_8EZThPKqWo1TAef7A,47.609222,-122.309931,.jpg"
satellite_47.59931412903235_-122.31413834420091.png,"geg8n2avZlznCHgrPR3m1g,47.599464,-122.314159,.jpg"
satellite_47.56683495622122_-122.31267901150684.png,"cTYYb83RiTGWSRVc8HRXvA,47.566810,-122.312707,.jpg"
satellite_47.60259485355873_-122.33165033652968.png,"l06eDPcHao524HwxSPWYuw,47.602614,-122.331865,.jpg"
satellite_47.57995785432673_-122.33554189038053.png,"wwMQX-eLA8oONh-aYLwUUg,47.579795,-122.335619,.jpg"
satellite_47.58783159319003_-122.31997567497717.png,"4Vcl5b3Y7rDZRTTYR-ElYw,47.587746,-122.320098,.jpg"
satellite_47.605547505632465_-122.30440945957382.png,"zT9fCIzjp3F-3lCHdoI4Dg,47.605513,-122.304407,.jpg"
satellite_47.56158579697902_-122.31511123266363.png,"0ixaaBLuHx58HOsYgFbwHA,47.561699,-122.315259,.jpg"
satellite_47.596361476958606_-122.32435367305936.png,"54uLzqJsQCfsv3McQ2AyAQ,47.596271,-122.324427,.jpg"
satellite_47.61243702713786_-122.3034365711111.png,"gB5rPdCakeznZ6r1upfQYw,47.612492,-122.303671,.jpg"
satellite_47.5701156807476_-122.31121967881279.png,"xoQOk14cKO0OY-iVA_4Dgg,47.570277,-122.311358,.jpg"
satellite_47.59373689733751_-122.32873167114155.png,"8AwFRmC3ubC58kplIY8z1Q,47.593818,-122.328578,.jpg"
satellite_47.61867040373797_-122.31948923074582.png,"zJ4Bh14_L13LkCbnCqjz5w,47.618761,-122.319554,.jpg"
satellite_47.61014051996939_-122.3335961134551.png,"R4c98GpBRbzkSYNrp1TAtw,47.610225,-122.333656,.jpg"
satellite_47.58487894111629_-122.32046211920853.png,"zkdB0VSP91oqYk0Aa1WhQw,47.584941,-122.320303,.jpg"
satellite_47.598001839221794_-122.31219256727549.png,"YOd5Oxr34m9R_-PYYXdW1Q,47.597915,-122.311968,.jpg"
satellite_47.59504918714806_-122.30830101342465.png,"YB6kbEYfXrXpnywe_iZ55Q,47.594937,-122.308265,.jpg"
satellite_47.585535086021565_-122.31608412112634.png,"KJRcqXl819xaSkMfXG1JLw,47.585540,-122.316312,.jpg"
satellite_47.61473353430632_-122.30635523649924.png,"pSfc4GQA70tQchZIUVEglg,47.614684,-122.306231,.jpg"
satellite_47.57897363696881_-122.3131654557382.png,"_gIIOdie7E8M54AlxqGHXw,47.578989,-122.313391,.jpg"
satellite_47.57897363696881_-122.31608412112634.png,"J9SpgRupOvSRFxjPT-sXDg,47.578821,-122.315997,.jpg"
satellite_47.61867040373797_-122.31365189996956.png,"k5LM4IgsIKUn92PiRRppBA,47.618797,-122.313686,.jpg"
satellite_47.60751594034829_-122.31608412112634.png,"0IUoo4bVfDEkoB5d_Y0p0Q,47.607423,-122.316320,.jpg"
satellite_47.58127014413728_-122.3131654557382.png,"gIbTJqv35okI4uopBkTOlw,47.581237,-122.313382,.jpg"
satellite_47.5727402603687_-122.29905857302892.png,"X1ZKWBOEWBJ4Ugwv0D1tzQ,47.572836,-122.299251,.jpg"
satellite_47.57766134715826_-122.31267901150684.png,"TaNGZ4J6pZK1TSP5-wc8iA,47.577630,-122.312726,.jpg"
satellite_47.59308075243223_-122.32240789613394.png,"EbZW3g2aSH_fcoVxZbvJ7w,47.593008,-122.322460,.jpg"
satellite_47.58356665130574_-122.31462478843227.png,"6-Gaz7ZAvl5HzyueBR2e9A,47.583707,-122.314599,.jpg"
satellite_47.58028592677936_-122.33067744806698.png,"EpQKHgKypZRCbddZAtwF6Q,47.580192,-122.330754,.jpg"
satellite_47.58914388300058_-122.3024636826484.png,"W-Zrhqz03fJgoTBU2NfCeg,47.589218,-122.302370,.jpg"
satellite_47.5727402603687_-122.33165033652968.png,"gy1ltr-F314rNALraZfwog,47.572894,-122.331438,.jpg"
satellite_47.56388230414748_-122.29565346340944.png,"mlABFqXlmwY2F3clb3lcfw,47.563767,-122.295502,.jpg"
satellite_47.59340882488487_-122.32192145190258.png,"CdEOVlxvZZjaSaHIeLhEsg,47.593370,-122.321885,.jpg"
satellite_47.59865798412707_-122.33602833461188.png,"lmOmyHgxFzUBqm5vwQHPOg,47.598526,-122.336011,.jpg"
satellite_47.57503676753716_-122.32046211920853.png,"0tjvlBL4mMT-LTwcaStCZQ,47.575181,-122.320288,.jpg"
satellite_47.577005202252984_-122.2961399076408.png,"S2eVxk-HCGxdqJ9_h7YwOg,47.577019,-122.296237,.jpg"
satellite_47.61276509959049_-122.29759924033485.png,"jH68e644Z3s7s5_3SJCrEw,47.612876,-122.297524,.jpg"
satellite_47.608172085253564_-122.3335961134551.png,"vcX_SI9W9Sz4oKIrrfoSdg,47.608245,-122.333361,.jpg"
satellite_47.58094207168464_-122.30003146149163.png,"682brCCByl1lc-Vfo8Iedw,47.580984,-122.300175,.jpg"
satellite_47.58225436149519_-122.30197723841704.png,"eKnVYeYpNzKC6kpw_CA7Tg,47.582233,-122.301869,.jpg"
satellite_47.608172085253564_-122.33797411153729.png,"Sz0r7E66DYxng7rCUsUDig,47.608284,-122.338052,.jpg"
satellite_47.565850738863304_-122.31705700958904.png,"PJWIClO1nOVs6QdG-Zb8eg,47.566006,-122.317270,.jpg"
satellite_47.596689549411245_-122.32629944998479.png,"_R24AcaA4WwLF-9elxCVVA,47.596703,-122.326212,.jpg"
satellite_47.58881581054794_-122.33748766730594.png,"r2eE3WtRkkj42dhZMJ3gJA,47.588923,-122.337587,.jpg"
satellite_47.6111247373273_-122.32094856343988.png,"fCMsC_JMjLmpH6SfBVCawQ,47.611109,-122.321021,.jpg"
satellite_47.57175604301079_-122.31121967881279.png,"s1VnIeHSQ7pxbozxccjTZA,47.571911,-122.311091,.jpg"
satellite_47.588159665642664_-122.30830101342465.png,"el3ea8nkUf43m0EonVowSg,47.588045,-122.308416,.jpg"
satellite_47.59832991167443_-122.32094856343988.png,"zJ2BvG2bdKEmJ6ZH0LYV8w,47.598339,-122.320809,.jpg"
satellite_47.58947195545322_-122.32921811537291.png,"r3iELz4xszogSOId9AkPGA,47.589326,-122.329169,.jpg"
satellite_47.5701156807476_-122.30927390188737.png,"PzMW0WrSJq7OUi9id-ASDw,47.570085,-122.309062,.jpg"
satellite_47.58094207168464_-122.31024679035008.png,"YRFSNi5HGHH1xq7yNWk1sw,47.581011,-122.310116,.jpg"
satellite_47.58192628904255_-122.30295012687975.png,"3XcATM4MUsLEnT1Djf2iwQ,47.581934,-122.302952,.jpg"
satellite_47.598001839221794_-122.32094856343988.png,"O-08MWag7AA_vaA4cs0MiQ,47.597934,-122.320987,.jpg"
satellite_47.608172085253564_-122.30051790572298.png,"5RnZNdUThyaO5225LiKg5w,47.608030,-122.300432,.jpg"
satellite_47.57667712980035_-122.2980856845662.png,"tUFevwS4-X8Z6g-M1qp2-g,47.576569,-122.298236,.jpg"
satellite_47.6206388384538_-122.2961399076408.png,"ZR9A_LiCl6otiw716WLmjw,47.620666,-122.296118,.jpg"
satellite_47.580613999232_-122.29176190955859.png,"UpqgmxZVrrByyTYKl_h07A,47.580572,-122.291949,.jpg"
satellite_47.61046859242203_-122.31024679035008.png,"C07cqTQSIn0cnJwJMyi0Pg,47.610374,-122.310064,.jpg"
satellite_47.580613999232_-122.31170612304413.png,"n4fTP0KC1Lvmo2Bg4HDdnw,47.580773,-122.311518,.jpg"
satellite_47.57897363696881_-122.29030257686453.png,"RwZC74oUaIk3Yw0LGbVY5g,47.578998,-122.290341,.jpg"
satellite_47.60029834639026_-122.29419413071537.png,"EwVoZE_pgkjkqEiovcOnig,47.600246,-122.294388,.jpg"
satellite_47.617686186380055_-122.29711279610349.png,"r-AvzQZJSXEfIl4oxkKwEQ,47.617786,-122.297279,.jpg"
satellite_47.57142797055815_-122.31948923074582.png,"8y63JfOHcRZFN5zNM75n6A,47.571454,-122.319594,.jpg"
satellite_47.596361476958606_-122.31705700958904.png,"uw6AubgrUIS9jCBAfChjlw,47.596299,-122.317293,.jpg"
satellite_47.60226678110609_-122.29030257686453.png,"MeHlR7afoggpDbRImS26MA,47.602236,-122.290490,.jpg"
satellite_47.57995785432673_-122.2873839114764.png,"UHP93LeuCxOsUu7Ja4YXsA,47.579950,-122.287605,.jpg"
satellite_47.59078424526377_-122.31073323458143.png,"DS-IMeIxvx2NvORYg3HfUA,47.590711,-122.310821,.jpg"
satellite_47.594393042242785_-122.3185163422831.png,"t8xSDPx37drtDNk8WM3Iaw,47.594306,-122.318327,.jpg"
satellite_47.6006264188429_-122.28787035570775.png,"T7vum_9Q50I7bSP-xV7uaA,47.600677,-122.287926,.jpg"
satellite_47.58717544828475_-122.30538234803653.png,"YURnzvI8DIroSCmM_vkh5Q,47.587164,-122.305187,.jpg"
satellite_47.59734569431652_-122.29516701917808.png,"vI9s6nt6DXEHLP-BvbyOuw,47.597278,-122.295105,.jpg"
satellite_47.596033404505974_-122.31073323458143.png,"UAMK85S0CnNGqYk0fcETpQ,47.595985,-122.310954,.jpg"
satellite_47.55994543471583_-122.31754345382039.png,"DMH7FFJZAkDaKx-j7pN5VA,47.559836,-122.317765,.jpg"
satellite_47.60226678110609_-122.29516701917808.png,"aXq2wI2WLS_WLbj4jKqUNw,47.602110,-122.294932,.jpg"
satellite_47.61407738940105_-122.29759924033485.png,"bUFeGMVMn6uZZigMm1HSYw,47.614162,-122.297518,.jpg"
satellite_47.57077182565287_-122.29224835378994.png,"obuAkYfbnKKi0rMU-bOSkg,47.570716,-122.292288,.jpg"
satellite_47.574380622631885_-122.32094856343988.png,"dOcUvlGhawnYFsu4UZfmlw,47.574251,-122.320997,.jpg"
satellite_47.607187867895654_-122.28835679993911.png,"8ASmOl8bKdTqhsIwi7ASPA,47.607263,-122.288368,.jpg"
satellite_47.618014258832694_-122.28835679993911.png,"cnrjRFPO0Qk7tX_CJugcVA,47.617983,-122.288336,.jpg"
satellite_47.57864556451617_-122.31365189996956.png,"wjcgyZ2l6AdFuIcCC8MWRg,47.578646,-122.313460,.jpg"
satellite_47.55961736226319_-122.33262322499239.png,"fuVUTcFYjmv_oPa6rt1TPg,47.559598,-122.332509,.jpg"
satellite_47.56650688376858_-122.32678589421613.png,"112meHQgBVIOsxyjmu11Rg,47.566436,-122.326574,.jpg"
satellite_47.61210895468522_-122.31170612304413.png,"cmoJgZAsPlJ5uAEzHUJDew,47.611957,-122.311484,.jpg"
satellite_47.57634905734771_-122.30440945957382.png,"oX9jI9JVVMiGKPoN9P9vqQ,47.576236,-122.304355,.jpg"
satellite_47.57208411546342_-122.31511123266363.png,"Ws3UHh4ngTkomaa7cr3uOw,47.572221,-122.314949,.jpg"
satellite_47.606203650537736_-122.32435367305936.png,"WDPC-p-e_ye_GfR3i66IOw,47.606134,-122.324524,.jpg"
satellite_47.58127014413728_-122.31948923074582.png,"aQiws2Sg8or8UINaEK0lkg,47.581430,-122.319612,.jpg"
satellite_47.59078424526377_-122.32970455960427.png,"63HbxkdTCn3HEPQ_4eTklA,47.590652,-122.329923,.jpg"
satellite_47.584550868663655_-122.29662635187213.png,"wCwI-I3359PnIJDzjPET3g,47.584568,-122.296428,.jpg"
satellite_47.56027350716847_-122.30732812496194.png,"yQdQlKSoRUrPYM1X0sWcWg,47.560437,-122.307264,.jpg"
satellite_47.60357907091664_-122.33067744806698.png,"EmueTeZON2sGwDQC83ODXg,47.603646,-122.330692,.jpg"
satellite_47.57667712980035_-122.29176190955859.png,"sG7t5w9pUAJ14-J2Zj58FA,47.576616,-122.291982,.jpg"
satellite_47.56388230414748_-122.29176190955859.png,"D8dzSiNA74Kd6O2ouVgeTA,47.563915,-122.291531,.jpg"
satellite_47.60226678110609_-122.31511123266363.png,"lqlpr2kBEYf0VFhuMBt1bw,47.602251,-122.314940,.jpg"
satellite_47.584550868663655_-122.29176190955859.png,"zwwdsR2wnHrX_vSFCkT2_w,47.584574,-122.291947,.jpg"
satellite_47.584550868663655_-122.32046211920853.png,"5NX9mE6GBaIxAENTCEby3A,47.584533,-122.320265,.jpg"
satellite_47.57766134715826_-122.28981613263318.png,"LJpZ7bWHDUqwt8B5oQOf5w,47.577724,-122.289834,.jpg"
satellite_47.59308075243223_-122.30684168073059.png,"Yx_kAItCnGBL2mXbHx1ShQ,47.593051,-122.306808,.jpg"
satellite_47.5779894196109_-122.32046211920853.png,"mOZ41BeeyLLQ-i8lieS4Tw,47.577944,-122.320282,.jpg"
satellite_47.616373896569506_-122.30684168073059.png,"dVKVuFDUP1vVfBGDnqlMhQ,47.616439,-122.306612,.jpg"
satellite_47.60292292601136_-122.30635523649924.png,"OLxJ34a6bT2W7S_qrjGQnA,47.602878,-122.306364,.jpg"
satellite_47.61046859242203_-122.30976034611872.png,"y-Wx_Utoh3QHmFPEJ_cmog,47.610372,-122.309683,.jpg"
satellite_47.576020984895074_-122.29662635187213.png,"kkuv7pAQx5mQ-aqaVoWJUA,47.576157,-122.296411,.jpg"
satellite_47.61899847619061_-122.29954501726027.png,"322IFjw5Qye41PBLnCa1EQ,47.618924,-122.299552,.jpg"
satellite_47.59734569431652_-122.31657056535768.png,"fx01AUmO-GuqbcfVvK4isA,47.597487,-122.316752,.jpg"
satellite_47.60357907091664_-122.30489590380517.png,"WxyEiO7LGDMQJnGZf0_69A,47.603518,-122.304882,.jpg"
satellite_47.60357907091664_-122.33505544614917.png,"-xtHjj_riP5ITkVL11CglA,47.603440,-122.335184,.jpg"
satellite_47.575692912442435_-122.33019100383562.png,"UFFGaUb7ilgmuf2YxEkfCw,47.575739,-122.330031,.jpg"
satellite_47.60456328827455_-122.30440945957382.png,"sthcYcOcPuzA4fnsOX_wdQ,47.604691,-122.304405,.jpg"
satellite_47.55863314490528_-122.28981613263318.png,"D_2eg0eenHcLgogqWVAZ8Q,47.558678,-122.289979,.jpg"
satellite_47.58947195545322_-122.33748766730594.png,"Gk4-9eoK7ed3ugmZ9XkA7g,47.589583,-122.337279,.jpg"
satellite_47.59832991167443_-122.33067744806698.png,"L0tgHF0nFy1jlpEY69rzTQ,47.598417,-122.330753,.jpg"
satellite_47.595705332053335_-122.32775878267884.png,"17Nd3joPjg2PITolJpSFZw,47.595804,-122.327619,.jpg"
satellite_47.606531722990375_-122.28835679993911.png,"0zkf1zWmsiQtAf1n2h195A,47.606415,-122.288369,.jpg"
satellite_47.58356665130574_-122.29711279610349.png,"WrNGEPBxy_32pWDfG5sXuQ,47.583638,-122.297347,.jpg"
satellite_47.60981244751675_-122.31267901150684.png,"pdaHu01gNP6daEOfMG-2Nw,47.609758,-122.312860,.jpg"
satellite_47.57503676753716_-122.3078145691933.png,"zmevsNHJtVxZhVaox4GBaA,47.575157,-122.308033,.jpg"
satellite_47.59997027393762_-122.32873167114155.png,"xbOYv450gEisr2nZSbedPA,47.600079,-122.328579,.jpg"
satellite_47.5884877380953_-122.31511123266363.png,"zU9MOueH4l2bmdsvG6_OjA,47.588404,-122.314875,.jpg"
satellite_47.57667712980035_-122.30295012687975.png,"PmVgUH24yR-xcHwLw5FRSw,47.576724,-122.302853,.jpg"
satellite_47.606531722990375_-122.29662635187213.png,"drVosDKyD50EVwIoGEsPrg,47.606521,-122.296690,.jpg"
satellite_47.575692912442435_-122.29759924033485.png,"DO9rRikP26eWt-6qeV8Prg,47.575845,-122.297684,.jpg"
satellite_47.617686186380055_-122.29954501726027.png,"6-GO77jmVK0OYgWb_q7ELA,47.617644,-122.299453,.jpg"
satellite_47.58717544828475_-122.29370768648401.png,"2vND4DAYoZFqj6N8JI3xGg,47.587273,-122.293785,.jpg"
satellite_47.5927526799796_-122.29565346340944.png,"6Ii7qJNbNuFH8ah_yy2dTA,47.592811,-122.295507,.jpg"
satellite_47.56781917357913_-122.30684168073059.png,"road9-XT2YQRCbji_LuJNA,47.567806,-122.306946,.jpg"
satellite_47.61309317204313_-122.29759924033485.png,"_PTu22aVka2lR5lwNRG9Tg,47.613031,-122.297530,.jpg"
satellite_47.59734569431652_-122.3228943403653.png,"D1rPVCbH_s40TGFfZH5LyA,47.597315,-122.323113,.jpg"
satellite_47.58717544828475_-122.30489590380517.png,"dUSWjIIcvVNbtwwGMQ40pA,47.587142,-122.304784,.jpg"
satellite_47.55896121735791_-122.30392301534246.png,"aZ2YSK6iN5CgCc1ByBnntA,47.558828,-122.304151,.jpg"
satellite_47.605547505632465_-122.3282452269102.png,"-Ot1rHrF1jVz1xP9uEz8dA,47.605692,-122.328296,.jpg"
satellite_47.617686186380055_-122.30635523649924.png,"8LNgjUpUvP2vSmAAsQf8Ag,47.617712,-122.306120,.jpg"
satellite_47.60357907091664_-122.3024636826484.png,"_Bt31CFzndtzZEzDb1vBMQ,47.603443,-122.302493,.jpg"
satellite_47.60095449129554_-122.32143500767124.png,"EaA0hjDOz8n83VpN-7EU7Q,47.600870,-122.321593,.jpg"
satellite_47.595377259600696_-122.29857212879756.png,"TVYORPxRIlKNdzjys_36EA,47.595539,-122.298638,.jpg"
satellite_47.58783159319003_-122.33019100383562.png,"ylE5tLniWBCbQzQfpW_uRQ,47.587736,-122.329988,.jpg"
satellite_47.61735811392742_-122.33067744806698.png,"pEKZwn75TYGOBiIingZRIw,47.617441,-122.330565,.jpg"
satellite_47.59997027393762_-122.32727233844749.png,"bCthiOUT4Xzhnq5KEAUKew,47.599852,-122.327335,.jpg"
satellite_47.62031076600116_-122.2980856845662.png,"4JvBdsDGmkoyClwibUvYgA,47.620178,-122.298185,.jpg"
satellite_47.586847375832114_-122.32338078459665.png,"Gb_EzsPmGmF19MX8bbTnIg,47.586972,-122.323577,.jpg"
satellite_47.594393042242785_-122.31219256727549.png,"9Ib2rp5mV52Y-Mwf2a_igA,47.594288,-122.311967,.jpg"
satellite_47.60751594034829_-122.31559767689498.png,"76zlshwnot4bmWcIvQ1b3g,47.607624,-122.315504,.jpg"
satellite_47.59997027393762_-122.32629944998479.png,"_PhVIavVD2TYxh4whmZp2Q,47.600053,-122.326365,.jpg"
satellite_47.617030041474784_-122.32727233844749.png,"Hwyth42crdYAnVWcemUOdQ,47.616890,-122.327434,.jpg"
satellite_47.56913146338968_-122.32143500767124.png,"-rOeEJOo-WZg90OJ2EFsOQ,47.569243,-122.321296,.jpg"
satellite_47.60981244751675_-122.29127546532725.png,"XIuLGXmtchFX9KTJGoAOwg,47.609730,-122.291490,.jpg"
satellite_47.59997027393762_-122.28981613263318.png,"DjD1Np8qbxzqdr8njJ25fA,47.599845,-122.289873,.jpg"
satellite_47.58980002790585_-122.31754345382039.png,"Ius6E3LTQMcnB4DdvTUfdg,47.589674,-122.317323,.jpg"
satellite_47.60161063620081_-122.32484011729072.png,"qJaflBAwdd0Lq8d-Ev-nhw,47.601705,-122.324879,.jpg"
satellite_47.6085001577062_-122.3228943403653.png,"ZtqYFoPzsQ2ZOWkGvz-Jhg,47.608598,-122.322960,.jpg"
satellite_47.60390714336928_-122.33797411153729.png,"oinMnVspGrn3WC2WfJQ0gw,47.603983,-122.338083,.jpg"
satellite_47.60948437506411_-122.33748766730594.png,"5dXfAoOxZtZ7t2e-nsG17A,47.609477,-122.337586,.jpg"
satellite_47.62129498335907_-122.31462478843227.png,"_lz63PyJJ6IKGZ5B3qiHLQ,47.621145,-122.314771,.jpg"
satellite_47.59176846262168_-122.30051790572298.png,"aF1FRkYbpBp-c0Wx7cP49w,47.591661,-122.300684,.jpg"
satellite_47.61145280977994_-122.2980856845662.png,"ULK6GWKsVM1gF34DAqjtjw,47.611560,-122.297965,.jpg"
satellite_47.598001839221794_-122.33554189038053.png,"hycWY9eot1BFUCyqhsqMyg,47.598087,-122.335563,.jpg"
satellite_47.595705332053335_-122.29078902109589.png,"gLi-KZqL7MDsS-zjf-DSTQ,47.595761,-122.291008,.jpg"
satellite_47.59931412903235_-122.30100434995434.png,"_-wPNwwXBDyad1BvJiPxEA,47.599306,-122.301238,.jpg"
satellite_47.61473353430632_-122.31948923074582.png,"taPd20FUmcs2_zMrMVAlCQ,47.614605,-122.319514,.jpg"
satellite_47.603250998464_-122.3078145691933.png,"oZpN8VrbnLA60YEIXdHikA,47.603165,-122.307686,.jpg"
satellite_47.615389679211596_-122.31511123266363.png,"85RHmrUDDzUX-vIO8YxNoQ,47.615264,-122.315209,.jpg"
satellite_47.56945953584232_-122.32386722882801.png,"7D8V9jdDgMKqh_MNeUTVTA,47.569597,-122.324073,.jpg"
satellite_47.59472111469542_-122.29078902109589.png,"bgv1e1_P97EVcIWpKV3C6w,47.594570,-122.290916,.jpg"
satellite_47.586519303379475_-122.30976034611872.png,"uIoCyu453VrqVdunrC9wpw,47.586361,-122.309913,.jpg"
satellite_47.57930170942145_-122.33213678076103.png,"iQuSVIQKMNm7-7NqGHvKtQ,47.579451,-122.332199,.jpg"
satellite_47.5884877380953_-122.29905857302892.png,"LTdXiUSA4d8JlBeh3owGRA,47.588400,-122.299127,.jpg"
satellite_47.58947195545322_-122.33213678076103.png,"Vawov5U6dBmBx9oJetxtDg,47.589465,-122.332314,.jpg"
satellite_47.574380622631885_-122.33748766730594.png,"4s6sRlSmcdkbj530SV8ePw,47.574386,-122.337547,.jpg"
satellite_47.56913146338968_-122.33408255768646.png,"24BD4VSpdtGkc9JbZIZ2PQ,47.569093,-122.334216,.jpg"
satellite_47.57208411546342_-122.32046211920853.png,"TY1vIkukWcfTcOxUGKWfgA,47.572245,-122.320255,.jpg"
satellite_47.59209653507432_-122.3131654557382.png,"2IsR8ONwqR9ORrLI2NfCXQ,47.591997,-122.313308,.jpg"
satellite_47.61735811392742_-122.31705700958904.png,"UjBYK4lso40uZiXaMhiCGw,47.617260,-122.316860,.jpg"
satellite_47.59767376676916_-122.3228943403653.png,"iOY4yc1E8i-vIrJjqMvb3A,47.597646,-122.323120,.jpg"
satellite_47.596361476958606_-122.31413834420091.png,"jfmVhYCrrbO7Ojsj26mKsA,47.596492,-122.314039,.jpg"
satellite_47.58881581054794_-122.33846055576865.png,"9QsFfcxDpnpU9VNKts8znw,47.588659,-122.338236,.jpg"
satellite_47.59898605657971_-122.30051790572298.png,"oXhUIQIBaqqZhIZvfV-ydw,47.599041,-122.300727,.jpg"
satellite_47.598001839221794_-122.28981613263318.png,"y-JDxzwhv7Wskqq9h5QiwA,47.597905,-122.289632,.jpg"
satellite_47.60259485355873_-122.31900278651446.png,"1_lrzrTyqWkinmHmSQMX3w,47.602676,-122.319002,.jpg"
satellite_47.565850738863304_-122.29176190955859.png,"sZ_7YBmzQDaEOvoeChaZlg,47.565885,-122.291526,.jpg"
satellite_47.55928928981055_-122.28835679993911.png,"ALGA4CeZQNYe3UBrl3XnDQ,47.559222,-122.288240,.jpg"
satellite_47.575692912442435_-122.32629944998479.png,"BRb0hUZvxZcd9FuhOazuyA,47.575627,-122.326160,.jpg"
satellite_47.57995785432673_-122.33213678076103.png,"jugnjNRh0mwZYQOMl_rtEw,47.579873,-122.332117,.jpg"
satellite_47.6006264188429_-122.32873167114155.png,"Zsao0awNM-3_l4dF9zmmyA,47.600722,-122.328641,.jpg"
satellite_47.60292292601136_-122.32921811537291.png,"f5XFfoZY7ZM8-9EzNt_rgQ,47.602792,-122.329026,.jpg"
satellite_47.615389679211596_-122.32970455960427.png,"YxFDiYonnelavhkYDDGPqA,47.615304,-122.329504,.jpg"
satellite_47.61735811392742_-122.31948923074582.png,"t7iWXmEs9wUXbuIojG6feQ,47.617457,-122.319319,.jpg"
satellite_47.55830507245264_-122.3228943403653.png,"2Dk4sAwOlvKIZmPHM8Dxlg,47.558320,-122.323101,.jpg"
satellite_47.618342331285334_-122.32484011729072.png,"OJhFwj4MzfGmvz48g1j5Lg,47.618490,-122.324812,.jpg"
satellite_47.57208411546342_-122.30100434995434.png,"V8v4Ov-xQA5idF-tS9ZUVw,47.572185,-122.300956,.jpg"
satellite_47.59078424526377_-122.31608412112634.png,"4WJzpgLgyVKQBFt09crHBw,47.590902,-122.315997,.jpg"
satellite_47.61899847619061_-122.32094856343988.png,"-0G8r2IqU9ifDdMeK_l0Lw,47.619107,-122.320830,.jpg"
satellite_47.60161063620081_-122.32678589421613.png,"52kdJxPFxOqS8zwYUpuCEw,47.601693,-122.326669,.jpg"
satellite_47.57831749206354_-122.29127546532725.png,"YXAR0QxNaeqM2MlMJEB2Qg,47.578334,-122.291192,.jpg"
satellite_47.619326548643244_-122.29565346340944.png,"bOSNV1uLKpesd8o3lmmJnw,47.619227,-122.295475,.jpg"
satellite_47.59767376676916_-122.29759924033485.png,"LovPxPCAlH6tjLmUAAZAMg,47.597706,-122.297444,.jpg"
satellite_47.60751594034829_-122.29662635187213.png,"BZgSHKW_0DoWlc1DxhrOZg,47.607395,-122.296800,.jpg"
satellite_47.60915630261148_-122.32873167114155.png,"0vkaBcmBXpUBeSzR-fJzMQ,47.609175,-122.328836,.jpg"
satellite_47.57208411546342_-122.32921811537291.png,"xd7b3gZiP0RgTxKrrDRRxA,47.572176,-122.328985,.jpg"
satellite_47.606203650537736_-122.28787035570775.png,"4XzCKL_965xuiR8arIZ3cA,47.606334,-122.287718,.jpg"
satellite_47.56978760829496_-122.32873167114155.png,"ac7QW3g-5v-FKJIjMOVtMw,47.569723,-122.328553,.jpg"
satellite_47.55896121735791_-122.30976034611872.png,"lUrv_w5WDfWp5s3Rc_6Qhg,47.559036,-122.309754,.jpg"
satellite_47.57995785432673_-122.3335961134551.png,"1XTJJoSWPDcWwv2wWeMBLw,47.579843,-122.333803,.jpg"
satellite_47.58389472375838_-122.29030257686453.png,"WefM3ckUEhUmam0Kd-RMsg,47.584019,-122.290433,.jpg"
satellite_47.60292292601136_-122.32581300575343.png,"2Gyn5v-WSg7XNj5vecZ6oQ,47.602805,-122.325713,.jpg"
satellite_47.562898086789566_-122.32678589421613.png,"Sh_CYihJ_Zk-kp53OFjxcQ,47.562981,-122.326675,.jpg"
satellite_47.61440546185368_-122.31802989805175.png,"6T1fBfpEQvtlOOaiRSyI_A,47.614334,-122.318180,.jpg"
satellite_47.58980002790585_-122.31073323458143.png,"HzYts8MU_DRajODf4TgKbQ,47.589665,-122.310534,.jpg"
satellite_47.57962978187409_-122.32775878267884.png,"zb7MG5lk2rW1lJnSRNW-wQ,47.579595,-122.327556,.jpg"
satellite_47.57667712980035_-122.29419413071537.png,"NXXlBLbRRltx4uKensEY9Q,47.576743,-122.294198,.jpg"
satellite_47.563226159242205_-122.29759924033485.png,"Ctx1kMAMYCOUZf6GBJH5LA,47.563078,-122.297396,.jpg"
satellite_47.60882823015884_-122.30489590380517.png,"Uumi9o4xqOMPlrmf3c27KQ,47.608752,-122.305043,.jpg"
satellite_47.617030041474784_-122.32921811537291.png,"Cx9EGcvXbg86Cyip03L5Qg,47.617051,-122.329321,.jpg"
satellite_47.573068332821336_-122.31948923074582.png,"VIPbaRt4vGyGl9B90M5qyA,47.573076,-122.319446,.jpg"
satellite_47.59931412903235_-122.29030257686453.png,"shzVe77hBNcWtwfJ-5mcvw,47.599433,-122.290117,.jpg"
satellite_47.61440546185368_-122.28787035570775.png,"dzyHhIMEvahJbTM-QJtz1A,47.614471,-122.287633,.jpg"
satellite_47.56781917357913_-122.31559767689498.png,"LunCdkTOqlP7Bg8lBl_TlA,47.567869,-122.315357,.jpg"
satellite_47.59832991167443_-122.29516701917808.png,"V9Ce7EuA2MV0yYOTbtRg1A,47.598351,-122.295066,.jpg"
satellite_47.58914388300058_-122.30051790572298.png,"Y0lfeibeKxhFqXpMwU1XyQ,47.589221,-122.300586,.jpg"
satellite_47.57864556451617_-122.33019100383562.png,"VonUCTeY5CVoROToalM54w,47.578798,-122.329979,.jpg"
satellite_47.607187867895654_-122.32484011729072.png,"ISGMFPve4fGE7Y11jIqlwA,47.607198,-122.324693,.jpg"
satellite_47.606859795443015_-122.32921811537291.png,"wzH7tM55xpiyp5b1ZUGXrQ,47.606849,-122.329196,.jpg"
satellite_47.60456328827455_-122.30635523649924.png,"tgVeHDyevlQ8uqv3R-qgPQ,47.604557,-122.306359,.jpg"
satellite_47.607187867895654_-122.31608412112634.png,"XEm61JW-3q3G6yenq2AtNQ,47.607139,-122.316227,.jpg"
